,,n_on,n_on,slope_off,slope_off,slope_on,slope_on
period,,Pre-holdout,Holdout,Pre-holdout,Holdout,Pre-holdout,Holdout
signal,state,,,,,,
Raw attention,High rates,27.0,47.0,-0.06331958479013985,,0.25545215500179824,
Raw attention,Rising rates (12m),140.0,35.0,0.0025896456885412047,-0.2204045163970967,-0.05887789297687734,0.17308152847053002
Raw attention,Oil up (12m),203.0,17.0,0.11827392192295783,0.13863312483031798,-0.15384913640358483,0.0006980194497129763
Raw attention,High inflation,129.0,43.0,0.05586011077893918,,-0.12406041033281925,
Raw attention,Weak activity (CFNAI<0),162.0,39.0,-0.022582914190807893,,-0.02789681408581762,
Raw attention,Supply-chain stress (GSCPI>0),103.0,19.0,0.02627449616047308,0.26242289633013594,-0.12919778225205047,-1.1333434593826077
Purified attention,High rates,27.0,45.0,-0.035679854992577684,,0.2424155407434459,
Purified attention,Rising rates (12m),140.0,35.0,0.013301806051228451,,-0.026702466676667,
Purified attention,Oil up (12m),203.0,17.0,0.1316469972629288,0.13035035317711793,-0.11709397221947127,0.10519774449949887
Purified attention,High inflation,129.0,42.0,0.076814895729332,,-0.1097924779996144,
Purified attention,Weak activity (CFNAI<0),162.0,37.0,-0.0016322171581648857,,-0.010092866158801197,
Purified attention,Supply-chain stress (GSCPI>0),103.0,19.0,0.03564165890054593,0.26644665112852056,-0.06929749913535177,-0.8584236250455985
