,D
1995-02-28,0.001800873192535084
1995-03-31,-0.0003584985448025719
1995-04-30,-0.00756911036344679
1995-05-31,-0.011112895750766245
1995-06-30,0.00353859143418376
1995-07-31,0.010058810537163627
1995-08-31,-0.009975258228463967
1995-09-30,-0.009107834878261039
1995-10-31,-0.0003507635847061156
1995-11-30,-0.003415565277630808
1995-12-31,0.0008467315196956484
1996-01-31,0.00098726092207358
1996-02-29,0.0032567738607513323
1996-03-31,-0.0018874038813558036
1996-04-30,0.0012809472969429526
1996-05-31,-0.016859391023083457
1996-06-30,-0.003376390432872047
1996-07-31,-0.002535255020477068
1996-08-31,-0.0014337950646591009
1996-09-30,0.0005031004474181475
1996-10-31,0.001140308094273814
1996-11-30,0.0029476839187780914
1996-12-31,0.011548297988517382
1997-01-31,0.0012024611770622643
1997-02-28,0.001854858998423619
1997-03-31,-0.0009435096710612356
1997-04-30,0.000550594859746855
1997-05-31,0.0007380284936936801
1997-06-30,0.001319211130076904
1997-07-31,-0.0039418734344841555
1997-08-31,0.0049787395199650045
1997-09-30,0.0007803908379778557
1997-10-31,0.0043263314059458595
1997-11-30,-0.00049009157416604
1997-12-31,0.001025435924022055
1998-01-31,0.0016261162897898028
1998-02-28,0.001170465063755813
1998-03-31,0.0012703046749306304
1998-04-30,0.0023118833281221968
1998-05-31,-0.004330083025787677
1998-06-30,-0.042817868611326804
1998-07-31,-0.0182425948965165
1998-08-31,0.022235732217383095
1998-09-30,-0.0013472392958044509
1998-10-31,-0.008283084683353606
1998-11-30,0.004277756728234508
1998-12-31,0.0074086281515241825
1999-01-31,0.0017623197362900186
1999-02-28,-0.0019192992100537758
1999-03-31,-0.004640931864110739
1999-04-30,0.043465382903274244
1999-05-31,-0.00028786456421334497
1999-06-30,0.0025131783564315315
1999-07-31,-0.0019949846911439997
1999-08-31,-0.00023618893197282684
1999-09-30,0.003121273601176748
1999-10-31,0.00445161225247076
1999-11-30,0.004671669493347869
1999-12-31,0.00022730138716041772
2000-01-31,0.002293240887242967
2000-02-29,0.007756360365148776
2000-03-31,-0.000737398932606971
2000-04-30,0.034357053433543575
2000-05-31,-0.0009118131367493595
2000-06-30,-0.011226187624060193
2000-07-31,-0.0054477038971968705
2000-08-31,0.022062394243625667
2000-09-30,0.0013458242263287043
2000-10-31,0.009729784482165825
2000-11-30,-0.0009653282116190943
2000-12-31,0.002578281494295325
2001-01-31,0.003996361863308259
2001-02-28,0.0018355292696222106
2001-03-31,0.0028350591481281773
2001-04-30,-0.004537577839873436
2001-05-31,0.0014998350693062037
2001-06-30,0.002761321440764653
2001-07-31,0.0007510590349164453
2001-08-31,-0.0017217092405522275
2001-09-30,0.0033229674303022257
2001-10-31,-0.003112472898882522
2001-11-30,0.0023658946867965887
2001-12-31,0.0002043163785100271
2002-01-31,-0.0010791647540217934
2002-02-28,-0.003047780446501421
2002-03-31,0.0003809573584132092
2002-04-30,-0.0007976824446684276
2002-05-31,0.0003755014777147795
2002-06-30,-0.0041203469001795424
2002-07-31,0.0022324054697654225
2002-08-31,0.00507484800913148
2002-09-30,0.00044645589171726785
2002-10-31,0.0029218352277085597
2002-11-30,-0.0014942965825498582
2002-12-31,0.0034675739042373437
2003-01-31,-0.010077816909777193
2003-02-28,-0.0006751691039570359
2003-03-31,0.0014757189504930584
2003-04-30,0.0007351039744368649
2003-05-31,-0.002738885056619362
2003-06-30,-0.0012816565422011893
2003-07-31,-0.0015174189907876017
2003-08-31,-0.0015505657417088292
2003-09-30,0.0020423438203900617
2003-10-31,-0.0007316835223572403
2003-11-30,0.002130203474024813
2003-12-31,-0.003835415025885268
2004-01-31,0.003277628393307157
2004-02-29,-0.000296711173211223
2004-03-31,0.0008546700347059665
2004-04-30,-0.0035647717703515755
2004-05-31,-0.001365207837121886
2004-06-30,-0.002764870655849268
2004-07-31,-0.0015556994550278607
2004-08-31,-0.00039266900146983055
2004-09-30,-0.0015487676940907705
2004-10-31,-0.009259218136552493
2004-11-30,0.007373538013405808
2004-12-31,0.00177898753705176
2005-01-31,-0.0018058269173647614
2005-02-28,-0.0006407900167864971
2005-03-31,0.0001525406081930268
2005-04-30,-0.0002658121154242921
2005-05-31,0.0014080162420026642
2005-06-30,0.002415343766270858
2005-07-31,-0.0027691409626743376
2005-08-31,-8.842100820866095e-05
2005-09-30,-0.003118397932208578
2005-10-31,0.003655149026439807
2005-11-30,-0.0009041923490052143
2005-12-31,-0.0022837900492387233
2006-01-31,-0.0017014903067843175
2006-02-28,-0.0034954939463651222
2006-03-31,-0.0012821602278722992
2006-04-30,-0.0030535497376855455
2006-05-31,0.0005211782278630775
2006-06-30,-0.00016480483028925516
2006-07-31,0.003505349697371726
2006-08-31,0.001509676831300843
2006-09-30,0.00042649441071652733
2006-10-31,-0.0015456715727358858
2006-11-30,-0.004332427238743549
2006-12-31,0.004365041559014082
2007-01-31,0.01857338877722459
2007-02-28,0.014003546232277054
2007-03-31,-0.003792743878151898
2007-04-30,-0.002950559948923877
2007-05-31,-0.0031136532079998475
2007-06-30,0.0019904676628730265
2007-07-31,-0.007566623151107142
2007-08-31,0.0021781818121133917
2007-09-30,-0.004049360320962817
2007-10-31,-0.003498109990997216
2007-11-30,-0.0017643488069870126
2007-12-31,-0.001316302558600246
2008-01-31,0.00035820973460634967
2008-02-29,-0.0032165967561563653
2008-03-31,-0.0015982876882595703
2008-04-30,-0.0032156323680617594
2008-05-31,-0.002558340037865323
2008-06-30,-0.00030899469894835985
2008-07-31,0.004434501346897494
2008-08-31,0.0018316361106794337
2008-09-30,0.009460093489175828
2008-10-31,0.0009317543948732286
2008-11-30,-0.00195789101345575
2008-12-31,-0.005880145460993101
2009-01-31,-0.0003723737937068206
2009-02-28,-0.029992112041667903
2009-03-31,0.005868930208133522
2009-04-30,-0.008505577996270546
2009-05-31,0.0006241557550727373
2009-06-30,0.0012543173750244893
2009-07-31,0.0010703975323223952
2009-08-31,-0.002752602322303852
2009-09-30,0.000688271360251074
2009-10-31,0.0018348114923675213
2009-11-30,4.638011342642051e-06
2009-12-31,-0.0023182815457652942
