,coef,t NW(6),p NW(6),t NW(12),p NW(12)
alpha,-0.00015152760688382858,-0.2660916237195144,0.7904818871702014,-0.2871756881576781,0.7743175549016815
Mkt-RF,0.05165910761745134,0.9874822759742267,0.3247696070308809,0.9944869628092824,0.3213589365819772
SMB,0.03487282303946046,1.522221081289748,0.12975860468937428,1.4667675490156729,0.14423402996484272
HML,0.145041975223944,2.2776471209453395,0.023957292262049106,2.095565138421773,0.03755969728812508
RMW,-0.028032594728349257,-1.2587116584017268,0.2098110564885751,-1.274837745330021,0.20405669356009104
CMA,0.025126242990973723,0.8239081175212601,0.411113231179353,0.863105708943635,0.38926067246814483
UMD,-0.004237592666611322,-0.37486557269371296,0.70821434190974,-0.4214200269140469,0.673965560724165
BOND,0.09438631962325447,1.337283678032106,0.18286562186313082,1.313919326089507,0.19059312310559115
WTI,-0.0010463489323398146,-0.1524362167409678,0.8790185014691008,-0.1648672763776846,0.8692387337666585
dVIX,0.0009937818503025818,1.5694850940981266,0.11834129771473118,1.5144483244216438,0.13171620759204689
dlogEMV,0.004339747191213424,1.739606190509495,0.08368639147250163,1.8346271951812632,0.0682588798112848
I*Mkt-RF,-0.04783632183042602,-0.8278331684232105,0.4088924790262924,-0.8150084170217792,0.416175264941536
I*HML,-0.1426933722785414,-2.3593442985946007,0.019409776554855852,-2.1685207774097406,0.03146886402814812
I*BOND,-0.08890985901323462,-1.1996966600402295,0.23187887284718112,-1.1762888948245467,0.24107707668858422
I*dVIX,-0.0008457729968065602,-1.2487520022701895,0.2134237041245767,-1.2058081804662313,0.22951923847174854
