run,term,coef_v2,coef_ref,t6_v2,t6_ref,t12_v2,t12_ref,p6_v2,p6_ref,contrib_v2,contrib_ref,coef_absdiff,t6_absdiff,t12_absdiff,p6_absdiff,contrib_absdiff
r2_test_nonzero,alpha,-0.0001515276068838,-0.00015152760688379166,-0.2660916237195144,-0.26609162371943734,-0.2871756881576783,-0.2871756881575953,0.7904818871702013,0.7904818871702605,-0.0001515276068838,-0.00015152760688379166,8.348356728138384e-18,7.704947790898586e-14,8.298917109073045e-14,5.917488721252084e-14,8.348356728138384e-18
r2_test_nonzero,Mkt-RF,0.0516591076174512,0.051659107617413144,0.9874822759742256,0.9874822759739654,0.9944869628092802,0.9944869628090204,0.3247696070308814,0.3247696070310086,0.0002247986851479,0.00022479868514776666,3.805289416902724e-14,2.601252546696742e-13,2.5979218776228663e-13,1.2717604747081168e-13,1.333297621614049e-16
r2_test_nonzero,SMB,0.0348728230394604,0.034872823039463506,1.5222210812897483,1.5222210812898846,1.4667675490156733,1.466767549015782,0.1297586046893742,0.1297586046893401,6.633178024453165e-05,6.633178024453333e-05,3.1086244689504383e-15,1.3633538742396922e-13,1.0880185641326534e-13,3.4083846855992306e-14,1.6805133673525319e-18
r2_test_nonzero,HML,0.1450419752239438,0.14504197522393966,2.2776471209453386,2.277647120945123,2.095565138421773,2.095565138421586,0.0239572922620491,0.023957292262062304,0.0005204716774088,0.00052047167740885,4.135580766728708e-15,2.1582735598713043e-13,1.8696155734687636e-13,1.3204715099135456e-14,5.0090140368830305e-17
r2_test_nonzero,RMW,-0.0280325947283492,-0.028032594728351883,-1.2587116584017255,-1.2587116584017612,-1.2748377453300197,-1.2748377453300122,0.2098110564885756,0.20981105648856263,-0.0001294958336477,-0.00012949583364775833,2.6818824938601438e-15,3.574918139293004e-14,7.549516567451064e-15,1.2961853812498703e-14,5.833007687972014e-17
r2_test_nonzero,CMA,0.0251262429909737,0.025126242990968346,0.8239081175212606,0.8239081175210992,0.8631057089436357,0.8631057089434686,0.4111132311793526,0.41111323117944415,8.298272356229484e-05,8.2982723562275e-05,5.353356646864427e-15,1.6142642778049776e-13,1.6708856520608606e-13,9.153788838034416e-14,1.984089975648473e-17
r2_test_nonzero,UMD,-0.0042375926666113,-0.004237592666612129,-0.3748655726937142,-0.37486557269377563,-0.4214200269140482,-0.4214200269141169,0.7082143419097389,0.7082143419096933,-2.032037199236624e-05,-2.0320371992366667e-05,8.291978215169138e-16,6.145084441300241e-14,6.872280522429719e-14,4.551914400963142e-14,4.2690460541616737e-19
r2_test_nonzero,BOND,0.0943863196232544,0.09438631962326968,1.3372836780321062,1.3372836780323605,1.3139193260895068,1.3139193260897428,0.1828656218631307,0.18286562186304797,0.0002300951366817,0.00023009513668179168,1.5279444376403717e-14,2.5424107263916085e-13,2.360334150353083e-13,8.273937091018979e-14,9.169639873796154e-17
r2_test_nonzero,WTI,-0.0010463489323398,-0.0010463489323402878,-0.1524362167409667,-0.15243621674104113,-0.1648672763776834,-0.1648672763777634,0.8790185014691017,0.879018501469043,-8.905648929500476e-06,-8.9056489295e-06,4.876741371839799e-16,7.444045380111675e-14,8.001932449985816e-14,5.861977570020827e-14,4.760325163569168e-19
r2_test_nonzero,dVIX,0.0009937818503025,0.000993781850302275,1.5694850940981238,1.5694850940979326,1.5144483244216418,1.514448324421516,0.1183412977147318,0.11834129771477633,3.972687367707317e-05,3.972687367705834e-05,2.250803710079907e-16,1.9118040484045196e-13,1.2589929099249275e-13,4.453382107527659e-14,1.4833240972317308e-17
r2_test_nonzero,dlogEMV,0.0043397471912134,0.004339747191213479,1.7396061905094946,1.739606190509565,1.8346271951812627,1.834627195181334,0.0836863914725017,0.08368639147248928,2.360736281548572e-06,2.3607362815486032e-06,7.892991815694472e-17,7.038813976123492e-14,7.127631818093505e-14,1.2420620087993939e-14,3.134021904840911e-20
r2_test_nonzero,I*Mkt-RF,-0.0478363218304259,-0.04783632183039023,-0.8278331684232088,-0.8278331684228784,-0.8150084170217775,-0.8150084170214509,0.4088924790262933,0.40889247902647996,-0.0001937622804247,-0.00019376228042456667,3.567285355998706e-14,3.304023721284466e-13,3.2662761384472105e-13,1.8668400159072007e-13,1.333297621614049e-16
r2_test_nonzero,I*HML,-0.1426933722785413,-0.14269337227853401,-2.3593442985946016,-2.359344298594382,-2.168520777409741,-2.1685207774095483,0.0194097765548558,0.019409776554866916,-0.0003810664057585,-0.00038106640575856667,7.271960811294775e-15,2.1938006966593093e-13,1.9273471707492718e-13,1.111610803405938e-14,6.667843360785852e-17
r2_test_nonzero,I*BOND,-0.0889098590132345,-0.08890985901324973,-1.1996966600402292,-1.199696660040478,-1.1762888948245465,-1.1762888948247705,0.2318788728471812,0.23187887284708497,-0.0002075957197096,-0.00020759571970969167,1.522393322517246e-14,2.4868995751603507e-13,2.240430063693566e-13,9.622858065938544e-14,9.16692936836494e-17
r2_test_nonzero,I*dVIX,-0.0008457729968065,-0.0008457729968062602,-1.2487520022701863,-1.2487520022699354,-1.20580818046623,-1.2058081804660283,0.2134237041245777,0.21342370412466938,-4.12919189313919e-05,-4.1291918931375e-05,2.398255205537936e-16,2.509104035652854e-13,2.0161650127192843e-13,9.16766662584223e-14,1.69000013636178e-17
r2_test_calendar,alpha,-0.0001551311593188,-0.00015152760688379166,-0.2487438707918238,-0.26609162371943734,-0.2731543382901594,-0.2871756881575953,0.8038701376834523,0.7904818871702605,-0.0001551311593188,-0.00015152760688379166,3.603552435008328e-06,0.017347752927613536,0.014021349867435917,0.013388250513191813,3.603552435008328e-06
r2_test_calendar,Mkt-RF,0.1001053673198244,0.051659107617413144,1.726623783581892,0.9874822759739654,1.9217751812428776,0.9944869628090204,0.0861182855890603,0.3247696070310086,0.0004737388640034,0.00022479868514776666,0.04844625970241126,0.7391415076079266,0.9272882184338572,0.23865132144194828,0.00024894017885563333
r2_test_calendar,SMB,0.0273014605840075,0.034872823039463506,1.2867088636533914,1.5222210812898846,1.3057123084779811,1.466767549015782,0.2000090746704169,0.1297586046893401,6.712498772637828e-05,6.633178024453333e-05,0.007571362455456004,0.23551221763649322,0.16105524053780096,0.07025046998107679,7.93207481844955e-07
r2_test_calendar,HML,0.170829772696081,0.14504197522393966,2.2443342924502323,2.277647120945123,2.134259618888469,2.095565138421586,0.0261485749107512,0.023957292262062304,0.000631879287721,0.00052047167740885,0.025787797472141327,0.03331282849489048,0.038694480466883174,0.002191282648688897,0.00011140761031214999
r2_test_calendar,RMW,-0.0210900915201796,-0.028032594728351883,-0.9705301822332772,-1.2587116584017612,-1.0874901341678462,-1.2748377453300122,0.3332114833195875,0.20981105648856263,-9.67552131640866e-05,-0.00012949583364775833,0.006942503208172284,0.288181476168484,0.18734761116216592,0.12340042683102487,3.274062048367173e-05
r2_test_calendar,CMA,0.0153714975384907,0.025126242990968346,0.500802124284883,0.8239081175210992,0.5012834976743016,0.8631057089434686,0.6171818470198596,0.41111323117944415,5.159327218505721e-05,8.2982723562275e-05,0.009754745452477646,0.32310599323621614,0.361822211269167,0.20606861584041541,3.138945137721779e-05
r2_test_calendar,UMD,-0.0053797864881406,-0.004237592666612129,-0.5048081104589331,-0.37486557269377563,-0.5577159396218363,-0.4214200269141169,0.614371257617527,0.7082143419096933,-2.678773015016649e-05,-2.0320371992366667e-05,0.0011421938215284708,0.12994253776515752,0.1362959127077194,0.09384308429216637,6.4673581577998226e-06
r2_test_calendar,BOND,0.0064799297434097,0.09438631962326968,0.0610808154029934,1.3372836780323605,0.0606657783675575,1.3139193260897428,0.9513692204342268,0.18286562186304797,2.039050087922541e-05,0.00023009513668179168,0.08790638987985998,1.276202862629367,1.2532535477221853,0.7685035985711788,0.00020970463580256626
r2_test_calendar,WTI,0.0027798949877847,-0.0010463489323402878,0.4160361778658842,-0.15243621674104113,0.4448465834547128,-0.1648672763777634,0.6779274413434611,0.879018501469043,2.201870716490105e-05,-8.9056489295e-06,0.003826243920124988,0.5684723946069253,0.6097138598324762,0.20109106012558198,3.0924356094401054e-05
r2_test_calendar,dVIX,0.0020468295527583,0.000993781850302275,3.269938760044959,1.5694850940979326,4.031068198811904,1.514448324421516,0.0013109710960289,0.11834129771477633,0.0001025159697459,3.972687367705834e-05,0.001053047702456025,1.7004536659470266,2.516619874390388,0.11703032661874743,6.278909606884165e-05
r2_test_calendar,dlogEMV,0.0040149562931743,0.004339747191213479,1.694389233278394,1.739606190509565,1.850287273498994,1.834627195181334,0.0920894630332088,0.08368639147248928,-9.370447044427952e-06,2.3607362815486032e-06,0.00032479089803917876,0.04521695723117092,0.01566007831765992,0.00840307156071951,1.1731183325976554e-05
r2_test_calendar,I*Mkt-RF,-0.1003959099516284,-0.04783632183039023,-1.5558883229186082,-0.8278331684228784,-1.7100663492880162,-0.8150084170214509,0.1216623151382836,0.40889247902647996,-0.0005280600515053,-0.00019376228042456667,0.05255958812123818,0.7280551544957299,0.8950579322665653,0.28723016388819633,0.00033429777108073334
r2_test_calendar,I*HML,-0.1698747161189958,-0.14269337227853401,-2.24403723872243,-2.359344298594382,-2.117765994551857,-2.1685207774095483,0.0261680898651807,0.019409776554866916,-0.0004531574131107,-0.00038106640575856667,0.02718134384046178,0.11530705987195233,0.05075478285769108,0.0067583133103137835,7.209100735213332e-05
r2_test_calendar,I*BOND,-1.210856804234931e-05,-0.08890985901324973,-0.0001164415630918,-1.199696660040478,-0.0001169257685991,-1.1762888948247705,0.9999072345924264,0.23187887284708497,-3.139476014495478e-08,-0.00020759571970969167,0.08889775044520738,1.199580218477386,1.1761719690561714,0.7680283617453414,0.00020756432494954672
r2_test_calendar,I*dVIX,-0.0019603353535461,-0.0008457729968062602,-2.916702261331347,-1.2487520022699354,-3.5754075012837183,-1.2058081804660283,0.0040334127307933,0.21342370412466938,-1.109578005414621e-05,-4.1291918931375e-05,0.0011145623567398399,1.6679502590614117,2.3695993208176898,0.20939029139387608,3.019613887722879e-05
r2_seen_nonzero,alpha,-0.0001005789891834,-0.0001005789891834867,-0.1877593451238836,-0.1877593451238507,-0.2073994170747523,-0.2073994170747135,0.8513451541017535,0.8513451541017792,-0.0001005789891834,-0.00010057898918348333,8.670906874452822e-17,3.289035710452026e-14,3.880229471064922e-14,2.5757174171303632e-14,8.333448948266708e-17
r2_seen_nonzero,Mkt-RF,0.043024717591477,0.04302471759148068,1.4740891837474952,1.4740891837483274,1.5282744193823818,1.5282744193832578,0.1427685710214954,0.14276857102127158,0.0004683995579379,0.00046839955793797505,3.677613769070831e-15,8.322231792590173e-13,8.759659664292485e-13,2.2382096176443156e-13,7.502679033599691e-17
r2_seen_nonzero,SMB,0.0356410222808564,0.035641022280832185,0.957852312674991,0.957852312674494,0.9351065992281672,0.9351065992276915,0.3398369108197598,0.33983691082000955,3.65851553214089e-06,3.6585155321383995e-06,2.4216739724636227e-14,4.970468481246826e-13,4.757305660518796e-13,2.4974466938942896e-13,2.49070038140127e-18
r2_seen_nonzero,HML,-0.0342719116587508,-0.03427191165874656,-0.5254127925777203,-0.5254127925776787,-0.5322273641961922,-0.5322273641961535,0.6001518374555346,0.6001518374555636,4.1988765939529214e-05,4.1988765939516664e-05,4.2396641752873165e-15,4.163336342344337e-14,3.8746783559417963e-14,2.8976820942716586e-14,1.2549640146519714e-17
r2_seen_nonzero,RMW,0.0509289007163559,0.05092890071634381,1.0888933098171207,1.0888933098168636,1.1415038012626717,1.1415038012623975,0.2781267142268544,0.2781267142269675,0.0001314033093979,0.000131403309397925,1.2087553180606392e-14,2.5712765250318625e-13,2.7422508708241367e-13,1.1307621505807219e-13,2.4990860075790877e-17
r2_seen_nonzero,CMA,-0.0351255531458254,-0.03512555314582587,-0.8589244186066551,-0.858924418606704,-0.9634520055313474,-0.9634520055314023,0.3918935810574079,0.39189358105738104,-3.580014986187112e-05,-3.5800149861866666e-05,4.718447854656915e-16,4.884981308350689e-14,5.495603971894525e-14,2.6867397195928788e-14,4.4520051707686026e-18
r2_seen_nonzero,UMD,-0.0158454767993142,-0.015845476799314886,-0.7315478201867586,-0.7315478201867986,-0.8617061253417811,-0.8617061253418214,0.4657032443308311,0.4657032443308068,-3.874271545898549e-05,-3.8742715458983334e-05,6.869504964868156e-16,4.007905118896815e-14,4.030109579389318e-14,2.4313884239290928e-14,2.15485181781494e-18
r2_seen_nonzero,BOND,-0.2239507466573423,-0.22395074665734355,-1.5797592387754569,-1.5797592387756498,-1.5422314626266436,-1.5422314626268279,0.116485054056998,0.11648505405695388,-0.000433132406482,-0.0004331324064820584,1.2490009027033011e-15,1.929567616798522e-13,1.8429702208777599e-13,4.411748744104216e-14,5.838428698834441e-17
r2_seen_nonzero,WTI,-0.0146483695123503,-0.014648369512350627,-3.601440443666996,-3.601440443667179,-3.7125110858815855,-3.712511085881857,0.0004425311960053,0.00044253119600507255,-3.0154687861436697e-05,-3.0154687861433333e-05,3.2612801348363973e-16,1.8340884366807586e-13,2.7133850721838826e-13,2.2746561578745883e-16,3.364414866494081e-18
r2_seen_nonzero,dVIX,0.0005325350126135,0.0005325350126134196,1.132844982774147,1.1328449827743705,1.175926282839998,1.1759262828402288,0.2592725812238377,0.25927258122374414,1.3245283627706996e-05,1.32452836277e-05,8.033938098117588e-17,2.2359891715950653e-13,2.3092638912203256e-13,9.353628982466944e-14,6.996492144320521e-18
r2_seen_nonzero,dlogEMV,-0.0005526296197599,-0.0005526296197598255,-0.2860642072275614,-0.28606420722749915,-0.2861527407456493,-0.2861527407455907,0.7752642228166462,0.7752642228166937,-1.8232563508185392e-06,-1.823256350818111e-06,7.448468924975415e-17,6.222800053024002e-14,5.856426454897701e-14,4.75175454539567e-14,4.281751548370488e-19
r2_seen_nonzero,I*Mkt-RF,-0.0325530437559187,-0.032553043755919345,-0.8872817239161447,-0.8872817239164631,-0.8825941622773742,-0.8825941622776765,0.3764936577064098,0.376493657706239,-0.0002643048453295,-0.00026430484532951665,6.453171330633722e-16,3.184119634624949e-13,3.0231372960543013e-13,1.7080781233858033e-13,1.6642503347652493e-17
r2_seen_nonzero,I*HML,0.0045676217174778,0.004567621717478057,0.0737837421631753,0.07378374216318048,0.0734999433008228,0.0734999433008283,0.9412908745759384,0.9412908745759342,-2.0811415507448643e-05,-2.081141550744167e-05,2.5673907444456745e-16,5.176414852314792e-15,5.509481759702339e-15,4.218847493575595e-15,6.9727752217974e-18
r2_seen_nonzero,I*BOND,0.1312952176898516,0.13129521768985156,0.8836517962022908,0.8836517962024192,0.8765405831569087,0.8765405831570359,0.3784436175926894,0.37844361759262046,0.0004350998970997,0.000435099897099725,5.551115123125783e-17,1.283417816466681e-13,1.2712053631958042e-13,6.894484982922222e-14,2.4990860075790877e-17
r2_seen_nonzero,I*dVIX,-0.000430687055443,-0.00043068705544293704,-0.8708446802500112,-0.87084468025016,-0.912321776821409,-0.9123217768215741,0.3853735559129704,0.3853735559128893,-1.9131434092958923e-05,-1.913143409295e-05,6.293793611278353e-17,1.488809076022335e-13,1.6509016376176078e-13,8.110179194886769e-14,8.920951000482291e-18
