seed,alpha,t6,shuffle_p,episodes,verdict,error
21,-0.0009948264721451642,-2.0402777605798774,0.9502487562189055,9,FAIL,
22,0.0008100950523512247,1.394382042803462,0.0945273631840796,11,FAIL,
23,-0.0014923092805790652,-2.9569175955084583,0.9900497512437811,11,FAIL,
24,0.0002628536724176033,0.4449428955623491,0.22885572139303484,9,FAIL,
25,-0.0004994182592124065,-0.9073074581805575,0.7661691542288557,11,FAIL,
26,-0.0011077110809293636,-1.8600765799618957,0.9154228855721394,11,FAIL,
27,1.1585852223159248e-08,2.4229789135524807e-05,0.39303482587064675,6,FAIL,
28,-0.0002242903258031145,-0.46938912869271465,0.6169154228855721,10,FAIL,
29,0.0003369435599958422,0.6613631022828272,0.20398009950248755,12,FAIL,
30,-0.00015144114613453757,-0.27634950455738366,0.46766169154228854,10,FAIL,
31,-0.0002230321134619074,-0.40086578047703064,0.5422885572139303,12,FAIL,
32,-0.0009386357220005237,-1.916204314726694,0.8756218905472637,10,FAIL,
33,6.512270686401708e-05,0.12507348468395346,0.38308457711442784,9,FAIL,
34,-0.00026558682631594004,-0.4375924898800167,0.6268656716417911,12,FAIL,
35,0.0001395618224272901,0.19902510750725264,0.42786069651741293,5,FAIL,
36,-0.00021874892537663881,-0.48355402559873434,0.5572139303482587,11,FAIL,
37,0.0020189460429781126,5.059141541011408,0.004975124378109453,8,FAIL,
38,0.0008494807797720622,2.0654902473778085,0.01990049751243781,11,FAIL,
39,-0.0004785728201676813,-0.8043014996239768,0.7114427860696517,13,FAIL,
40,-0.0002636155843448645,-0.5540224816791515,0.5472636815920398,10,FAIL,
41,-0.0001363411903465457,-0.2483264792745342,0.6019900497512438,8,FAIL,
42,-0.0002621645121970356,-0.4174937503017246,0.6019900497512438,10,FAIL,
43,-0.00048086658396213146,-0.7897757617471874,0.7512437810945274,8,FAIL,
44,-0.0004422161956594208,-0.7957635242658657,0.6766169154228856,8,FAIL,
45,0.00021595356362885687,0.46695940116904666,0.24378109452736318,7,FAIL,
