,position_from,position_to,months,return_from,return_to,open_before_window,open_after_window
0,1994-03-31,1995-02-28,12,1994-04-30,1995-03-31,False,False
1,1996-03-31,1996-10-31,8,1996-04-30,1996-11-30,False,False
2,1996-12-31,1997-05-31,6,1997-01-31,1997-06-30,False,False
3,1997-12-31,1998-05-31,6,1998-01-31,1998-06-30,False,False
4,1998-11-30,1999-04-30,6,1998-12-31,1999-05-31,False,False
5,1999-08-31,2000-04-30,9,1999-09-30,2000-05-31,False,False
6,2002-01-31,2002-06-30,6,2002-02-28,2002-07-31,False,False
7,2002-11-30,2004-02-29,16,2002-12-31,2004-03-31,False,False
8,2005-02-28,2005-09-30,8,2005-03-31,2005-10-31,False,False
9,2006-01-31,2006-08-31,8,2006-02-28,2006-09-30,False,False
10,2007-06-30,2009-03-31,22,2007-07-31,2009-04-30,False,False
11,2009-07-31,2009-11-30,5,2009-08-31,2009-12-31,False,True
