,s,missing,n_missing60,off,z,thr,extreme
1985-01-31,0.02142865989267535,False,,False,,,
1985-02-28,0.025641161139494426,False,,False,,,
1985-03-31,0.015037771740118788,False,,False,,,
1985-04-30,0.0,True,,False,,,
1985-05-31,0.006711887014196423,False,,False,,,
1985-06-30,0.049179878489441345,False,,False,,,
1985-07-31,0.008403361344537815,False,,False,,,
1985-08-31,0.007246715076071923,False,,False,,,
1985-09-30,0.02395246509998627,False,,False,,,
1985-10-31,0.0069932411317756085,False,,False,,,
1985-11-30,0.006060790181216107,False,,False,,,
1985-12-31,0.018072277839667708,False,,False,,,
1986-01-31,0.01360535068616446,False,,False,,,
1986-02-28,0.029197113264959492,False,,False,,,
1986-03-31,0.01826492765799648,False,,False,,,
1986-04-30,0.04166655264917365,False,,False,,,
1986-05-31,0.0377361054614209,False,,False,,,
1986-06-30,0.010100733626120241,False,,False,,,
1986-07-31,0.014706109907971603,False,,False,,,
1986-08-31,0.005290918672491588,False,,False,,,
1986-09-30,0.011363698822132692,False,,False,,,
1986-10-31,0.02380948840418508,False,,False,,,
1986-11-30,0.022624218552379578,False,,False,,,
1986-12-31,0.005319080994184593,False,,False,,,
1987-01-31,0.018939505056444175,False,,False,,,
1987-02-28,0.010101304869894953,False,,False,,,
1987-03-31,0.011029311681884525,False,,False,,,
1987-04-30,0.0040160755241027656,False,,False,,,
1987-05-31,0.011857473374303974,False,,False,,,
1987-06-30,0.012245160584146743,False,,False,,,
1987-07-31,0.019417694298511815,False,,False,,,
1987-08-31,0.017241037567556853,False,,False,,,
1987-09-30,0.022123741922196547,False,,False,,,
1987-10-31,0.0049652438359168195,False,,False,,,
1987-11-30,0.004098429287350933,False,,False,,,
1987-12-31,0.00577193094319585,False,,False,,,
1988-01-31,0.014754057679790787,False,,False,,,
1988-02-29,0.006880710101591,False,,False,,,
1988-03-31,0.011494154664989736,False,,False,,,
1988-04-30,0.013476959834045503,False,,False,,,
1988-05-31,0.012077075795284657,False,,False,,,
1988-06-30,0.009375038543606695,False,,False,,,
1988-07-31,0.0175441364495899,False,,False,,,
1988-08-31,0.024305691856338366,False,,False,,,
1988-09-30,0.015151629183970521,False,,False,,,
1988-10-31,0.0171566436047543,False,,False,,,
1988-11-30,0.021739423286527105,False,,False,,,
1988-12-31,0.01628695604392729,False,,False,,,
1989-01-31,0.011299183976529445,False,,False,,,
1989-02-28,0.024193388686931553,False,,False,,,
1989-03-31,0.008968989629728832,False,,False,,,
1989-04-30,0.017985895099190942,False,,False,,,
1989-05-31,0.011235660997989306,False,,False,,,
1989-06-30,0.010638237509521859,False,,False,,,
1989-07-31,0.019933800645408624,False,,False,,,
1989-08-31,0.027027165488602616,False,,False,,,
1989-09-30,0.01388864258185886,False,,False,,,
1989-10-31,0.0017576230734852602,False,,False,,,
1989-11-30,0.02108437529432161,False,,False,,,
1989-12-31,0.00602439246600303,False,1.0,False,-1.2153316052190735,,
1990-01-31,0.010781421027740106,False,1.0,False,-0.28076014058502025,,
1990-02-28,0.005347627382561001,False,1.0,False,-1.3419565617106795,,
1990-03-31,0.01010090703526276,False,1.0,False,-0.32937913852098355,,
1990-04-30,0.006249862666252311,False,0.0,False,-1.065951325028713,,
1990-05-31,0.0034718836104944938,False,0.0,False,-1.924428669565948,,
1990-06-30,0.04014569464433694,False,0.0,False,1.8550727215558678,,
1990-07-31,0.009259127433060378,False,0.0,False,-0.4220631854682894,,
1990-08-31,0.015503732922881876,False,0.0,False,0.3599935406144524,,
1990-09-30,0.011560432082819502,False,0.0,False,-0.07941818317570391,,
1990-10-31,0.014669874319372625,False,0.0,False,0.2776707323601979,,
1990-11-30,0.003086256182163049,False,0.0,False,-2.1102907172495566,,
1990-12-31,0.016501520747604914,False,0.0,False,0.47091670701692256,,
1991-01-31,0.007537749035594497,False,0.0,False,-0.7174403692201525,,
1991-02-28,0.010600956582802941,False,0.0,False,-0.1713270534920451,,
1991-03-31,0.015810395051700614,False,0.0,False,0.4561866088790051,,
1991-04-30,0.007017703446137604,False,0.0,False,-0.7883694654829714,,
1991-05-31,0.007490969809469436,False,0.0,False,-0.6589126946458349,,
1991-06-30,0.01844990405807765,False,0.0,False,0.8116397613658656,,
1991-07-31,0.003773614816507732,False,0.0,False,-1.7203061876572048,,
1991-08-31,0.007633915138018104,False,0.0,False,-0.6039906619024114,,
1991-09-30,0.01923107788878367,False,0.0,False,0.8731331833056079,,
1991-10-31,0.014545757440353288,False,0.0,False,0.4418134264200262,,
1991-11-30,0.011235699807213936,False,0.0,False,0.04094688984099078,,
1991-12-31,0.030716613796314594,False,0.0,False,1.6311453436923204,,
1992-01-31,0.015915315751037613,False,0.0,False,0.5667119168594232,,
1992-02-29,0.020338734959960216,False,0.0,False,0.9414781089345926,,
1992-03-31,0.015974384983990612,False,0.0,False,0.53824990871401,,
1992-04-30,0.014577017363374266,False,0.0,False,0.3640669638543453,,
1992-05-31,0.014598414942980621,False,0.0,False,0.36034965881116837,,
1992-06-30,0.02158268164967807,False,0.0,False,0.984013492218809,,
1992-07-31,0.01408441097833797,False,0.0,False,0.29319350501855185,,
1992-08-31,0.02189814991797543,False,0.0,False,1.0095758500861576,,
1992-09-30,0.015873306171108468,False,0.0,False,0.49390521471275334,,
1992-10-31,0.016574573235599088,False,0.0,False,0.5403979892769877,,
1992-11-30,0.006600976648548353,False,0.0,False,-1.0386796393060274,,
1992-12-31,0.017467402003748602,False,0.0,False,0.6022253303107203,,
1993-01-31,0.031620235045637955,False,0.0,False,1.5739993274439494,,
1993-02-28,0.09328391371344381,False,0.0,False,3.0769846618318764,,
1993-03-31,0.017730306662857857,False,0.0,False,0.46777451093969985,,
1993-04-30,0.01153870024063349,False,0.0,False,-0.19901650136458687,,
1993-05-31,0.015267429351071088,False,0.0,False,0.23199135577413596,,
1993-06-30,0.015267082874016546,False,0.0,False,0.21971035090779273,,
1993-07-31,0.016000245921166896,False,0.0,False,0.2957310489837535,,
1993-08-31,0.012779547330397793,False,0.0,False,-0.03962198432765988,,
1993-09-30,0.010752888696599208,False,0.0,False,-0.3029106420320041,,
1993-10-31,0.01568613117565269,False,0.0,False,0.2952097851247889,,
1993-11-30,0.015686638816695644,False,0.0,False,0.30533411123945203,,
1993-12-31,0.004184433623071392,False,0.0,False,-1.7118592062494273,,
1994-01-31,0.01273863376643538,False,0.0,False,0.007703741335699738,,
1994-02-28,0.003983737781394249,False,0.0,False,-1.714997967791016,,
1994-03-31,0.018469717972408924,False,0.0,False,0.5994496914188816,,
1994-04-30,0.008752891202359007,False,0.0,False,-0.5172234419776858,,
1994-05-31,0.014408980766964874,False,0.0,False,0.23413675345278404,,
1994-06-30,0.013559466590365723,False,0.0,False,0.13568551080518818,,
1994-07-31,0.012618367944166221,False,0.0,False,0.038098613774426866,,
1994-08-31,0.003134709600232401,False,0.0,False,-1.9879117335474674,,
1994-09-30,0.007220056839427655,False,0.0,False,-0.7233017766272039,,
1994-10-31,0.0175438801457346,False,0.0,False,0.5793216242394267,,
1994-11-30,0.01041698475689498,False,0.0,False,-0.23534435815588875,,
1994-12-31,0.007444292342922893,False,0.0,False,-0.7848688486390311,0.569233858335424,0.0
1995-01-31,0.007211677555370728,False,0.0,False,-0.8207497165148565,0.5667119168594232,0.0
1995-02-28,0.0028167599233496887,False,0.0,False,-2.2435809277992647,0.5614491313429363,0.0
1995-03-31,0.0030301398427858184,False,0.0,False,-2.0242636457363634,0.5561863458264491,0.0
1995-04-30,0.010238681777606748,False,0.0,False,-0.20899812939831874,0.550923560309962,0.0
1995-05-31,0.004032219016609345,False,0.0,False,-1.6337728734337096,0.5456607747934749,0.0
1995-06-30,0.003690333854501977,False,0.0,False,-1.7165810710767913,0.5403979892769877,0.0
1995-07-31,0.012944877133730057,False,0.0,False,0.19622426101377682,0.5399683731643922,0.0
1995-08-31,0.02575091882055764,False,0.0,False,1.2230058192992916,0.5395387570517967,1.0
1995-09-30,0.008403623550739618,False,0.0,False,-0.4642463699709919,0.550923560309962,0.0
1995-10-31,0.009615120383412062,False,0.0,False,-0.25016376295493986,0.5456607747934749,0.0
1995-11-30,0.0,True,1.0,False,,0.5403979892769877,
1995-12-31,0.013422811360335825,False,1.0,False,0.23297378346338182,0.5403979892769877,0.0
1996-01-31,0.011869616960742025,False,1.0,False,0.029738621609164354,0.5399683731643922,0.0
1996-02-29,0.0034603316008705682,False,1.0,False,-1.812109929270984,0.5395387570517967,0.0
1996-03-31,0.015267269112423135,False,1.0,False,0.4405971890113136,0.5391091409392011,0.0
1996-04-30,0.019083655775387256,False,1.0,False,0.7533215926561835,0.5386795248266055,1.0
1996-05-31,0.006536078153532975,False,1.0,False,-0.8665496982141154,0.5403979892769877,0.0
1996-06-30,0.01628671228621616,False,1.0,False,0.5191912981325196,0.5399683731643922,0.0
1996-07-31,0.007575583033313244,False,1.0,False,-0.6738337391940752,0.5395387570517967,0.0
1996-08-31,0.011194163320201837,False,1.0,False,-0.07905466140569782,0.5391091409392011,0.0
1996-09-30,0.01102921914056982,False,1.0,False,-0.0879320977795539,0.5386795248266055,0.0
1996-10-31,0.00958461671320418,False,1.0,False,-0.2964677845058183,0.53824990871401,0.0
1996-11-30,0.017543675200196254,False,1.0,False,0.634974551760689,0.5344381865977119,1.0
1996-12-31,0.0227274467099698,False,1.0,False,1.057384794643525,0.5395387570517967,1.0
1997-01-31,0.010416740895506222,False,1.0,False,-0.16026017052008487,0.550923560309962,0.0
1997-02-28,0.011267371386420533,False,1.0,False,-0.02074855563441939,0.5456607747934749,0.0
1997-03-31,0.011467935867378631,False,1.0,False,0.01625761370219176,0.5403979892769877,0.0
1997-04-30,0.016278925528054065,False,1.0,False,0.5705339130762209,0.5399683731643922,1.0
1997-05-31,0.01780412406155519,False,1.0,False,0.7055310402097154,0.5561863458264492,1.0
1997-06-30,0.010152514596170602,False,1.0,False,-0.16653545443811799,0.5682407153461423,0.0
1997-07-31,0.011428356162618131,False,1.0,False,0.0285694897385022,0.5674763161027828,0.0
1997-08-31,0.010024969343221786,False,1.0,False,-0.16168152972383756,0.5667119168594232,0.0
1997-09-30,0.02337681114627309,False,1.0,False,1.186085203653605,0.5614491313429361,1.0
1997-10-31,0.010736178966079363,False,1.0,False,-0.04921005741860281,0.5690051145895019,0.0
1997-11-30,0.010752714135026192,False,1.0,False,-0.06040003659134276,0.5682407153461423,0.0
1997-12-31,0.0020120810101863294,False,1.0,False,-2.5634577145390884,0.5674763161027828,0.0
1998-01-31,0.003316803218661169,False,1.0,False,-1.7360643416586583,0.5667119168594232,0.0
1998-02-28,0.007832692177094943,False,1.0,False,-0.40325523797487545,0.5614491313429364,0.0
1998-03-31,0.007537786478248945,False,1.0,False,-0.4468666378626183,0.5561863458264492,0.0
1998-04-30,0.006593244686728793,False,1.0,False,-0.6576153335875214,0.550923560309962,0.0
1998-05-31,0.010893121091034684,False,1.0,False,0.20938281281504736,0.5456607747934749,0.0
1998-06-30,0.00860233535638335,False,1.0,False,-0.17948407489300336,0.5403979892769877,0.0
1998-07-31,0.018975250365625352,False,1.0,False,1.172179315690692,0.5399683731643922,1.0
1998-08-31,0.011019274737774969,False,1.0,False,0.24552255013681978,0.5561863458264492,0.0
1998-09-30,0.005219147361803258,False,1.0,False,-1.007451653011379,0.550923560309962,0.0
1998-10-31,0.002350094677526586,False,1.0,False,-2.2227348873181874,0.5456607747934749,0.0
1998-11-30,0.004870175974085397,False,1.0,False,-0.9955188925411946,0.5403979892769877,0.0
1998-12-31,0.008130204957447753,False,1.0,False,-0.17891481794073208,0.5399683731643922,0.0
1999-01-31,0.011627886467898673,False,1.0,False,0.4168126769788814,0.5395387570517967,0.0
1999-02-28,0.01256271914092327,False,1.0,False,0.5200487103160295,0.5391091409392011,0.0
1999-03-31,0.019999938803352,False,1.0,False,1.296170891882131,0.5386795248266055,1.0
1999-04-30,0.0022470767239525036,False,1.0,False,-2.2279172592334033,0.5403979892769877,0.0
1999-05-31,0.012376195699203988,False,1.0,False,0.5118101657692652,0.5399683731643922,0.0
1999-06-30,0.014563010187117352,False,1.0,False,0.7702265631584752,0.5395387570517967,1.0
1999-07-31,0.01184841923465778,False,1.0,False,0.441307395537555,0.550923560309962,0.0
1999-08-31,0.018140703248358064,False,1.0,False,1.09411490171694,0.5456607747934749,1.0
1999-09-30,0.009755940818997588,False,1.0,False,0.0744900819885447,0.5667119168594232,0.0
1999-10-31,0.010351952975534942,False,1.0,False,0.1876229790469494,0.5614491313429364,0.0
1999-11-30,0.008152264743679076,False,1.0,False,-0.19916792704127867,0.5561863458264492,0.0
1999-12-31,0.009202361448243535,False,1.0,False,-0.005434791344398865,0.550923560309962,0.0
2000-01-31,0.0,True,2.0,False,,0.5456607747934749,
2000-02-29,0.0,True,3.0,False,,0.5456607747934749,
2000-03-31,0.004329110461844567,False,3.0,False,-1.3499807343126315,0.5456607747934749,0.0
2000-04-30,0.004219523927175967,False,3.0,False,-1.3447727284410553,0.5403979892769877,0.0
2000-05-31,0.008333245891088935,False,3.0,False,-0.2247510133456161,0.5399683731643922,0.0
2000-06-30,0.007109000825763832,False,3.0,False,-0.5283105553520901,0.5395387570517967,0.0
2000-07-31,0.005434935002644168,False,3.0,False,-0.9662523543128128,0.5391091409392011,0.0
2000-08-31,0.008849572232811737,False,3.0,False,-0.08694947342384587,0.5386795248266055,0.0
2000-09-30,0.017291281664703236,False,3.0,False,1.0792324325196407,0.53824990871401,1.0
2000-10-31,0.011131695439060904,False,3.0,False,0.29353603150281504,0.5399683731643922,0.0
2000-11-30,0.009140718317684987,False,2.0,False,-0.05513675048137655,0.5395387570517967,0.0
2000-12-31,0.025974067861265607,False,2.0,False,1.7480127187145773,0.5391091409392011,1.0
2001-01-31,0.022944653356289188,False,2.0,False,1.4838000654245083,0.5456607747934749,1.0
2001-02-28,0.00802119508789517,False,2.0,False,-0.34959166237750405,0.5667119168594232,0.0
2001-03-31,0.015100533785265319,False,2.0,False,0.763796416938084,0.5614491313429364,1.0
2001-04-30,0.013592298777282158,False,2.0,False,0.5944617468195412,0.5690051145895019,1.0
2001-05-31,0.004890094759129426,False,2.0,False,-1.201878599908511,0.5740489975415033,0.0
2001-06-30,0.01904788697394132,False,2.0,False,1.181618337621241,0.572291455308862,1.0
2001-07-31,0.005037916549985998,False,2.0,False,-1.1250250832022048,0.5793216242394267,0.0
2001-08-31,0.01671332068083146,False,2.0,False,0.9366784664490969,0.5775640820067857,1.0
2001-09-30,0.004580171381128468,False,2.0,False,-1.2494896420936477,0.5884056977874955,0.0
2001-10-31,0.005263147130884356,False,2.0,False,-0.9870993972950517,0.5853776732714726,0.0
2001-11-30,0.013157839909601643,False,2.0,False,0.5682215293390049,0.5823496487554496,0.0
2001-12-31,0.01463423846086582,False,2.0,False,0.7729230152099102,0.5793216242394267,1.0
2002-01-31,0.035124047706468126,False,2.0,False,2.1499742947881044,0.5914337223035185,1.0
2002-02-28,0.011709583022935812,False,2.0,False,0.33709674016065033,0.5974545135791455,0.0
2002-03-31,0.011730304280086897,False,2.0,False,0.3392974100976683,0.5964569246592774,0.0
2002-04-30,0.022792092289479433,False,2.0,False,1.4089167660304343,0.5954593357394093,1.0
2002-05-31,0.017045481578203098,False,2.0,False,0.9376654048870738,0.5994496914188816,1.0
2002-06-30,0.016548567262627455,False,2.0,False,0.8697616830079339,0.6016702025323526,1.0
2002-07-31,0.010178058355441779,False,2.0,False,0.08503704290382945,0.6218748631807018,0.0
2002-08-31,0.011647356138549515,False,2.0,False,0.29935140808181604,0.615325018890708,0.0
2002-09-30,0.005859380498447727,False,2.0,False,-0.785762034877106,0.6087751746007142,0.0
2002-10-31,0.006825898431826351,False,2.0,False,-0.521151580705372,0.6022253303107203,0.0
2002-11-30,0.009638355049550277,False,2.0,False,0.04738796146816318,0.6016702025323526,0.0
2002-12-31,0.013698714078305679,False,2.0,False,0.6029154244460596,0.6011150747539848,1.0
2003-01-31,0.006262910894374504,False,2.0,False,-0.7949970374544211,0.6025013679648561,0.0
2003-02-28,0.005333208970983682,False,2.0,False,-1.0601812262761283,0.6023633491377882,0.0
2003-03-31,0.0017889730934850813,False,2.0,False,-2.745174936981319,0.6022253303107203,0.0
2003-04-30,0.006329039324986289,False,2.0,False,-0.6638187780132139,0.6016702025323526,0.0
2003-05-31,0.007731788231396306,False,2.0,False,-0.3246792873249378,0.6011150747539848,0.0
2003-06-30,0.01846962943363119,False,2.0,False,1.0741924273512646,0.6005599469756171,1.0
2003-07-31,0.01081079774531321,False,2.0,False,0.22081932167320725,0.6023633491377882,0.0
2003-08-31,0.015290499090862747,False,2.0,False,0.7780431554085409,0.6022253303107203,1.0
2003-09-30,0.01736116980813118,False,2.0,False,0.9525181538123921,0.6027774056189917,1.0
2003-10-31,0.009091166233850199,False,2.0,False,-0.1528009705226155,0.622150900834837,0.0
2003-11-30,0.003967955017149216,False,2.0,False,-1.5613567321122,0.6157390753719115,0.0
2003-12-31,0.0070669352484225715,False,2.0,False,-0.5704130552900178,0.609327249908986,0.0
2004-01-31,0.0062697727926373315,False,2.0,False,-0.7529629967557958,0.6029154244460596,0.0
2004-02-29,0.020408307542456754,False,2.0,False,1.2212200397997626,0.6027774056189917,1.0
2004-03-31,0.009646302250803858,False,2.0,False,-0.014654998486679494,0.622150900834837,0.0
2004-04-30,0.006191930005418765,False,2.0,False,-0.8401833395401643,0.6157390753719115,0.0
2004-05-31,0.00943406443321609,False,2.0,False,-0.07826950042746429,0.609327249908986,0.0
2004-06-30,0.01060077844603117,False,2.0,False,0.14111286267837841,0.6029154244460596,0.0
2004-07-31,0.006349415087651088,False,2.0,False,-0.7589103187193701,0.6027774056189917,0.0
2004-08-31,0.013157810852404795,False,2.0,False,0.5618366938249854,0.6026393867919239,0.0
2004-09-30,0.0,True,3.0,False,,0.6025013679648561,
2004-10-31,0.019292799292631734,False,3.0,False,1.2073268372158716,0.6025013679648561,1.0
2004-11-30,0.01127800655903418,False,3.0,False,0.24801564587352984,0.609327249908986,0.0
2004-12-31,0.00909115496826739,False,3.0,False,-0.132882693820132,0.6029154244460596,0.0
2005-01-31,0.015060334720219134,False,2.0,False,0.7496757430791635,0.6027774056189917,1.0
2005-02-28,0.0,True,2.0,False,,0.622150900834837,
2005-03-31,0.009901261920155719,False,2.0,False,-0.02070833242947489,0.622150900834837,0.0
2005-04-30,0.00813021920529731,False,2.0,False,-0.406376781329505,0.6157390753719115,0.0
2005-05-31,0.015480055868961892,False,2.0,False,0.7612867567163709,0.609327249908986,1.0
2005-06-30,0.0031248785417233474,False,2.0,False,-2.0820574431836354,0.634974551760689,0.0
2005-07-31,0.01041647550219671,False,2.0,False,0.036367301295080104,0.6285627262977634,0.0
2005-08-31,0.006644249526283689,False,2.0,False,-0.7584549951806724,0.622150900834837,0.0
2005-09-30,0.01904756855905382,False,2.0,False,1.1170743299218877,0.6157390753719115,1.0
2005-10-31,0.014925598818732505,False,2.0,False,0.6710961470955197,0.6490858494504954,1.0
2005-11-30,0.007662750199227066,False,2.0,False,-0.5056753557992314,0.6710961470955197,0.0
2005-12-31,0.01976262250989544,False,2.0,False,1.195216208499694,0.6638718280285539,1.0
2006-01-31,0.00967729296992334,False,2.0,False,-0.059401563417486015,0.6917570829640369,0.0
2006-02-28,0.003999882937972153,False,2.0,False,-1.616001848842842,0.6848701043411981,0.0
2006-03-31,0.0033901861651551815,False,2.0,False,-1.819026068217066,0.6779831257183594,0.0
2006-04-30,0.013559071799010962,False,2.0,False,0.5971244677959174,0.6710961470955197,0.0
2006-05-31,0.01796434044355569,False,2.0,False,1.0511632219176668,0.6638718280285539,1.0
2006-06-30,0.0,True,3.0,False,,0.6917570829640378,
2006-07-31,0.01238390591906538,False,3.0,False,0.3992571474683446,0.6917570829640378,0.0
2006-08-31,0.012461017478674678,False,3.0,False,0.4220421478867604,0.6848701043411981,0.0
2006-09-30,0.010714034689821232,False,3.0,False,0.12822400703888076,0.6779831257183594,0.0
2006-10-31,0.009836303036845824,False,3.0,False,-0.047319084150024456,0.6710961470955197,0.0
2006-11-30,0.0036098344489354367,False,3.0,False,-1.795719040200401,0.6638718280285539,0.0
2006-12-31,0.006042150504476202,False,3.0,False,-0.8463643362771032,0.6566475089615882,0.0
2007-01-31,0.021807038614515786,False,3.0,False,1.4993003097623498,0.6494231898946214,1.0
2007-02-28,0.0333332239874296,False,3.0,False,2.1504541970388216,0.6779831257183594,1.0
2007-03-31,0.008833924977746072,False,3.0,False,-0.17604043205458067,0.7055310402097154,0.0
2007-04-30,0.021634670516907654,False,3.0,False,1.4049033744433812,0.6986440615868766,1.0
2007-05-31,0.00833339429006137,False,3.0,False,-0.25770356535122146,0.7320178619313853,0.0
2007-06-30,0.007388962067281365,False,3.0,False,-0.4494344584814195,0.7231889213574949,0.0
2007-07-31,0.014344439482053288,False,3.0,False,0.724015598570927,0.7143599807836057,1.0
2007-08-31,0.0038759286027255056,False,3.0,False,-1.5408128672990804,0.724015598570927,0.0
2007-09-30,0.023715597634481975,False,3.0,False,1.55186144904987,0.7203186868986848,1.0
2007-10-31,0.01502126583947863,False,3.0,False,0.7426220485153215,0.7394116852758695,1.0
2007-11-30,0.01226992557935397,False,3.0,False,0.38812963485976615,0.7454435263408584,0.0
2007-12-31,0.02362188449941095,False,3.0,False,1.467660416886909,0.7440327874280901,1.0
2008-01-31,0.012345603978655017,False,3.0,False,0.3573368427513413,0.7496757430791635,0.0
2008-02-29,0.01511886481988252,False,3.0,False,0.6730095268008139,0.7482650041663952,0.0
2008-03-31,0.016474545259413394,False,3.0,False,0.8157862586437418,0.7468542652536269,1.0
2008-04-30,0.018987347476209487,False,3.0,False,1.040040357655331,0.7511340829099715,1.0
2008-05-31,0.012531209156024119,False,3.0,False,0.2608612532494284,0.7549146254682211,0.0
2008-06-30,0.02184485038310408,False,3.0,False,1.272569066312215,0.7533215926561835,1.0
2008-07-31,0.0161614640747811,False,3.0,False,0.7040764864939864,0.7596937239043335,0.0
2008-08-31,0.01216533758639022,False,3.0,False,0.1936568641100003,0.7581006910922962,0.0
2008-09-30,0.01001111929667009,False,3.0,False,-0.14629150781952222,0.7565076582802585,0.0
2008-10-31,0.012237703157442544,False,3.0,False,0.21411115304681247,0.7549146254682211,0.0
2008-11-30,0.016393411329411165,False,3.0,False,0.7268754621100688,0.7533215926561835,0.0
2008-12-31,0.016096678317473127,False,3.0,False,0.6667881247637861,0.7525924227407795,0.0
2009-01-31,0.017208322195805915,False,3.0,False,0.7648055101125489,0.7518632528253756,1.0
2009-02-28,0.02316598831681786,False,3.0,False,1.3220582963148229,0.7565076582802585,1.0
2009-03-31,0.015817236098518837,False,3.0,False,0.5786317627223895,0.7617886887607136,0.0
2009-04-30,0.006696317651493329,False,3.0,False,-1.0587960088796478,0.7612867567163709,0.0
2009-05-31,0.01895723590959978,False,3.0,False,0.894015851480036,0.7596937239043335,1.0
2009-06-30,0.023188579327574985,False,3.0,False,1.2325080558410102,0.7627925528493988,1.0
2009-07-31,0.021505466101528467,False,3.0,False,1.05472013286031,0.76420005420787,1.0
2009-08-31,0.013850618699751668,False,3.0,False,0.2291165272365425,0.7658897207217342,0.0
2009-09-30,0.0056495258039357624,False,2.0,False,-1.411402303496708,0.7648055101125489,0.0
2009-10-31,0.011173034868053777,False,2.0,False,-0.1300483438594467,0.764603691477656,0.0
2009-11-30,0.011869400958020998,False,2.0,False,-0.01882083553293306,0.764401872842763,0.0
2009-12-31,0.010169298257381646,False,2.0,False,-0.31154183072828806,0.76420005420787,0.0
2010-01-31,0.015957560027661702,False,2.0,False,0.5286460034765366,0.763998235572977,0.0
2010-02-28,0.015243979515679256,False,1.0,False,0.4387269965116214,0.763796416938084,0.0
2010-03-31,0.015772675904290285,False,1.0,False,0.4876020827813307,0.7632944848937414,0.0
2010-04-30,0.02209934031819946,False,1.0,False,1.0839251470236972,0.7627925528493988,1.0
2010-05-31,0.014403198402890576,False,1.0,False,0.2860041479628,0.76420005420787,0.0
2010-06-30,0.016172685761726858,False,1.0,False,0.4784342217555355,0.763998235572977,0.0
2010-07-31,0.03174611142421013,False,1.0,False,1.7353906858862584,0.763796416938084,1.0
2010-08-31,0.018867734771460993,False,1.0,False,0.701190915696819,0.764603691477656,0.0
2010-09-30,0.01510582098256153,False,1.0,False,0.27488787644764473,0.764401872842763,0.0
2010-10-31,0.014577252623811472,False,1.0,False,0.20575471911941043,0.76420005420787,0.0
2010-11-30,0.016611305385135756,False,1.0,False,0.44018900564084845,0.763998235572977,0.0
2010-12-31,0.011673217962461927,False,1.0,False,-0.24206295091773095,0.763796416938084,0.0
2011-01-31,0.02539671452077152,False,1.0,False,1.2589318091116448,0.7632944848937414,1.0
2011-02-28,0.008230676164529042,False,1.0,False,-1.0270404384299587,0.764401872842763,0.0
2011-03-31,0.02547757231902351,False,1.0,False,1.303415405925173,0.76420005420787,1.0
2011-04-30,0.006688965229210071,False,1.0,False,-1.5601778548621572,0.7658897207217342,0.0
2011-05-31,0.011951937454321136,False,1.0,False,-0.30417048065128166,0.7648055101125489,0.0
2011-06-30,0.018867734274455695,False,0.0,False,0.666337587776512,0.764603691477656,0.0
2011-07-31,0.00530498416892076,False,0.0,False,-1.9675933495499462,0.764401872842763,0.0
2011-08-31,0.014981326938181347,False,0.0,False,0.18696443012264957,0.76420005420787,0.0
2011-09-30,0.024830711019057216,False,0.0,False,1.1972197283638604,0.763998235572977,1.0
2011-10-31,0.012145680807830411,False,0.0,False,-0.28440593710906964,0.7648055101125489,0.0
2011-11-30,0.00543485820148504,False,0.0,False,-2.0318793183207076,0.764603691477656,0.0
2011-12-31,0.0,True,1.0,False,,0.764401872842763,
2012-01-31,0.011049690928603684,False,1.0,False,-0.5311401439940667,0.764401872842763,0.0
2012-02-29,0.023346277977486816,False,1.0,False,1.1497404107973956,0.76420005420787,1.0
2012-03-31,0.019011139941594972,False,1.0,False,0.663330652378389,0.7658897207217342,0.0
2012-04-30,0.019156778722794587,False,1.0,False,0.6878766084908639,0.7648055101125489,0.0
2012-05-31,0.012011816403705564,False,1.0,False,-0.3878581140887611,0.764603691477656,0.0
2012-06-30,0.0030213093900265447,False,1.0,False,-3.239998137014769,0.764401872842763,0.0
2012-07-31,0.0221403566190164,False,1.0,False,0.9428931179162396,0.76420005420787,1.0
2012-08-31,0.018587244246332447,False,1.0,False,0.5563148893859563,0.7658897207217342,0.0
2012-09-30,0.01893920820777641,False,1.0,False,0.611387592910065,0.7648055101125489,0.0
2012-10-31,0.039215938235773413,False,1.0,False,2.1265979332448044,0.764603691477656,1.0
2012-11-30,0.007017308544259923,False,1.0,False,-1.5452994192577651,0.7680581419401048,0.0
2012-12-31,0.012460922154671594,False,1.0,False,-0.30696503495784955,0.7669739313309194,0.0
2013-01-31,0.020725648103355056,False,1.0,False,0.7595056602836386,0.7658897207217342,0.0
2013-02-28,0.006289506076709254,False,1.0,False,-1.7043106820528533,0.7648055101125489,0.0
2013-03-31,0.1051345575855555,False,1.0,False,3.5889745125349357,0.764603691477656,1.0
2013-04-30,0.012779639703186648,False,1.0,False,-0.25043481763127323,0.7680581419401048,0.0
2013-05-31,0.03642383002878914,False,1.0,False,1.5973023913903897,0.7669739313309194,1.0
2013-06-30,0.031791691881719986,False,1.0,False,1.3270036392974545,0.7707658535687623,1.0
2013-07-31,0.03135905640987462,False,1.0,False,1.2649431923127061,0.7729230152099102,1.0
2013-08-31,0.019230984421403172,False,1.0,False,0.3983613915310541,0.7770191273688148,0.0
2013-09-30,0.017910254448447828,False,1.0,False,0.2581499240982663,0.7759950993290887,0.0
2013-10-31,0.025714253497333243,False,1.0,False,0.8652057334198222,0.7749710712893625,1.0
2013-11-30,0.008658252560755501,False,1.0,False,-1.0040640758702855,0.7847624766000064,0.0
2013-12-31,0.015094442172438409,False,1.0,False,-0.04207315868763141,0.7780431554085409,0.0
2014-01-31,0.029962595910652267,False,1.0,False,1.114069108531006,0.7770191273688148,1.0
2014-02-28,0.013761771918513922,False,1.0,False,-0.2013064804705214,0.7982011189829364,0.0
2014-03-31,0.01568601112283183,False,1.0,False,0.023423727896625064,0.791481797791471,0.0
2014-04-30,0.023729074470300034,False,1.0,False,0.706509309108286,0.7847624766000064,0.0
2014-05-31,0.03404253461231155,False,1.0,False,1.2985842691487774,0.7780431554085409,1.0
2014-06-30,0.023041778268813144,False,1.0,False,0.6294230734266835,0.804920440174401,0.0
2014-07-31,0.00847432906521982,False,1.0,False,-1.0513936807034543,0.7982011189829364,0.0
2014-08-31,0.0348835426239015,False,1.0,False,1.3113026202273543,0.791481797791471,1.0
2014-09-30,0.024999575369272293,False,1.0,False,0.7265085882828808,0.8124690608214409,0.0
2014-10-31,0.002777977880128864,False,1.0,False,-2.7995399579669122,0.8116397613658656,0.0
2014-11-30,0.0,True,2.0,False,,0.804920440174401,
2014-12-31,0.025532066747647544,False,2.0,False,0.7105078371640058,0.804920440174401,0.0
2015-01-31,0.028985699776733105,False,2.0,False,0.8894421795312081,0.7982011189829364,1.0
2015-02-28,0.012986671592588383,False,2.0,False,-0.3727506580032858,0.8132983602770161,0.0
2015-03-31,0.004695184608325308,False,2.0,False,-1.8811931115585319,0.8124690608214409,0.0
2015-04-30,0.004694589130167399,False,2.0,False,-1.7908862931840088,0.8116397613658656,0.0
2015-05-31,0.009901040556299692,False,2.0,False,-0.6708961646462573,0.804920440174401,0.0
2015-06-30,0.01562472784180055,False,2.0,False,0.004606771033712943,0.7982011189829364,0.0
2015-07-31,0.020958155370451335,False,2.0,False,0.45315416716198315,0.791481797791471,0.0
2015-08-31,0.00980393402668134,False,2.0,False,-0.6606482366568581,0.7847624766000064,0.0
2015-09-30,0.02077133440909435,False,2.0,False,0.4462526382505659,0.7780431554085409,0.0
2015-10-31,0.02684568541303658,False,2.0,False,0.8065442678567735,0.7770191273688148,1.0
2015-11-30,0.020942576015035467,False,2.0,False,0.43367479446834334,0.7951438228774811,0.0
2015-12-31,0.017543962947828555,False,2.0,False,0.16278041309950972,0.789443600387834,0.0
2016-01-31,0.029498637345293732,False,2.0,False,0.9223897796863889,0.7837433778981878,1.0
2016-02-29,0.0,True,3.0,False,,0.8065442678567735,
2016-03-31,0.014563301044961938,False,3.0,False,-0.11800249546653464,0.8065442678567735,0.0
2016-04-30,0.02197831124321145,False,3.0,False,0.4643008482166042,0.8008440453671273,0.0
2016-05-31,0.026845605106285312,False,3.0,False,0.7396698049050002,0.7951438228774811,0.0
2016-06-30,0.009523653459977712,False,3.0,False,-0.7821399643928172,0.789443600387834,0.0
2016-07-31,0.01081067707484742,False,3.0,False,-0.6262940188894698,0.7837433778981878,0.0
2016-08-31,0.007142797342137062,False,3.0,False,-1.2177378249000657,0.7780431554085409,0.0
2016-09-30,0.018405041696879162,False,3.0,False,0.20514516318385007,0.7770191273688148,0.0
2016-10-31,0.014925743953285622,False,3.0,False,-0.11461235383594762,0.7759950993290887,0.0
2016-11-30,0.031249812815864714,False,3.0,False,0.9644073573519751,0.7749710712893625,1.0
2016-12-31,0.01626044088679385,False,2.0,False,-0.03233547521913278,0.7837433778981878,0.0
2017-01-31,0.011695791026329203,False,2.0,False,-0.5416814586669401,0.7780431554085409,0.0
2017-02-28,0.014084480121106396,False,2.0,False,-0.24231251769970033,0.7770191273688148,0.0
2017-03-31,0.006622174981268187,False,2.0,False,-1.3572041999656217,0.7759950993290887,0.0
2017-04-30,0.020833211062372275,False,2.0,False,0.38146387413149924,0.7749710712893625,0.0
2017-05-31,0.0,True,3.0,False,,0.7739470432496365,
2017-06-30,0.01801827590183389,False,3.0,False,0.11156249933795538,0.7739470432496365,0.0
2017-07-31,0.023077164268021193,False,3.0,False,0.5071025452609611,0.7729230152099102,0.0
2017-08-31,0.007299242968119501,False,3.0,False,-1.2924440716074004,0.7723837247996233,0.0
2017-09-30,0.01801750965037128,False,3.0,False,0.1359165428259039,0.7718444343893363,0.0
2017-10-31,0.02941154712694508,False,3.0,False,0.9265890200218035,0.7713051439790493,1.0
2017-11-30,0.01599991147683329,False,3.0,False,-0.06832499342377989,0.7739470432496363,0.0
2017-12-31,0.0298506727578887,False,3.0,False,0.9130947619298152,0.7729230152099102,1.0
2018-01-31,0.02739703375091947,False,3.0,False,0.7635263970281932,0.7770191273688148,0.0
2018-02-28,0.009216427186770284,False,3.0,False,-1.0110819911422475,0.7759950993290887,0.0
2018-03-31,0.006211250710989612,False,3.0,False,-1.6709429210957576,0.7749710712893627,0.0
2018-04-30,0.006097535952950308,False,3.0,False,-1.6414525235423645,0.7739470432496363,0.0
2018-05-31,0.048000265891234184,False,3.0,False,1.8137066272790323,0.7729230152099102,1.0
2018-06-30,0.027522846626959224,False,3.0,False,0.8940675207808105,0.7770191273688148,1.0
2018-07-31,0.009345824116583471,False,3.0,False,-0.8835503553415973,0.7951438228774811,0.0
2018-08-31,0.015037568896330667,False,3.0,False,-0.07617331931431548,0.7894436003878349,0.0
2018-09-30,0.01680681435167561,False,3.0,False,0.11305574737791592,0.783743377898187,0.0
2018-10-31,0.01951206099401731,False,3.0,False,0.3744982739500214,0.7780431554085409,0.0
2018-11-30,0.013422673670210066,False,3.0,False,-0.27417325437770873,0.7770191273688148,0.0
2018-12-31,0.01532555378451467,False,3.0,False,-0.04826157596261517,0.7759950993290887,0.0
2019-01-31,0.023346343429708382,False,3.0,False,0.6825563020257355,0.7749710712893627,0.0
2019-02-28,0.007518540036225693,False,3.0,False,-1.2304166907691707,0.7739470432496363,0.0
2019-03-31,0.014184226439220913,False,3.0,False,-0.15076577749836872,0.7729230152099102,0.0
2019-04-30,0.03305772380202905,False,3.0,False,1.2616261421979431,0.7723837247996233,1.0
2019-05-31,0.006451705415478972,False,3.0,False,-1.4284336805379585,0.7759950993290887,0.0
2019-06-30,0.0069928691834729995,False,3.0,False,-1.246292394264779,0.7749710712893627,0.0
2019-07-31,0.007936689238802317,False,3.0,False,-1.0325610966633445,0.7739470432496363,0.0
2019-08-31,0.004739330354251667,False,3.0,False,-1.8059192920367308,0.7729230152099102,0.0
2019-09-30,0.03603632998898625,False,3.0,False,1.4810024928138752,0.7723837247996233,1.0
2019-10-31,0.0076338618867057345,False,3.0,False,-1.1145706059139175,0.7759950993290887,0.0
2019-11-30,0.01600017917811638,False,2.0,False,0.14886332913804162,0.7749710712893627,0.0
2019-12-31,0.022058775444618105,False,2.0,False,0.7093977964724867,0.7739470432496363,0.0
2020-01-31,0.05041987350259138,False,2.0,False,2.0666707136896094,0.7729230152099102,1.0
2020-02-29,0.04794516344802617,False,2.0,False,1.8822992230684978,0.7770191273688148,1.0
2020-03-31,0.010335874901382918,False,2.0,False,-0.6614572911181352,0.7951438228774811,0.0
2020-04-30,0.009174355023581804,False,2.0,False,-0.907168227656558,0.7894436003878349,0.0
2020-05-31,0.017543844923188494,False,2.0,False,0.1979662855685285,0.783743377898187,0.0
2020-06-30,0.005025189375792018,False,2.0,False,-1.8790444678040854,0.7780431554085409,0.0
2020-07-31,0.005494488027102609,False,2.0,False,-1.6523382468755292,0.7770191273688148,0.0
2020-08-31,0.005494488828524294,False,2.0,False,-1.6048927335490788,0.7759950993290887,0.0
2020-09-30,0.0,True,3.0,False,,0.7749710712893627,
2020-10-31,0.01694899661046353,False,3.0,False,0.23597876446592764,0.7749710712893627,0.0
2020-11-30,0.007462883182654262,False,3.0,False,-1.0532478314585938,0.7739470432496363,0.0
2020-12-31,0.015151535454753765,False,3.0,False,0.08761778713928572,0.7729230152099102,0.0
2021-01-31,0.0128205224028408,False,3.0,False,-0.15917963210712838,0.7723837247996233,0.0
2021-02-28,0.013245204993554752,False,2.0,False,-0.10527630879973593,0.7718444343893363,0.0
2021-03-31,0.016304425254254188,False,2.0,False,0.23228343192449297,0.7713051439790493,0.0
2021-04-30,0.013071884829951216,False,2.0,False,-0.11585484444612039,0.7707658535687621,0.0
2021-05-31,0.05426357372753886,False,2.0,False,2.13843208687697,0.7702265631584752,1.0
2021-06-30,0.02325559148219718,False,2.0,False,0.761438060635193,0.7723837247996233,0.0
2021-07-31,0.007299309591427552,False,2.0,False,-1.0639269956311905,0.7718444343893363,0.0
2021-08-31,0.008771920892333824,False,2.0,False,-0.7835274928629206,0.7713051439790493,0.0
2021-09-30,0.014388311498596474,False,2.0,False,0.008838676359381355,0.7707658535687621,0.0
2021-10-31,0.0,True,3.0,False,,0.7702265631584752,
2021-11-30,0.0,True,4.0,False,,0.7702265631584752,
2021-12-31,0.0,True,5.0,False,,0.7702265631584752,
2022-01-31,0.0,True,6.0,False,,0.7702265631584752,
2022-02-28,0.013698844307941925,False,6.0,False,-0.045370838594557795,0.7702265631584752,0.0
2022-03-31,0.01744198910607799,False,6.0,False,0.3065596555450386,0.76914235254929,0.0
2022-04-30,0.0,True,7.0,False,,0.7680581419401048,
2022-05-31,0.0,True,7.0,False,,0.7680581419401048,
2022-06-30,0.0,True,8.0,False,,0.7680581419401048,
2022-07-31,0.02597414771627292,False,8.0,True,,0.7680581419401048,
2022-08-31,0.03846140247037201,False,8.0,True,,0.7680581419401048,
2022-09-30,0.0,True,9.0,False,,0.7680581419401048,
2022-10-31,0.0,True,10.0,False,,0.7680581419401048,
2022-11-30,0.0,True,11.0,False,,0.7680581419401048,
2022-12-31,0.0,True,12.0,False,,0.7680581419401048,
2023-01-31,0.0,True,13.0,False,,0.7680581419401048,
2023-02-28,0.0,True,14.0,False,,0.7680581419401048,
2023-03-31,0.0,True,15.0,False,,0.7680581419401048,
2023-04-30,0.030303174305979945,False,15.0,True,,0.7680581419401048,
2023-05-31,0.014184595410063684,False,15.0,True,,0.7680581419401048,
2023-06-30,0.0,True,16.0,False,,0.7680581419401048,
2023-07-31,0.0,True,17.0,False,,0.7680581419401048,
2023-08-31,0.0,True,18.0,False,,0.7680581419401048,
2023-09-30,0.0,True,19.0,False,,0.7680581419401048,
2023-10-31,0.0,True,20.0,False,,0.7680581419401048,
2023-11-30,0.0,True,21.0,False,,0.7680581419401048,
2023-12-31,0.0,True,22.0,False,,0.7680581419401048,
2024-01-31,0.0,True,23.0,False,,0.7680581419401048,
2024-02-29,0.0,True,24.0,False,,0.7680581419401048,
2024-03-31,0.016949032712670058,False,24.0,True,,0.7680581419401048,
2024-04-30,0.0,True,25.0,False,,0.7680581419401048,
2024-05-31,0.0,True,26.0,False,,0.7680581419401048,
2024-06-30,0.04123711909796254,False,26.0,True,,0.7680581419401048,
2024-07-31,0.0,True,27.0,False,,0.7680581419401048,
2024-08-31,0.008000004060400488,False,27.0,True,,0.7680581419401048,
2024-09-30,0.0,True,28.0,False,,0.7680581419401048,
2024-10-31,0.009345640907222405,False,28.0,True,,0.7680581419401048,
2024-11-30,0.009999928128243853,False,28.0,True,,0.7680581419401048,
2024-12-31,0.0,True,29.0,False,,0.7680581419401048,
2025-01-31,0.0,True,30.0,False,,0.7680581419401048,
2025-02-28,0.028571428571428574,False,30.0,True,,0.7680581419401048,
2025-03-31,0.05381155814360859,False,30.0,True,,0.7680581419401048,
2025-04-30,0.006191974217068106,False,30.0,True,,0.7680581419401048,
2025-05-31,0.01162801591846115,False,30.0,True,,0.7680581419401048,
2025-06-30,0.0,True,31.0,False,,0.7680581419401048,
2025-07-31,0.006289444809242104,False,31.0,True,,0.7680581419401048,
2025-08-31,0.0,True,32.0,False,,0.7680581419401048,
2025-09-30,0.042105404600393706,False,31.0,True,,0.7680581419401048,
2025-10-31,0.0,True,32.0,False,,0.7680581419401048,
2025-11-30,0.03418793717097878,False,32.0,True,,0.7680581419401048,
2025-12-31,0.0,True,33.0,False,,0.7680581419401048,
2026-01-31,0.0,True,34.0,False,,0.7680581419401048,
2026-02-28,0.00735309042767587,False,34.0,True,,0.7680581419401048,
2026-03-31,0.0,True,35.0,False,,0.7680581419401048,
2026-04-30,0.008064418641872215,False,35.0,True,,0.7680581419401048,
2026-05-31,0.0,True,36.0,False,,0.7680581419401048,
2026-06-30,0.0,True,37.0,False,,0.7680581419401048,
2026-07-31,0.0,True,38.0,False,,0.7680581419401048,
2026-08-31,0.0,True,39.0,False,,0.7680581419401048,
