N,emax,t_needed_dsr95,t_crit_maxt_sidak
2,0.5197553442805939,2.164755344280594,1.9545083272139914
3,0.8528044961506949,2.497804496150695,2.121201429680507
5,1.1925940010147893,2.8375940010147893,2.318679209826409
7,1.3867744613541602,3.03177446135416,2.4421108110656924
8,1.4590140774418097,3.1040140774418097,2.489777694388014
10,1.57459830134575,3.21959830134575,2.5678753685925684
20,1.9007079511811988,3.545707951181199,2.799211472482397
42,2.208693502883874,3.853693502883874,3.030555037168647
75,2.427674853444821,4.072674853444822,3.201455158226016
100,2.5306028932016846,4.175602893201685,3.2834075352738954
