data_month,decision_month,first_return_month,share_pct,z,threshold,EMV_overall,EMV_overall_pctile,VIX_mean,VIX_pctile,EMV_env,extends_hold,team_cross_within_1m
1995-08,1995-09,1995-10,2.575091882055764,1.2230058192992916,0.5717557998114247,13.36496,3.9215686274509802,12.798260869565217,18.137254901960784,0.34416,False,True
1996-04,1996-05,1996-06,1.9083655775387256,0.7533215926561835,0.5667119168594232,15.33092,19.607843137254903,16.575238095238095,40.19607843137255,0.29257,False,True
1996-11,1996-12,1997-01,1.7543675200196254,0.634974551760689,0.5561863458264492,17.1207,32.35294117647059,15.997,36.27450980392157,0.30036,False,True
1997-05,1997-06,1997-07,1.7804124061555189,0.7055310402097154,0.5740489975415033,17.6622,37.745098039215684,19.924761904761905,52.450980392156865,0.31446,True,True
1997-09,1997-10,1997-11,2.3376811146273093,1.186085203653605,0.5758065397741444,19.08943,49.01960784313725,23.812380952380952,71.56862745098039,0.44625,True,True
1998-07,1998-08,1998-09,1.8975250365625351,1.172179315690692,0.5690051145895019,27.63758,83.33333333333334,19.930000000000003,52.94117647058824,0.52443,False,True
1999-03,1999-04,1999-05,1.9999938803352002,1.296170891882131,0.5667119168594232,22.87707,67.64705882352942,25.309565217391306,78.43137254901961,0.45754,False,True
1999-06,1999-07,1999-08,1.4563010187117353,0.7702265631584752,0.5682407153461423,20.60151,56.86274509803921,23.626363636363635,70.09803921568627,0.30002,True,False
1999-08,1999-09,1999-10,1.8140703248358063,1.09411490171694,0.5705339130762209,26.13074,80.88235294117648,24.323636363636364,75.0,0.47403,True,True
2000-09,2000-10,2000-11,1.7291281664703235,1.0792324325196407,0.5614491313429364,18.59839,44.11764705882353,19.6875,50.98039215686274,0.32159,False,True
2000-12,2001-01,2001-02,2.5974067861265606,1.7480127187145773,0.5674763161027828,34.10517,93.13725490196079,26.5305,84.31372549019608,0.88585,True,True
2001-03,2001-04,2001-05,1.510053378526532,0.763796416938084,0.5758065397741444,31.14923,88.72549019607843,28.49681818181818,88.72549019607843,0.47037,True,True
2001-06,2001-07,2001-08,1.904788697394132,1.181618337621241,0.5944617468195412,17.06226,30.88235294117647,20.94047619047619,58.82352941176471,0.325,True,False
2001-08,2001-09,2001-10,1.671332068083146,0.9366784664490969,0.5974545135791455,19.9697,52.94117647058824,21.86173913043478,62.745098039215684,0.33376,True,False
2001-12,2002-01,2002-02,1.463423846086582,0.7729230152099102,0.5984521024990136,24.35863,72.54901960784314,23.72,70.58823529411765,0.35647,True,True
2002-04,2002-05,2002-06,2.2792092289479435,1.4089167660304343,0.6022253303107203,20.08723,53.92156862745098,19.900454545454547,51.9607843137255,0.45783,True,True
2003-06,2003-07,2003-08,1.8469629433631192,1.0741924273512646,0.609327249908986,20.10598,54.41176470588235,20.362380952380953,56.86274509803921,0.37135,False,False
2003-08,2003-09,2003-10,1.5290499090862748,0.7780431554085409,0.6285627262977634,17.6541,37.254901960784316,19.274285714285714,49.01960784313725,0.26994,True,False
2004-02,2004-03,2004-04,2.0408307542456754,1.2212200397997626,0.6646440017900654,12.7306,2.450980392156863,15.99842105263158,36.76470588235294,0.25981,True,False
2004-10,2004-11,2004-12,1.9292799292631735,1.2073268372158716,0.6448643684371487,15.51667,21.07843137254902,14.973809523809523,31.372549019607842,0.29936,False,False
2005-01,2005-02,2005-03,1.5060334720219135,0.7496757430791635,0.6646440017900654,17.34822,33.82352941176471,13.437999999999999,23.03921568627451,0.26127,True,False
2005-05,2005-06,2005-07,1.548005586896189,0.7612867567163709,0.6844236351429835,16.5387,26.96078431372549,13.967619047619047,26.96078431372549,0.25602,True,False
2005-09,2005-10,2005-11,1.9047568559053822,1.1170743299218877,0.6886451161563303,15.09064,18.137254901960784,12.628095238095238,17.647058823529413,0.28744,True,False
2005-12,2006-01,2006-02,1.976262250989544,1.195216208499694,0.6970880781830231,14.15804,8.823529411764707,11.26,2.941176470588235,0.2798,True,False
2006-05,2006-06,2006-07,1.796434044355569,1.0511632219176668,0.6970880781830231,17.61267,36.76470588235294,14.454545454545455,29.411764705882355,0.3164,True,True
2007-01,2007-02,2007-03,2.180703861451579,1.4993003097623498,0.6886451161563303,14.47927,11.76470588235294,11.0425,1.4705882352941175,0.31575,False,True
2007-04,2007-05,2007-06,2.1634670516907653,1.4049033744433812,0.7273646157310496,18.74861,45.09803921568628,12.933000000000002,19.607843137254903,0.40562,True,True
2007-09,2007-10,2007-11,2.3715597634481975,1.55186144904987,0.7347584390755338,25.32384,76.9607843137255,22.198947368421056,64.70588235294117,0.60057,True,True
2007-12,2008-01,2008-02,2.362188449941095,1.467660416886909,0.7426220485153215,26.12662,80.3921568627451,21.651,61.274509803921575,0.61716,True,False
2008-03,2008-04,2008-05,1.6474545259413393,0.8157862586437418,0.7454435263408584,28.79169,85.29411764705883,27.103500000000004,85.29411764705883,0.47433,True,False
2008-06,2008-07,2008-08,2.1844850383104077,1.272569066312215,0.7525924227407795,18.24961,42.64705882352941,22.11047619047619,63.725490196078425,0.39866,True,True
2009-01,2009-02,2009-03,1.7208322195805914,0.7648055101125489,0.7511340829099715,31.16341,89.2156862745098,44.683,97.54901960784314,0.53627,False,False
2009-05,2009-06,2009-07,1.895723590959978,0.894015851480036,0.7581006910922962,24.97516,75.98039215686273,31.977999999999998,91.66666666666666,0.47346,True,True
