table,rows_old,rows_new,cols_removed,cols_added,max_num_diff,text_equal,old_rows_missing,nan_mismatch_statistic,nan_mismatch_p_value_two_sided,nan_mismatch_n_obs
attribution.csv,96,96,[],0,0.0,True,,,,
attribution_monthly.csv,6056,6056,[],0,0.0,True,,,,
bond_annual.csv,72,72,[],0,0.0,True,,,,
bond_eom_robustness.csv,38,38,[],0,0.0,True,,,,
bond_hedge_comparison_corrected_FF3_BOND.csv,8,8,[],0,0.0,True,,,,
bond_hedge_comparison_corrected_FF3_UMD_BOND.csv,8,8,[],0,0.0,True,,,,
bond_hedge_comparison_team_FF3_BOND.csv,8,8,[],0,0.0,True,,,,
bond_hedge_comparison_team_FF3_UMD_BOND.csv,8,8,[],0,0.0,True,,,,
bond_hedge_rerun.csv,490,490,[],1,0.0,True,,,,
bond_loadings.csv,432,432,[],0,0.0,True,,,,
bond_monthly.csv,880,880,[],0,0.0,True,,,,
bond_validation_summary.csv,45,45,[],0,0.0,True,,,,
exposures.csv,1008,1008,[],0,0.0,True,,,,
factcheck_rates.csv,57,57,[],0,0.0,True,,,,
ferson_schadt.csv,54,54,[],2,0.0,True,,,,
gb_rolling60_betas.csv,680,680,[],0,0.0,True,,,,
hedged_brown_holdout.csv,4,4,[],0,0.0,True,,,,
holdout_alpha.csv,14,14,[],2,0.0,True,,,,
instruments_lagged.csv,739,739,[],0,0.0,True,,,,
key_numbers.csv,1117,1990,[],0,0.0,,0.0,,,
leg_exposures.csv,12,12,[],0,0.0,True,,,,
ln_decomposition.csv,918,918,[],0,0.0,True,,,,
ln_vs_benchmark.csv,48,48,[],0,0.0,True,,,,
macro_state.csv,360,360,[],0,0.0,True,,,,
position_overlap.csv,84,84,[],0,0.0,True,,,,
primary_i.csv,2,2,[],0,0.0,True,,,,
primary_iii.csv,7,7,[],0,0.0,True,,,,
tests_ledger.csv,4781,6360,[],0,0.0,,0.0,,,
timing_tests.csv,1080,1080,[],0,0.0,True,,,,
timing_tests_summary.csv,13,13,[],0,0.0,True,,,,
