claim,check,mine,reported,abs_diff,tol,ok,note
data,EMV_env range,1985-01..2026-08,1985-01..2026-08,,0.0,True,
data,EMV_env max abs diff vs measures_monthly.csv,0.0,0.0,0.0,1e-09,True,
data,MCCC range,2003-01..2025-06,2003-01..2025-06,,0.0,True,
data,MCCC max abs diff vs measures_monthly.csv,0.0,0.0,0.0,1e-09,True,
data,CPU range,1987-04..2025-09,1987-04..2025-09,,0.0,True,
data,CPU max abs diff vs measures_monthly.csv,0.0,0.0,0.0,1e-09,True,
data,VIX range,1990-01..2026-08,1990-01..2026-08,,0.0,True,
data,VIX max abs diff vs measures_monthly.csv,3.552713678800501e-15,0.0,3.552713678800501e-15,1e-09,True,
data,EMV_overall range,1985-01..2026-08,1985-01..2026-08,,0.0,True,
data,EMV_overall max abs diff vs measures_monthly.csv,0.0,0.0,0.0,1e-09,True,
data,EMV_env == team attention (max abs diff),0.0,0.0,0.0,1e-09,True,
data,EMV_env zero share in holdout (claim 65%),0.6458333333333334,0.65,-0.004166666666666652,0.005,True,
data,MCCC zero months (claim none),0,0,0.0,0.0,True,
data,CPU zero months (claim none),0,0,0.0,0.0,True,
data,VIX zero months (claim none),0,0,0.0,0.0,True,
data,EMV_overall zero months (claim none),0,0,0.0,0.0,True,
timing,number of CPI gaps after 1990 (claim 1: 2025-10),1,1,0.0,0.0,True,2025-10
engine,"Brown-leg residual, mine vs pipeline (max abs diff)",0.0,0.0,0.0,1e-10,True,
engine,"MCCC O3 realtime net return, from-scratch engine vs pipeline (max abs diff)",1.3877787807814457e-17,0.0,1.3877787807814457e-17,1e-10,True,
engine,"MCCC O6 realtime net return, from-scratch engine vs pipeline (max abs diff)",1.3877787807814457e-17,0.0,1.3877787807814457e-17,1e-10,True,
engine,"MCCC realtime z, mine vs pipeline (max abs diff)",0.0,0.0,0.0,1e-10,True,
timing,MCCC realtime z_t == same-month z_(t-1) (max abs diff),0.0,0.0,0.0,1e-10,True,
engine,"CPU O3 realtime net return, from-scratch engine vs pipeline (max abs diff)",1.3877787807814457e-17,0.0,1.3877787807814457e-17,1e-10,True,
engine,"CPU O6 realtime net return, from-scratch engine vs pipeline (max abs diff)",1.3877787807814457e-17,0.0,1.3877787807814457e-17,1e-10,True,
engine,"CPU realtime z, mine vs pipeline (max abs diff)",0.0,0.0,0.0,1e-10,True,
timing,CPU realtime z_t == same-month z_(t-1) (max abs diff),0.0,0.0,0.0,1e-10,True,
engine,"EMV_env O3 realtime net return, from-scratch engine vs pipeline (max abs diff)",1.3877787807814457e-17,0.0,1.3877787807814457e-17,1e-10,True,
engine,"EMV_env O6 realtime net return, from-scratch engine vs pipeline (max abs diff)",1.3877787807814457e-17,0.0,1.3877787807814457e-17,1e-10,True,
engine,"EMV_env realtime z, mine vs pipeline (max abs diff)",0.0,0.0,0.0,1e-10,True,
timing,EMV_env realtime z_t == same-month z_(t-1) (max abs diff),0.0,0.0,0.0,1e-10,True,
engine,"VIX O3 realtime net return, from-scratch engine vs pipeline (max abs diff)",1.3877787807814457e-17,0.0,1.3877787807814457e-17,1e-10,True,
engine,"VIX O6 realtime net return, from-scratch engine vs pipeline (max abs diff)",1.3877787807814457e-17,0.0,1.3877787807814457e-17,1e-10,True,
engine,"VIX realtime z, mine vs pipeline (max abs diff)",0.0,0.0,0.0,1e-10,True,
timing,VIX realtime z_t == same-month z_(t-1) (max abs diff),0.0,0.0,0.0,1e-10,True,
engine,"EMV_overall O3 realtime net return, from-scratch engine vs pipeline (max abs diff)",1.3877787807814457e-17,0.0,1.3877787807814457e-17,1e-10,True,
engine,"EMV_overall O6 realtime net return, from-scratch engine vs pipeline (max abs diff)",1.3877787807814457e-17,0.0,1.3877787807814457e-17,1e-10,True,
engine,"EMV_overall realtime z, mine vs pipeline (max abs diff)",0.0,0.0,0.0,1e-10,True,
timing,EMV_overall realtime z_t == same-month z_(t-1) (max abs diff),0.0,0.0,0.0,1e-10,True,
windows,MCCC holdout end (claim 2025-07),2025-07,2025-07,,0.0,True,
windows,CPU holdout end (claim 2025-10),2025-10,2025-10,,0.0,True,
Q1,primary family size,40,40,0.0,0.0,True,
Q1,max |estimate diff| over 40 primary tests,9.974659986866641e-17,0.0,9.974659986866641e-17,1e-09,True,
Q1,max |t diff| over 40 primary tests,2.220446049250313e-16,0.0,2.220446049250313e-16,1e-08,True,
Q1,max |p diff| over 40 primary tests,1.1102230246251565e-16,0.0,1.1102230246251565e-16,1e-08,True,
Q1,n matches for all 40 tests,True,True,,0.0,True,
Q1,min Holm p (claim 1.00),1.0,1.0,0.0,1e-09,True,
Q1,"min raw p (claim 0.033, MCCC purified holdout IC)",0.033317966415103484,0.033,0.0003179664151034822,0.0005,True,Q1_MCCC_realtime_pure_holdout_IC
Q1,MCCC purified holdout IC (claim +0.163),0.1627285400139381,0.163,-0.00027145998606190047,0.0005,True,
Q1,MCCC purified holdout IC t (claim 2.22),2.218277994954947,2.22,-0.0017220050450532653,0.005,True,
Q1,decision (claim unchanged),unchanged,unchanged,,0.0,True,
Q1,MCCC holdout alphas all negative (6 of 6),6,6,0.0,0.0,True,
Q1,MCCC holdout alpha min (claim -2.91%),-2.9095252844095936,-2.91,0.0004747155904065714,0.005,True,
Q1,MCCC holdout alpha max (claim -0.56%),-0.5583118142925305,-0.56,0.0016881857074695361,0.005,True,
Q1,MCCC holdout t min (claim -1.95),-1.9502753999152838,-1.95,-0.0002753999152838027,0.005,True,
Q1,MCCC holdout t max (claim -1.31),-1.308645120552859,-1.31,0.0013548794471409664,0.005,True,
Q1,CPU holdout alpha min (claim -1.62%),-1.6226253258077603,-1.62,-0.0026253258077602037,0.005,True,
Q1,CPU holdout alpha max (claim +0.36%),0.35835361060590976,0.36,-0.0016463893940902308,0.005,True,
Q1,CPU holdout n (claim 39),39,39,0.0,0.0,True,
Q1,MCCC holdout n (claim 36),36,36,0.0,0.0,True,
Q1,EMV_env validation alphas with t>=1.96 (claim 4),4,4,0.0,0.0,True,
Q1,EMV_env mean validation alpha (%),1.4524507263739939,1.45,0.0024507263739939056,0.005,True,
Q1,MCCC validation alphas with t>=1.96 (claim 0),0,0,0.0,0.0,True,
Q1,MCCC mean validation alpha (%),0.33998290656960106,0.34,-1.7093430398962273e-05,0.005,True,
Q1,CPU validation alphas with t>=1.96 (claim 0),0,0,0.0,0.0,True,
Q1,CPU mean validation alpha (%),0.8789195928871066,0.88,-0.0010804071128933668,0.005,True,
Q1,CPU O6 validation alpha (claim 1.81%),1.8134340480650397,1.81,0.003434048065039663,0.005,True,
Q1,CPU O6 validation t (claim 1.73),1.7262241986064102,1.73,-0.003775801393589795,0.005,True,
Q1,"EMV_env O3 validation alpha, corrected baseline (claim 1.62%)",1.6201627581544715,1.62,0.00016275815447142072,0.005,True,
Q1,"EMV_env O3 validation t, corrected baseline (claim 1.97)",1.9721760674996491,1.97,0.002176067499649159,0.005,True,
Q1,EMV_env O3 alpha 2022-08..2025-07 (claim -1.17%),-1.1699393323026803,-1.17,6.0667697319605196e-05,0.005,True,
Q1,EMV_env O3 t 2022-08..2025-07 (claim -2.08),-2.080601714746357,-2.08,-0.0006017147463568406,0.005,True,
Q1,EMV_env O3 alpha 2022-08..2025-10 (claim -1.04%),-1.0431330889867163,-1.04,-0.0031330889867162703,0.005,True,
Q1,EMV_env O3 t 2022-08..2025-10 (claim -1.97),-1.974325534969445,-1.97,-0.0043255349694450995,0.005,True,
Q1,EMV_env O3 alpha 2022-08..2026-07 (claim -2.16%),-2.1558722950635905,-2.16,0.004127704936409682,0.005,True,
Q1,EMV_env O3 t 2022-08..2026-07 (claim -1.9),-1.898871816175473,-1.9,0.0011281838245269515,0.005,True,
Q1,"corr(z_MCCC, z_EMV_env) post-2010 (claim -0.07)",-0.06733276443867434,-0.07,0.0026672355613256704,0.005,True,
Q1,"corr(z_CPU, z_EMV_env) post-2010 (claim 0.1)",0.1020985927245141,0.1,0.002098592724514098,0.005,True,
Q1,"corr(z_VIX, z_EMV_env) post-2010 (claim 0.14)",0.14292364358498352,0.14,0.0029236435849835096,0.005,True,
Q1,"corr(z_EMV_overall, z_EMV_env) post-2010 (claim 0.39)",0.38656134409849885,0.39,-0.003438655901501164,0.005,True,
Q2,max diff COVID alpha (and t/100) over 60 cells vs placebo_covid.csv,9.71445146547012e-17,0.0,9.71445146547012e-17,1e-09,True,
Q2,"VIX reproduces COVID gain, realtime (claim 3 of 6)",3,3,0.0,0.0,True,
Q2,"EMV_overall reproduces COVID gain, realtime (claim 4 of 6)",4,4,0.0,0.0,True,
Q2,"VIX reproduces COVID gain, same_month (claim 3 of 6)",3,3,0.0,0.0,True,
Q2,"EMV_overall reproduces COVID gain, same_month (claim 6 of 6)",6,6,0.0,0.0,True,
Q2,EMV_env O3 COVID alpha realtime (claim 6.38%),6.381221319012117,6.38,0.0012213190121173056,0.005,True,
Q2,EMV_env O3 COVID t realtime (claim 3.62),3.620199923271012,3.62,0.00019992327101192586,0.005,True,
Q2,VIX O3 COVID alpha realtime (claim 2.41%),2.4137948206396183,2.41,0.0037948206396181128,0.005,True,
Q2,VIX O3 COVID t realtime (claim 2.03),2.0260391610435944,2.03,-0.003960838956405421,0.005,True,
Q2,EMV_overall O3 COVID alpha realtime (claim 1.65%),1.6549148371351956,1.65,0.004914837135195693,0.005,True,
Q2,EMV_overall O3 COVID t realtime (claim 1.29),1.2916663272928788,1.29,0.0016663272928787443,0.005,True,
Q2,CPU O3 COVID alpha realtime (claim 6.44%),6.438173334115898,6.44,-0.0018266658841019634,0.005,True,
Q2,CPU O3 COVID t realtime (claim 4.46),4.462822998740254,4.46,0.0028229987402541568,0.005,True,
Q2,"COVID n and df (claim 24, t(20))",24,24,0.0,0.0,True,
Q2,"min Holm p, 12 realtime paired placebo tests (claim 0.051)",0.05135851995322989,0.051,0.00035851995322989244,0.0005,True,
Q2,EMV_env - EMV_overall O3 COVID diff alpha t (claim 3.22),3.2215923502643307,3.22,0.0015923502643304666,0.005,True,
Q2,always-short Brown COVID alpha (claim 4.54%),4.540413350826656,4.54,0.00041335082665572287,0.005,True,
Q2,always-short Brown COVID t (claim 1.96),1.9605368369670926,1.96,0.0005368369670926132,0.005,True,
Q2,always-short Brown COVID net (claim 6.87%),6.865790339725321,6.87,-0.004209660274678839,0.005,True,
Q2,benchmark alpha / EMV_env O3 realtime alpha (claim 71%),0.7115273274253965,0.71,0.0015273274253965186,0.005,True,
Q2,team baseline O3 COVID alpha (write-up 6.03%),6.03128194023173,6.03,0.0012819402317294504,0.005,True,
Q2,team baseline O3 COVID t (write-up 3.21),3.207329862508734,3.21,-0.0026701374912661002,0.005,True,
Q2,team baseline O3 COVID p with t(20) (not in FINDINGS; audit says none survive),0.004421608040461732,,,inf,info,
Q2,Brown residual 2020-03 (claim -3.33%),-3.3287152468488928,-3.33,0.0012847531511073207,0.005,True,
Q2,Brown residual 2020-04 (claim -5.91%),-5.914631473692972,-5.91,-0.004631473692971788,0.005,True,
Q2,EMV_env O3 COVID summed net (claim 16.08%),16.08395116672723,16.08,0.00395116672723006,0.005,True,
Q2,EMV_env O3 Mar+Apr 2020 net (claim 7.93%),7.9262742673145645,7.93,-0.00372573268543519,0.005,True,
Q2,share Mar-Apr (claim 49%),0.4928064121278607,0.49,0.0028064121278607024,0.005,True,
Q2,EMV_env O3 COVID alpha ex Mar-Apr (claim 3.48%),3.4785476560532396,3.48,-0.001452343946760415,0.005,True,
Q2,EMV_env O3 COVID t ex Mar-Apr (claim 2.68),2.67716530553155,2.68,-0.002834694468450305,0.005,True,
Q2,CPU O3 COVID alpha ex Mar-Apr (claim 3.81%),3.807850071502418,3.81,-0.00214992849758211,0.005,True,
Q2,CPU O3 COVID t ex Mar-Apr (claim 2.44),2.442734015176311,2.44,0.002734015176311111,0.005,True,
Q2,VIX O3 COVID alpha ex Mar-Apr (claim 2.2%),2.1993110954427144,2.2,-0.0006889045572857633,0.005,True,
Q2,VIX O3 COVID t ex Mar-Apr (claim 1.25),1.2529992470038922,1.25,0.0029992470038922026,0.005,True,
Q2,EMV_overall O3 COVID alpha ex Mar-Apr (claim 1.18%),1.178698168412506,1.18,-0.0013018315874939734,0.005,True,
Q2,EMV_overall O3 COVID t ex Mar-Apr (claim 0.67),0.6738539208278854,0.67,0.003853920827885382,0.005,True,
Q2,EMV_env O3 realtime months held in COVID (placebo caveat says 13),13,13,0.0,0.0,True,
Q2,VIX O3 realtime months held in COVID (caveat says 6),6,6,0.0,0.0,True,
Q2,"EMV_env O3 realtime earned months Jan-Jun 2020 (claim: Dec-2019 crossing, traded close of Jan, held through Apr)","2020-01,2020-02,2020-03,2020-04","2020-01,2020-02,2020-03,2020-04",,0.0,True,Jan-2020 is earned from the earlier Sep-2019 data-month crossing; the Dec-2019 crossing adds Feb-Apr
crossings,EMV_env raw crossings,26,26,0.0,0.0,True,
crossings,EMV_env exact overlap,26,26,0.0,0.0,True,
crossings,EMV_env +/-1m overlap,26,26,0.0,0.0,True,
crossings,EMV_env chance +/-1m (module formula),8.917460715866905,8.917460715866905,0.0,0.01,True,
crossings,EMV_env crossings 2019-11..2021-12,"2019-12, 2020-05, 2020-10, 2021-05","2019-12, 2020-05, 2020-10, 2021-05",,0.0,True,
crossings,MCCC raw crossings,25,25,0.0,0.0,True,
crossings,MCCC exact overlap,2,2,0.0,0.0,True,
crossings,MCCC +/-1m overlap,11,11,0.0,0.0,True,
crossings,MCCC chance +/-1m (module formula),8.482427578798966,8.482427578798966,0.0,0.01,True,
crossings,MCCC binomial p (module formula),0.19539929885990162,0.1953992988599016,2.7755575615628914e-17,1e-06,True,
crossings,MCCC binomial p with exact coverage share 0.376 (sensitivity),0.32164849255708816,0.1953992988599016,0.12624919369718657,0.02,False,sensitivity only
crossings,MCCC crossings 2019-11..2021-12,"2019-11, 2020-01, 2020-09, 2021-01, 2021-08","2019-11, 2020-01, 2020-09, 2021-01, 2021-08",,0.0,True,
crossings,CPU raw crossings,23,23,0.0,0.0,True,
crossings,CPU exact overlap,4,4,0.0,0.0,True,
crossings,CPU +/-1m overlap,12,12,0.0,0.0,True,
crossings,CPU chance +/-1m (module formula),7.972941827677139,7.972941827677139,0.0,0.01,True,
crossings,CPU binomial p (module formula),0.06375947926624641,0.0637594792662464,1.3877787807814457e-17,1e-06,True,
crossings,CPU binomial p with exact coverage share 0.381 (sensitivity),0.12074260925510893,0.0637594792662464,0.05698312998886254,0.02,False,sensitivity only
crossings,CPU crossings 2019-11..2021-12,"2019-12, 2020-03, 2020-10, 2021-07, 2021-09","2019-12, 2020-03, 2020-10, 2021-07, 2021-09",,0.0,True,
crossings,VIX raw crossings,10,10,0.0,0.0,True,
crossings,VIX exact overlap,3,3,0.0,0.0,True,
crossings,VIX +/-1m overlap,4,4,0.0,0.0,True,
crossings,VIX chance +/-1m (module formula),3.4297925830257325,3.4297925830257325,0.0,0.01,True,
crossings,VIX binomial p (module formula),0.467065067344249,0.467065067344249,0.0,1e-06,True,
crossings,VIX binomial p with exact coverage share 0.377 (sensitivity),0.558224040400088,0.467065067344249,0.09115897305583898,0.02,False,sensitivity only
crossings,VIX crossings 2019-11..2021-12,"2020-02, 2020-09","2020-02, 2020-09",,0.0,True,
crossings,EMV_overall raw crossings,14,14,0.0,0.0,True,
crossings,EMV_overall exact overlap,7,7,0.0,0.0,True,
crossings,EMV_overall +/-1m overlap,9,9,0.0,0.0,True,
crossings,EMV_overall chance +/-1m (module formula),4.8017096162360255,4.8017096162360255,0.0,0.01,True,
crossings,EMV_overall binomial p (module formula),0.021210035939501874,0.0212100359395018,7.28583859910259e-17,1e-06,True,
crossings,EMV_overall binomial p with exact coverage share 0.377 (sensitivity),0.03981527893755332,0.0212100359395018,0.01860524299805152,0.02,True,sensitivity only
crossings,EMV_overall crossings 2019-11..2021-12,"2020-02, 2020-10, 2021-03","2020-02, 2020-10, 2021-03",,0.0,True,
crossings,"MCCC crossing dates, from-scratch vs pipeline (mismatches)",0,0,0.0,0.0,True,
crossings,"CPU crossing dates, from-scratch vs pipeline (mismatches)",0,0,0.0,0.0,True,
text,MCCC O3 validation_live alpha (claim 0.54%),0.54054217291633,0.54,0.0005421729163299638,0.005,True,
text,MCCC O3 validation_live n (claim 138),138.0,138,0.0,0.0,True,
text,MCCC P6 validation_live n (claim 78),78.0,78,0.0,0.0,True,
text,MCCC P6 validation_live t (claim 0.10),0.0962545122125662,0.1,-0.0037454877874338044,0.005,True,
text,MCCC same-month holdout alphas all negative,6,6,0.0,0.0,True,
text,MCCC same-month P3 holdout t (claim -2.39),-2.3921552305041875,-2.39,-0.002155230504187422,0.005,True,
text,EMV_overall mean validation alpha (claim 1.07%),1.0671730485781632,1.07,-0.002826951421836865,0.005,True,
text,VIX/EMV_overall holdout max |t| (claim 1.01),1.012543116574331,1.01,0.002543116574331039,0.005,True,
text,EMV_env post2010 alpha min (claim 0.24%),0.24022203526549002,0.24,0.00022203526549002817,0.005,True,
text,EMV_env post2010 alpha max (claim 1.42%),1.41691088023543,1.42,-0.0030891197645699364,0.005,True,
text,EMV_env post2010 max |t| (claim 1.65),1.647374012299382,1.65,-0.002625987700617838,0.005,True,
text,MCCC post2010 alpha min (claim -0.27%),-0.2691330161962,-0.27,0.0008669838038000144,0.005,True,
text,MCCC post2010 alpha max (claim 0.35%),0.34556813855865004,0.35,-0.004431861441349938,0.005,True,
text,MCCC post2010 max |t| (claim 0.51),0.5131297554053909,0.51,0.003129755405390844,0.005,True,
text,CPU post2010 alpha min (claim -0.21%),-0.20521471243011,-0.21,0.0047852875698899955,0.005,True,
text,CPU post2010 alpha max (claim 1.23%),1.22895493972024,1.23,-0.001045060279760035,0.005,True,
text,CPU post2010 max |t| (claim 1.43),1.4338413398749654,1.43,0.003841339874965488,0.005,True,
text,EMV_env O3 validation turnover x/yr (claim 5.1),5.116086367892035,5.1,0.016086367892035547,0.05,True,
text,EMV_env O3 validation cost drag % (claim 0.6),0.5561115421309499,0.6,-0.043888457869050046,0.05,True,
text,MCCC O3 validation turnover x/yr (claim 3.8),3.8063248047853904,3.8,0.006324804785390548,0.05,True,
text,MCCC O3 validation cost drag % (claim 0.4),0.42916497129468,0.4,0.029164971294679987,0.05,True,
text,CPU O3 validation turnover x/yr (claim 4.9),4.86272856729837,4.9,-0.03727143270163058,0.05,True,
text,CPU O3 validation cost drag % (claim 0.5),0.52300947152138,0.5,0.02300947152138,0.05,True,
text,EMV_env O3 last12 realtime alpha % (NOT in FINDINGS text),1.1979553602478,,,inf,info,"t=0.30, n=12, p=0.775"
text,EMV_env O3 last18 realtime alpha % (NOT in FINDINGS text),-4.05336135870129,,,inf,info,"t=-1.55, n=18, p=0.143"
text,VIX O3 last12 realtime alpha % (NOT in FINDINGS text),0.82394234347112,,,inf,info,"t=0.90, n=12, p=0.393"
text,VIX O3 last18 realtime alpha % (NOT in FINDINGS text),0.79480694721439,,,inf,info,"t=0.86, n=18, p=0.407"
text,EMV_overall O3 last12 realtime alpha % (NOT in FINDINGS text),1.29871421307887,,,inf,info,"t=0.18, n=12, p=0.861"
text,EMV_overall O3 last18 realtime alpha % (NOT in FINDINGS text),-1.5621671968820001,,,inf,info,"t=-0.45, n=18, p=0.661"
timing,MCCC realtime pure_t == same-month pure_(t-1) (max abs diff),0.0,0.0,0.0,1e-09,True,
timing,MCCC realtime w_raw_t == same-month w_raw_(t-1) (max abs diff),0.0,0.0,0.0,1e-09,True,
timing,MCCC realtime w_pure_t == same-month w_pure_(t-1) (max abs diff),0.0,0.0,0.0,1e-09,True,
timing,CPU realtime pure_t == same-month pure_(t-1) (max abs diff),0.0,0.0,0.0,1e-09,True,
timing,CPU realtime w_raw_t == same-month w_raw_(t-1) (max abs diff),0.0,0.0,0.0,1e-09,True,
timing,CPU realtime w_pure_t == same-month w_pure_(t-1) (max abs diff),0.0,0.0,0.0,1e-09,True,
timing,"MCCC fuzz after 2014-06: max change in net returns through 2014-07, 6 strategies",0.0,0.0,0.0,0.0,True,
timing,MCCC fuzz after 2014-06: returns after 2014-07 do change (non-vacuous test),True,True,,0.0,True,
timing,"MCCC fuzz after 2018-01: max change in net returns through 2018-02, 6 strategies",0.0,0.0,0.0,0.0,True,
timing,MCCC fuzz after 2018-01: returns after 2018-02 do change (non-vacuous test),True,True,,0.0,True,
timing,"MCCC fuzz after 2021-03: max change in net returns through 2021-04, 6 strategies",0.0,0.0,0.0,0.0,True,
timing,MCCC fuzz after 2021-03: returns after 2021-04 do change (non-vacuous test),True,True,,0.0,True,
timing,"CPU fuzz after 2014-06: max change in net returns through 2014-07, 6 strategies",0.0,0.0,0.0,0.0,True,
timing,CPU fuzz after 2014-06: returns after 2014-07 do change (non-vacuous test),True,True,,0.0,True,
timing,"CPU fuzz after 2018-01: max change in net returns through 2018-02, 6 strategies",0.0,0.0,0.0,0.0,True,
timing,CPU fuzz after 2018-01: returns after 2018-02 do change (non-vacuous test),True,True,,0.0,True,
timing,"CPU fuzz after 2021-03: max change in net returns through 2021-04, 6 strategies",0.0,0.0,0.0,0.0,True,
timing,CPU fuzz after 2021-03: returns after 2021-04 do change (non-vacuous test),True,True,,0.0,True,
Q2,team-timing EMV_env O3: Mar+Apr share of COVID net (not in FINDINGS),0.2283487840891682,,,inf,info,under team timing only Mar-2020 is held
Q2,team-timing EMV_env O3 COVID alpha ex Mar-Apr (not in FINDINGS),4.246820291325105,,,inf,info,"t=2.41, n=22"
Q2,always-short Brown COVID alpha ex Mar-Apr (not in FINDINGS),3.061761159036589,,,inf,info,"t=1.05, n=22"
text,MCCC same-month validation max t (claim 1.59),1.59168169829245,1.59,0.0016816982924499069,0.005,True,
text,CPU same-month validation O6 alpha (claim 1.86%),1.86195826518931,1.86,0.001958265189309971,0.005,True,
text,CPU same-month holdout max |t| (claim < 0.82),0.8090546626214942,0.81,-0.0009453373785058838,0.01,True,
text,MCCC level validation max t (claim 0.62),0.6208694566370274,0.62,0.0008694566370274215,0.005,True,
text,MCCC level holdout alpha min (claim -2.48%),-2.48015338274266,-2.48,-0.00015338274265985774,0.005,True,
text,MCCC level holdout alpha max (claim -0.65%),-0.6473133195892,-0.65,0.002686680410800002,0.005,True,
text,CPU level validation max t (claim 1.66),1.6629743638744128,1.66,0.0029743638744128553,0.005,True,
text,MCCC transition validation max |t| (claim 0.99),0.9859208908026208,0.99,-0.004079109197379194,0.005,True,
text,EMV_env_share P6 validation t (claim 2.19),2.1863377124082226,2.19,-0.0036622875917773356,0.005,True,
text,EMV_overall O6 validation t (claim 2.05),2.051941964546128,2.05,0.001941964546128272,0.005,True,
text,EMV_env O3 full_live alpha (claim 0.44%),0.44035641674336,0.44,0.0003564167433600107,0.005,True,
text,CPU O3 full_live t (claim 0.52),0.5212960645749986,0.52,0.0012960645749985344,0.005,True,
text,discrete-rule validation turnover min x/yr (claim 2),1.7329006699613312,2.0,-0.2670993300386688,0.05,False,all measures incl. robustness variants
text,discrete-rule validation cost drag max % (claim <= 0.6),0.63431640630872,0.6,0.034316406308720016,0.005,False,
text,MCCC O3 holdout bootstrap CI low (claim -5.41%),-5.41176674297585,-5.41,-0.0017667429758496667,0.005,True,
text,MCCC O3 holdout bootstrap CI high (claim -0.29%),-0.28881467151801,-0.29,0.001185328481989989,0.005,True,
text,EMV_env O3 holdout bootstrap mean (claim -2.57%),-2.5725636648320003,-2.57,-0.002563664832000434,0.005,True,
text,"MCCC CR minus O3 holdout paired bootstrap (claim +1.82%, Holm 0.048)",1.82396380908194,1.82,0.003963809081939829,0.005,True,holm=0.048
outputs,"rows flagged significant_after_multiple_testing in full_mode_comparison.csv (normal-p COVID Holm, audit item 3)",3,0,3.0,0.0,False,EMV_env Original | Short Brown hold 3m; EMV_env Pure | Short Brown hold 3m; CPU Original | Short Brown hold 3m
ledger,rows (claim 1664),1664,1664,0.0,0.0,True,
ledger,kind primary count (claim 40),40,40,0.0,0.0,True,
ledger,kind placebo count (claim 88),88,88,0.0,0.0,True,
ledger,kind reference count (claim 70),70,70,0.0,0.0,True,
ledger,kind robustness count (claim 1052),1052,1052,0.0,0.0,True,
ledger,kind exploratory count (claim 414),414,414,0.0,0.0,True,
ledger,all 40 primary test ids present,40,40,0.0,0.0,True,
ledger,paired-bootstrap (full-mode) tests in ledger; FINDINGS 8 cites MCCC CR-O3 Holm p 0.048,0,20,-20.0,0.0,False,full_mode_paired.csv rows vs ledger rows with a paired-bootstrap statistic
ledger,p-values non-missing for all rows,0,0,0.0,0.0,True,
