section,item,stat,value
frozen_rule_holdout,,months_in_position,0.0
frozen_rule_holdout,,off_months_2021_10_on,53.0
frozen_rule_holdout,,months_2021_10_on,59.0
holdout_lead_rules,corrected_3m,n,48.0
holdout_lead_rules,corrected_3m,alpha,-0.021558722950635906
holdout_lead_rules,corrected_3m,t,-1.898871816175473
holdout_lead_rules,corrected_3m,lo,-0.04444007324032451
holdout_lead_rules,corrected_3m,hi,0.001322627339052699
holdout_lead_rules,corrected_3m,net,-0.02572563664832002
holdout_lead_rules,corrected_3m,months_in_position,17.0
holdout_lead_rules,corrected_6m,n,48.0
holdout_lead_rules,corrected_6m,alpha,-0.019689618450860882
holdout_lead_rules,corrected_6m,t,-1.3024392884149287
holdout_lead_rules,corrected_6m,lo,-0.05015692616493293
holdout_lead_rules,corrected_6m,hi,0.010777689263211165
holdout_lead_rules,corrected_6m,net,-0.01844166500702598
holdout_lead_rules,corrected_6m,months_in_position,32.0
holdout6_split,,check_maxdiff,1.3877787807814457e-17
holdout6_split,,gross_ann,-0.01384738612589689
holdout6_split,,cost_ann,0.00459427888112909
holdout6_split,by_industry_ann,Util,0.010705996765400528
holdout6_split,by_industry_ann,Ships,-0.0050571346611442
holdout6_split,by_industry_ann,Aero,-0.0020323607051154777
holdout6_split,by_industry_ann,Steel,-0.013735198473262187
holdout6_split,by_industry_ann,BldMt,-0.0037286890517755494
holdout6_split,by_year_sum,2022,-0.024344757041112473
holdout6_split,by_year_sum,2023,-0.03290393234190081
holdout6_split,by_year_sum,2024,0.02436738434017338
holdout6_split,by_year_sum,2025,-0.007019039162556131
holdout6_split,by_year_sum,2026,-0.015489200298191518
holdout_paths,corrected,pc1_share,0.9042067918784344
holdout_paths,team,pc1_share,0.8609038211910569
frozen_power,,se,0.006833478097464349
frozen_power,,alpha_for_t2,0.013666956194928697
frozen_power,,mde80,0.019418156460910135
frozen_power,,power_at_1pct,0.2961070782362478
timing_alpha_by_leg,team|frozen_share|pre1994_2009,alpha,-0.0018183312826055
timing_alpha_by_leg,team|frozen_share|pre1994_2009,t,-0.26609162371943734
timing_alpha_by_leg,team|frozen_share|pre1994_2009,n,190.0
timing_alpha_by_leg,team|frozen_share|pre1994_2009,k,15.0
timing_alpha_by_leg,team|frozen_share|pre1994_2009,pi,0.7294341238573538
timing_alpha_by_leg,team|frozen_share|pre1994_2009,meanD,0.0003936219207146466
timing_alpha_by_leg,team|frozen_share|seen2010_2022,alpha,-0.0012069478702018406
timing_alpha_by_leg,team|frozen_share|seen2010_2022,t,-0.1877593451238507
timing_alpha_by_leg,team|frozen_share|seen2010_2022,n,151.0
timing_alpha_by_leg,team|frozen_share|seen2010_2022,k,15.0
timing_alpha_by_leg,team|frozen_share|seen2010_2022,pi,0.7628392276533739
timing_alpha_by_leg,team|frozen_share|seen2010_2022,meanD,0.0017917851528771074
timing_alpha_by_leg,team|team_lagged|pre1994_2009,alpha,0.006875940365618876
timing_alpha_by_leg,team|team_lagged|pre1994_2009,t,1.0021717995679704
timing_alpha_by_leg,team|team_lagged|pre1994_2009,n,190.0
timing_alpha_by_leg,team|team_lagged|pre1994_2009,k,15.0
timing_alpha_by_leg,team|team_lagged|pre1994_2009,pi,0.5555081812401336
timing_alpha_by_leg,team|team_lagged|pre1994_2009,meanD,0.005925571210520587
timing_alpha_by_leg,team|team_lagged|seen2010_2022,alpha,0.011147095918766996
timing_alpha_by_leg,team|team_lagged|seen2010_2022,t,2.0316685993049277
timing_alpha_by_leg,team|team_lagged|seen2010_2022,n,151.0
timing_alpha_by_leg,team|team_lagged|seen2010_2022,k,15.0
timing_alpha_by_leg,team|team_lagged|seen2010_2022,pi,0.647151015199851
timing_alpha_by_leg,team|team_lagged|seen2010_2022,meanD,0.010472149165992092
timing_alpha_by_leg,EPA|frozen_share|pre1994_2009,alpha,-7.592922036668508e-05
timing_alpha_by_leg,EPA|frozen_share|pre1994_2009,t,-0.008354582123565811
timing_alpha_by_leg,EPA|frozen_share|pre1994_2009,n,190.0
timing_alpha_by_leg,EPA|frozen_share|pre1994_2009,k,15.0
timing_alpha_by_leg,EPA|frozen_share|pre1994_2009,pi,0.7050414454294682
timing_alpha_by_leg,EPA|frozen_share|pre1994_2009,meanD,-9.64090914891951e-05
timing_alpha_by_leg,EPA|frozen_share|seen2010_2022,alpha,0.003456226643254858
timing_alpha_by_leg,EPA|frozen_share|seen2010_2022,t,0.4469434462088334
timing_alpha_by_leg,EPA|frozen_share|seen2010_2022,n,151.0
timing_alpha_by_leg,EPA|frozen_share|seen2010_2022,k,15.0
timing_alpha_by_leg,EPA|frozen_share|seen2010_2022,pi,0.7528637462560922
timing_alpha_by_leg,EPA|frozen_share|seen2010_2022,meanD,0.0077672360955102
timing_alpha_by_leg,EPA|team_lagged|pre1994_2009,alpha,-0.006816141144727859
timing_alpha_by_leg,EPA|team_lagged|pre1994_2009,t,-0.7504760888429777
timing_alpha_by_leg,EPA|team_lagged|pre1994_2009,n,190.0
timing_alpha_by_leg,EPA|team_lagged|pre1994_2009,k,15.0
timing_alpha_by_leg,EPA|team_lagged|pre1994_2009,pi,0.5307343415995739
timing_alpha_by_leg,EPA|team_lagged|pre1994_2009,meanD,-0.004117416677584375
timing_alpha_by_leg,EPA|team_lagged|seen2010_2022,alpha,-0.0010054992839046862
timing_alpha_by_leg,EPA|team_lagged|seen2010_2022,t,-0.12329170783972458
timing_alpha_by_leg,EPA|team_lagged|seen2010_2022,n,151.0
timing_alpha_by_leg,EPA|team_lagged|seen2010_2022,k,15.0
timing_alpha_by_leg,EPA|team_lagged|seen2010_2022,pi,0.6618137563791419
timing_alpha_by_leg,EPA|team_lagged|seen2010_2022,meanD,9.547715361652116e-05
team_lagged6_timing,holdout,alpha,-0.011115579965950816
team_lagged6_timing,holdout,t,-1.1324174166758545
team_lagged6_timing,holdout,n,48.0
team_lagged6_timing,holdout,k,15.0
team_lagged6_timing,holdout,pi,0.6716485792826825
team_lagged6_timing,holdout,meanD,-0.01147401096007962
team_lagged6_timing,pre1994_2009,alpha,0.006875940365618876
team_lagged6_timing,pre1994_2009,t,1.0021717995679704
team_lagged6_timing,pre1994_2009,n,190.0
team_lagged6_timing,pre1994_2009,k,15.0
team_lagged6_timing,pre1994_2009,pi,0.5555081812401336
team_lagged6_timing,pre1994_2009,meanD,0.005925571210520587
team_lagged6_timing,seen2010_2022,alpha,0.011147095918766996
team_lagged6_timing,seen2010_2022,t,2.0316685993049277
team_lagged6_timing,seen2010_2022,n,151.0
team_lagged6_timing,seen2010_2022,k,15.0
team_lagged6_timing,seen2010_2022,pi,0.647151015199851
team_lagged6_timing,seen2010_2022,meanD,0.010472149165992092
team_lagged6_timing,1994_2026,alpha,0.006975431676632575
team_lagged6_timing,1994_2026,t,1.8291164656637025
team_lagged6_timing,1994_2026,n,389.0
team_lagged6_timing,1994_2026,k,15.0
team_lagged6_timing,1994_2026,pi,0.603401195382194
team_lagged6_timing,1994_2026,meanD,0.005594961145751361
team_lagged6_timing,unseen_pooled,alpha,0.0036133395104758215
team_lagged6_timing,unseen_pooled,t,0.6989435154139517
team_lagged6_timing,unseen_pooled,n,238.0
team_lagged6_timing,unseen_pooled,k,15.0
team_lagged6_timing,unseen_pooled,pi,0.5738129732307694
team_lagged6_timing,unseen_pooled,p_two,0.48531565026360446
covid,orig3,n,24.0
covid,orig3,alpha,0.06381221319012118
covid,orig3,t,3.620199923271012
covid,orig3,lo,0.027043541010420495
covid,orig3,hi,0.10058088536982185
covid,orig3,net,0.08041975583363614
covid,always,n,24.0
covid,always,alpha,0.04540413350826655
covid,always,t,1.9605368369670924
covid,always,lo,-0.002904758764086586
covid,always,hi,0.09371302578061969
covid,always,net,0.06865790339725321
covid,,ratio,0.7115273274253964
covid,,ratio_boot_p05,-0.358642026407517
covid,,ratio_boot_p95,2.329140774007679
covid,,ratio_boot_undefined_share,0.0588
trigger_overlap_top_quintile,team_crossings|CPU,n_cross,48.0
trigger_overlap_top_quintile,team_crossings|CPU,n_top,12.0
trigger_overlap_top_quintile,team_crossings|CPU,base,0.22959183673469388
trigger_overlap_top_quintile,team_crossings|CPU,p_binom,0.7321003690848358
trigger_overlap_top_quintile,frozen_crossings|CPU,n_cross,58.0
trigger_overlap_top_quintile,frozen_crossings|CPU,n_top,14.0
trigger_overlap_top_quintile,frozen_crossings|CPU,base,0.22959183673469388
trigger_overlap_top_quintile,frozen_crossings|CPU,p_binom,0.8758483263676557
trigger_overlap_top_quintile,team_crossings|MCCC,n_cross,25.0
trigger_overlap_top_quintile,team_crossings|MCCC,n_top,4.0
trigger_overlap_top_quintile,team_crossings|MCCC,base,0.18
trigger_overlap_top_quintile,team_crossings|MCCC,p_binom,1.0
trigger_overlap_top_quintile,frozen_crossings|MCCC,n_cross,27.0
trigger_overlap_top_quintile,frozen_crossings|MCCC,n_top,3.0
trigger_overlap_top_quintile,frozen_crossings|MCCC,base,0.18
trigger_overlap_top_quintile,frozen_crossings|MCCC,p_binom,0.4583513848411581
alt3_breakeven_wti_holdout,corrected_3m|FF3,alpha,-0.021558722950635906
alt3_breakeven_wti_holdout,corrected_3m|FF3,t,-1.898871816175473
alt3_breakeven_wti_holdout,corrected_3m|FF3+dBE,alpha,-0.01935454502476215
alt3_breakeven_wti_holdout,corrected_3m|FF3+dBE,t,-1.819787883804193
alt3_breakeven_wti_holdout,corrected_3m|FF3+dBE,t_dBE,1.5031933569243827
alt3_breakeven_wti_holdout,corrected_3m|FF3+WTI,alpha,-0.018743960525555138
alt3_breakeven_wti_holdout,corrected_3m|FF3+WTI,t,-1.4030813967706905
alt3_breakeven_wti_holdout,corrected_3m|FF3+WTI,t_WTI,2.502117440680469
alt3_breakeven_wti_holdout,corrected_3m|FF3+dBE+WTI,alpha,-0.0178502222696904
alt3_breakeven_wti_holdout,corrected_3m|FF3+dBE+WTI,t,-1.4447276165897054
alt3_breakeven_wti_holdout,corrected_3m|FF3+dBE+WTI,t_dBE,0.9596205598526713
alt3_breakeven_wti_holdout,corrected_3m|FF3+dBE+WTI,t_WTI,1.9138892167904042
alt3_breakeven_wti_holdout,corrected_6m|FF3,alpha,-0.019689618450860882
alt3_breakeven_wti_holdout,corrected_6m|FF3,t,-1.3024392884149287
alt3_breakeven_wti_holdout,corrected_6m|FF3+dBE,alpha,-0.017001520545526505
alt3_breakeven_wti_holdout,corrected_6m|FF3+dBE,t,-1.0840033547586612
alt3_breakeven_wti_holdout,corrected_6m|FF3+dBE,t_dBE,1.1976987783800621
alt3_breakeven_wti_holdout,corrected_6m|FF3+WTI,alpha,-0.014955913838711199
alt3_breakeven_wti_holdout,corrected_6m|FF3+WTI,t,-0.8816957765081763
alt3_breakeven_wti_holdout,corrected_6m|FF3+WTI,t_WTI,2.959111365859855
alt3_breakeven_wti_holdout,corrected_6m|FF3+dBE+WTI,alpha,-0.014217843693649835
alt3_breakeven_wti_holdout,corrected_6m|FF3+dBE+WTI,t,-0.8521393182880154
alt3_breakeven_wti_holdout,corrected_6m|FF3+dBE+WTI,t_dBE,0.5392619578047364
alt3_breakeven_wti_holdout,corrected_6m|FF3+dBE+WTI,t_WTI,2.4924531779956576
always_short_EPA_brown,holdout,n,48.0
always_short_EPA_brown,holdout,alpha,0.010703916988911993
always_short_EPA_brown,holdout,t,0.789230673963312
always_short_EPA_brown,holdout,lo,-0.016629444385222535
always_short_EPA_brown,holdout,hi,0.038037278363046524
always_short_EPA_brown,holdout,net,0.02198751188518981
always_short_EPA_brown,covid,n,24.0
always_short_EPA_brown,covid,alpha,-0.02029273694561947
always_short_EPA_brown,covid,t,-0.6814784848824437
always_short_EPA_brown,covid,lo,-0.08240754827505672
always_short_EPA_brown,covid,hi,0.04182207438381779
always_short_EPA_brown,covid,net,-0.017745547853571672
always_short_EPA_brown,validation,n,151.0
always_short_EPA_brown,validation,alpha,0.03084133131722446
always_short_EPA_brown,validation,t,1.534391445683975
always_short_EPA_brown,validation,lo,-0.008881039666541336
always_short_EPA_brown,validation,hi,0.07056370230099027
always_short_EPA_brown,validation,net,0.03332227066548148
always_short_EPA_brown,pre1994_2009,n,190.0
always_short_EPA_brown,pre1994_2009,alpha,-0.015688339088858434
always_short_EPA_brown,pre1994_2009,t,-0.74422094902948
always_short_EPA_brown,pre1994_2009,lo,-0.05727539355602995
always_short_EPA_brown,pre1994_2009,hi,0.02589871537831308
always_short_EPA_brown,pre1994_2009,net,-0.015489984822919797
always_short_EPA_brown,post2010,n,199.0
always_short_EPA_brown,post2010,alpha,0.026267719899175267
always_short_EPA_brown,post2010,t,1.6516607212083554
always_short_EPA_brown,post2010,lo,-0.005097864410922869
always_short_EPA_brown,post2010,hi,0.0576333042092734
always_short_EPA_brown,post2010,net,0.030588258497370922
always_short_EPA_brown,1994_2026,n,389.0
always_short_EPA_brown,1994_2026,alpha,0.0072121585252968605
always_short_EPA_brown,1994_2026,t,0.5396456437098318
always_short_EPA_brown,1994_2026,lo,-0.019064618195909513
always_short_EPA_brown,1994_2026,hi,0.03348893524650323
always_short_EPA_brown,1994_2026,net,0.008082175641701932
always_short_team_brown,holdout,n,48.0
always_short_team_brown,holdout,alpha,-0.017159501535170776
always_short_team_brown,holdout,t,-1.0923094757936813
always_short_team_brown,holdout,lo,-0.04881967088641904
always_short_team_brown,holdout,hi,0.014500667816077485
always_short_team_brown,holdout,net,-0.010373957843233701
always_short_team_brown,pre1994_2009,n,190.0
always_short_team_brown,pre1994_2009,alpha,0.008666368178336341
always_short_team_brown,pre1994_2009,t,0.6088958058384799
always_short_team_brown,pre1994_2009,lo,-0.019412347369071582
always_short_team_brown,pre1994_2009,hi,0.03674508372574426
always_short_team_brown,pre1994_2009,net,0.006492978859697049
always_short_team_brown,post2010,n,199.0
always_short_team_brown,post2010,alpha,0.007268149201695548
always_short_team_brown,post2010,t,0.6718187915335809
always_short_team_brown,post2010,lo,-0.014068368147106481
always_short_team_brown,post2010,hi,0.028604666550497575
always_short_team_brown,post2010,net,0.01048927812427717
always_short_team_brown,1994_2026,n,389.0
always_short_team_brown,1994_2026,alpha,0.009234274648188701
always_short_team_brown,1994_2026,t,1.0451353926615705
always_short_team_brown,1994_2026,lo,-0.008137561906051308
always_short_team_brown,1994_2026,hi,0.02660611120242871
always_short_team_brown,1994_2026,net,0.008537358174996389
