date,gross,to,fb,cz,lwaci,te,net
1970-01-31,0.023834917958767365,0.9213587395451847,False,-0.4873037927732544,0.035858323076647616,0.049999999037153534,0.02291355921922218
1970-02-28,0.002375959179411448,0.14275037190800155,False,-0.5579348430456403,0.03530640529607071,0.049999997013620165,0.0022332088075034465
1970-03-31,-0.011800263929887924,0.14084789131594846,False,-0.6290424651366159,0.04069333582943045,0.04999999966075381,-0.011941111821203871
1970-04-30,-1.286169828149586e-05,0.2492605900091717,False,-0.6953812270803856,0.05417208368896578,0.04999999935861742,-0.00026212228829066754
1970-05-31,0.01931370955327747,0.20033387417770007,False,-0.6087155489913836,0.05503091314494827,0.0499999972393955,0.01911337567909977
1970-06-30,0.04429953126576663,0.10347812086627758,False,-0.5508656405897271,0.05509214329716116,0.049999998369381064,0.04419605314490035
1970-07-31,-0.013533164405674054,0.3603489217090414,False,-0.5382355868873478,0.05597643118038395,0.04999999942427935,-0.013893513327383094
1970-08-31,-0.014437603499994163,0.11169929533324419,False,-0.5187231497747926,0.057821310578204964,0.050000000153634316,-0.014549302795327406
1970-09-30,-0.02484181934425818,0.19040631077657588,False,-0.5213555502908594,0.056880161358259636,0.0499999992549163,-0.025032225655034754
1970-10-31,0.05008467322349219,0.28803412969247255,False,-0.5654033153938302,0.05482481694441673,0.05000000031038057,0.04979663909379972
1970-11-30,0.012960559877318052,0.11318015953638343,False,-0.4948946388609057,0.05741128424873862,0.05000000122315961,0.012847379717781668
1970-12-31,-0.0026178587297504105,0.03164173836421373,False,-0.5230553639799126,0.05669200171286917,0.05000000055741138,-0.0026495004681146243
1971-01-31,-0.00928405759108435,0.1884902613307025,False,-0.529447070801916,0.0559077472776645,0.05000000048432712,-0.009472547852415053
1971-02-28,0.018223315628054466,0.21356367167151935,False,-0.5451032998729045,0.054658838721785105,0.050000001868400666,0.018009751956382946
1971-03-31,0.016454535287297525,0.22199876649975228,False,-0.5272283396382874,0.055253875880334584,0.05000000014347334,0.016232536520797772
1971-04-30,0.023793269598560454,0.14313723826663027,False,-0.47349051248636465,0.05434998704061816,0.050000002058381454,0.023650132360293823
1971-05-31,-0.014599902261083526,0.20317480826003434,False,-0.6159863051021294,0.053278093893307996,0.05000000015328182,-0.01480307706934356
1971-06-30,0.0008512675475070379,0.26644918288275343,False,-0.6964701662644511,0.05080387582870526,0.05000000081178261,0.0005848183646242845
1971-07-31,0.001146493904641479,0.2278490482297446,False,-0.6876651892074357,0.061218117555128494,0.0500000006184313,0.0009186448564117344
1971-08-31,0.02626619206791861,0.25319759453695306,False,-0.7074946417665744,0.05955935035341331,0.050000000238893824,0.026012994473381654
1971-09-30,-0.0006760973899655456,0.3053523489615281,False,-0.7718541188265571,0.05700128762409833,0.050000000063084374,-0.0009814497389270737
1971-10-31,-0.003351800795242859,0.13658881798479905,False,-0.7394013042286427,0.05462619045370855,0.050000000482385065,-0.003488389613227658
1971-11-30,0.011129895502021635,0.21642738769791836,False,-0.7454062115377573,0.051002887131061304,0.050000000420426245,0.010913468114323716
1971-12-31,-0.005869452035714486,0.25150345005431307,False,-0.7176489886443296,0.04756195266213585,0.05000000055938328,-0.006120955485768799
1972-01-31,-0.006740397058148486,0.28533872044590913,False,-0.7422446351391542,0.04890111430309311,0.04999999998998177,-0.0070257357785943955
1972-02-29,0.023627186427672746,0.28836071449669803,False,-0.7055302006934097,0.05040123176753282,0.05000000008407092,0.023338825713176047
1972-03-31,0.00836923666303948,0.2539645891703545,False,-0.629901579659356,0.05058311377040852,0.04999999982008391,0.008115272073869126
1972-04-30,-0.0014766199594503596,0.20078415974958963,False,-0.5770847072838335,0.051506469877613724,0.05000000011923499,-0.0016774041191999494
1972-05-31,0.030883810633715623,0.18320364227681207,False,-0.5459912901315181,0.05245443388135261,0.05000000017522288,0.03070060699143881
1972-06-30,0.029294498250133482,0.15949081243712815,False,-0.6233045460501108,0.05312986778924269,0.05000000034889539,0.029135007437696352
1972-07-31,0.004153115552733121,0.17082133841735775,False,-0.629598455626892,0.05210789137678247,0.04999999991565175,0.003982294214315764
1972-08-31,-0.00985616767595655,0.10543086553544757,False,-0.6227699336020185,0.05301273517314177,0.050000000411768886,-0.009961598541491997
1972-09-30,0.006432524942472558,0.2038151714672729,False,-0.6241504770131735,0.0474021830026233,0.050000001283266274,0.006228709771005285
1972-10-31,0.03153215583340788,0.1646847753825344,False,-0.5802712724889387,0.045232004258853646,0.05000000056599952,0.03136747105802534
1972-11-30,-0.03144288882207262,0.21705854832092758,False,-0.5464934734820533,0.037672660632907314,0.050000000072147985,-0.03165994737039355
1972-12-31,0.02848126850837358,0.24406345877260213,False,-0.5298712632373661,0.040595747911108176,0.05000000020443204,0.028237205049600977
1973-01-31,-0.010216284303510449,0.15575257158678762,False,-0.4913649977289395,0.04832139591186978,0.05000000037074969,-0.010372036875097235
1973-02-28,-0.040132338295498095,0.08699708054745774,False,-0.49282129633876576,0.04892732212973729,0.050000000130721665,-0.04021933537604555
1973-03-31,-0.008995505210235127,0.21342552061819065,False,-0.3996414481899621,0.049779618232216084,0.05000000032874289,-0.009208930730853318
1973-04-30,0.01040902725519536,0.17275678901395097,False,-0.3352020241708038,0.05809675012084205,0.05000000026493602,0.010236270466181408
1973-05-31,0.0320354465666082,0.15547423114303627,False,-0.2669226652201011,0.06041679570526195,0.050000000014669935,0.03187997233546516
1973-06-30,0.0017607416051082462,0.17741520637359764,False,-0.1579872900215774,0.10358449091720184,0.050000000030099356,0.0015833263987346485
1973-07-31,-0.003144606545549767,0.07798310670784622,False,-0.09564922047846261,0.10762307597126834,0.04999999999141725,-0.0032225896522576135
1973-08-31,0.031511038241618314,0.20476720380605326,False,-0.002068284668566678,0.11161682958687259,0.050000000139404796,0.031306271037812264
1973-09-30,0.0016372248669323498,0.14526963213085703,False,-6.061811926375005e-07,0.1394790852007557,0.05000000000408509,0.0014919552348014928
1973-10-31,0.01672454348699692,0.09479707230278188,False,-2.3440842589206312e-07,0.14468758602585835,0.05000000034800746,0.016629746414694137
1973-11-30,0.02088902651228755,0.13706009939719013,False,-2.390280880171236e-08,0.15507888460483557,0.05000000004034589,0.02075196641289036
1973-12-31,0.05012083785454005,0.1484533268324454,False,-1.6653699960733626e-08,0.1697954201326376,0.05000000000241495,0.04997238452770761
1974-01-31,-0.04646824249630983,0.10245178777687004,False,-1.0020180523512279e-07,0.17625947565711936,0.05000000060547066,-0.0465706942840867
1974-02-28,0.004625720096707688,0.2313646984478354,False,-3.763656495694989e-07,0.2034715520507396,0.05000000012260486,0.004394355398259852
1974-03-31,-0.01767337789648841,0.10362079031207791,False,-2.8687648158387535e-07,0.2015216719434652,0.050000000075288605,-0.017776998686800487
1974-04-30,0.008277219659583895,0.0704402107606695,False,-3.4793530042515064e-07,0.20054455807750413,0.05000000014014258,0.008206779448823226
1974-05-31,-0.024983699034929367,0.13424480597385743,False,-3.289661247574127e-08,0.1900530019595173,0.05000000025406446,-0.025117943840903222
1974-06-30,-0.0029781972389741783,0.18541764840719185,False,-1.9180189395756608e-07,0.16776810851250598,0.05000000079135655,-0.00316361488738137
1974-07-31,0.004458032329072984,0.4129146496339205,False,-1.3666854426636066e-07,0.12906358508287452,0.05000000021383079,0.004045117679439063
1974-08-31,0.010043206501411314,0.18294846591866734,False,-0.00483025134749987,0.13060616781009438,0.05000000024955087,0.009860258035492647
1974-09-30,0.0006408790723587249,0.1393558450407537,False,-1.0520040697598043e-07,0.13391950168579955,0.04999999932075466,0.0005015232273179712
1974-10-31,0.02067784970920021,0.17067862925738406,False,-0.018088167058254487,0.1303604585392684,0.050000000122850274,0.020507171079942828
1974-11-30,0.022738170550961476,0.31053785567402437,False,-0.13702819199889704,0.10827651025864082,0.05000000035828503,0.022427632695287452
1974-12-31,-7.025668002752776e-05,0.13876579711158799,False,-0.19263018481153726,0.09215907034496151,0.05000000108116234,-0.00020902247713911574
1975-01-31,-0.04943402371762693,0.1616507189132696,False,-0.1887303281315472,0.10558040484255589,0.05000000037697863,-0.0495956744365402
1975-02-28,-0.007407864288850118,0.4462034435909448,False,-0.297568801196614,0.1096158878398311,0.04999999950487191,-0.007854067732441064
1975-03-31,0.0013339850326378176,0.1878145999328757,False,-0.3539248327401497,0.10447928819048947,0.050000000435184835,0.001146170432704942
1975-04-30,0.042404821441853785,0.25908603516422574,False,-0.36461609231560843,0.1068077176307986,0.05000000026986175,0.04214573540668956
1975-05-31,0.02359162580387434,0.31864088049214806,False,-0.4407903863983962,0.1077462521463606,0.05000000021587279,0.023272984923382194
1975-06-30,-0.0003276293999872654,0.14726714086157866,False,-0.4170466480926894,0.11180592143438406,0.050000000506754745,-0.00047489654084884405
1975-07-31,-0.019958842040398047,0.10450565048214985,False,-0.43381826248369126,0.11562055972149,0.05000000028374333,-0.020063347690880196
1975-08-31,0.013935030237467162,0.06806211012433647,False,-0.46498743406634796,0.10767569358539485,0.05000000070196658,0.013866968127342826
1975-09-30,0.013261795089210814,0.20247200511638938,False,-0.3493290205618663,0.15708245239005605,0.050000000088489135,0.013059323084094425
1975-10-31,-0.03430653652083949,0.16857868878981863,False,-0.2403353585474291,0.1739984860010523,0.0500000000450148,-0.03447511520962931
1975-11-30,-0.004981506601773917,0.20510240835968863,False,-0.3140480817624537,0.16553181986097318,0.05000000009224047,-0.005186609010133606
1975-12-31,0.0001607282529850179,0.36840815476529826,False,-0.3858638918814723,0.14772989377800977,0.04999999919372055,-0.00020767990178028036
1976-01-31,0.0023972698748134565,0.2089998227661868,False,-0.349096893500044,0.1542428344152378,0.050000000366437335,0.0021882700520472697
1976-02-29,-0.021174888715316725,0.3231640406408536,False,-0.25434572722932985,0.1705238058932608,0.05000000050521765,-0.021498052755957578
1976-03-31,0.011227041235715695,0.3297644699153292,False,-0.07985457579679531,0.1826297429630422,0.04999999972462121,0.010897276765800367
1976-04-30,0.019868460559493137,0.48003220491164933,False,-3.965816200435235e-08,0.17353803639793977,0.049999999082359164,0.01938842835458149
1976-05-31,-0.005175727229869614,0.45810671991071855,False,-1.4503263331272498e-07,0.19593235031431874,0.04999999964997743,-0.005633833949780333
1976-06-30,-0.01221197246962874,0.16278276640148442,False,-5.598618222496521e-08,0.19199892529048632,0.04999999919174349,-0.012374755236030224
1976-07-31,-0.012814715315277796,0.45958481601886925,False,-7.420885791975529e-08,0.10961637161707367,0.04999999898743919,-0.013274300131296666
1976-08-31,0.007786910785543879,0.38433305260233114,False,-9.733777991266512e-07,0.11352682009714091,0.050000000492545306,0.007402577732941548
1976-09-30,-0.0021790552274565276,0.3932927562167281,False,-1.6318898676814797e-08,0.10757497997499106,0.050000000116691194,-0.0025723479836732557
1976-10-31,-0.00643585959192347,0.36007431632624715,False,-2.9302707829637065e-08,0.11306033078315234,0.05000000008226098,-0.006795933908249717
1976-11-30,0.034851394619793044,0.26640599279947763,False,-0.034125754168142675,0.11480614374810957,0.05000000012536908,0.034584988626993565
1976-12-31,-0.01830278692594626,0.260392375367551,False,-0.16420910577299105,0.11489427191200839,0.05000000159131501,-0.01856317930131381
1977-01-31,0.005442882522459721,0.1322440229051172,False,-0.20006823321826947,0.1154934237124977,0.05000000009430115,0.005310638499554604
1977-02-28,-0.0076218353486380026,0.1343760063309128,False,-0.23519124748007716,0.11157978950982868,0.05000000000465985,-0.007756211354968915
1977-03-31,0.015485482320413026,0.16579665904991264,False,-0.31809735808027073,0.11094851070249703,0.0499999988888649,0.015319685661363113
1977-04-30,0.005582354696085938,0.2604405761692911,False,-0.3212684318769427,0.10704270867023699,0.04999999972186652,0.005321914119916647
1977-05-31,0.009043702743957778,0.10627729510634316,False,-0.37692378116484265,0.10915357855301042,0.05000000031994206,0.008937425448851434
1977-06-30,0.007434323784302956,0.23627608332447053,False,-0.3543388310071295,0.1334798629845238,0.05000000057562509,0.007198047700978486
1977-07-31,0.0034502455473169836,0.24992029565233198,False,-0.37685680747879896,0.12074775232017314,0.05000000043170157,0.0032003252516646517
1977-08-31,-0.009695560782288115,0.1613385928713084,False,-0.5254254620116747,0.11425215845794484,0.04999999997378789,-0.009856899375159423
1977-09-30,0.0010166768861642453,0.2655071184657356,False,-0.49664870343324985,0.11112190427553752,0.05000000019285014,0.0007511697676985097
1977-10-31,-0.0036351676606994907,0.1781235025106707,False,-0.52686430155045,0.09886630623184152,0.04999999995129881,-0.0038132911632101614
1977-11-30,0.017612066571919917,0.17027399635214654,False,-0.4467654734842348,0.09820623356218751,0.04999999997845733,0.01744179257556777
1977-12-31,0.01687794086545913,0.5003703875709392,False,-0.3142706645190693,0.12874821488541177,0.05000000012517044,0.01637757047788819
1978-01-31,-0.009574924353572902,0.0857290496462079,False,-0.2868094922610483,0.1671565078193032,0.04999999978705123,-0.00966065340321911
1978-02-28,0.00707288168594641,0.18919597300969404,False,-0.2784556881404759,0.15839048224154853,0.049999999787378215,0.006883685712936716
1978-03-31,0.02740178905061383,0.2059385444922319,False,-0.3179142961321332,0.14763778594890262,0.04999999917232002,0.027195850506121597
1978-04-30,0.008456191337368083,0.20639807768388385,False,-0.2569907735920016,0.13067326259843048,0.04999999957097759,0.0082497932596842
1978-05-31,0.014002820055660085,0.10368767737099942,False,-0.2708310239945469,0.11713652629239368,0.0499999996277138,0.013899132378289086
1978-06-30,0.028147141882363638,0.12734821012686792,False,-0.3002616108065151,0.11727644075070935,0.04999999999510132,0.02801979367223677
1978-07-31,0.030539780499305974,0.22114271842631963,False,-0.13432761225445572,0.12461330482236874,0.05000000004774901,0.030318637780879655
1978-08-31,0.02767754611821478,0.12847497359253046,False,-0.07679923683762833,0.14005573974496766,0.049999999925887204,0.02754907114462225
1978-09-30,-0.015245129413077412,0.10053505651336396,False,-0.011818433815890698,0.15456032727032543,0.05000000011975263,-0.015345664469590776
1978-10-31,-0.023579042566258927,0.046446975391439334,False,-1.6751483884660384e-07,0.15557248656854689,0.0500000000952165,-0.023625489541650366
1978-11-30,0.024051344456709915,0.19117736771410343,False,-1.2070856542202926e-06,0.15413344646359448,0.04999999916750365,0.023860167088995812
1978-12-31,0.028291196061271954,0.4101075444316092,False,-7.472759383387456e-07,0.15380266491258404,0.05000000038444088,0.027881088516840343
1979-01-31,-0.019203349432936632,0.06333834756364257,False,-3.0985218192874225e-07,0.15133873791041613,0.050000000136643595,-0.019266687780500277
1979-02-28,-0.016758567179763414,0.13643631796212996,False,-0.04262643884168829,0.15275535791679887,0.050000000209531464,-0.016895003497725544
1979-03-31,0.008041357133513439,0.16624386663444032,False,-0.0693278329709014,0.15328361242075617,0.049999999882040534,0.007875113266879
1979-04-30,-0.017478736660336586,0.3650652305207296,False,-0.09248383454899059,0.14183804507276968,0.04999999885702094,-0.017843801890857314
1979-05-31,-0.014731758410976136,0.14023675023893672,False,-0.1529126074790803,0.1358463845627454,0.0500000000174022,-0.014871995161215073
1979-06-30,0.0033794287030361756,0.2705744951943595,False,-0.3464334783721704,0.09653600880456895,0.0499999988198728,0.003108854207841816
1979-07-31,0.0018157807748780323,0.27895479794680733,False,-0.507517217672654,0.09101779657777069,0.049999999947718116,0.001536825976931225
1979-08-31,-0.014537565298260556,0.4138405225857523,False,-0.4769932985804673,0.09561079893890446,0.04999999988211616,-0.014951405820846309
1979-09-30,0.003329336921033794,0.5368156767230134,False,-0.4034985158578287,0.10496159377323444,0.049999999289412386,0.0027925212443107804
1979-10-31,0.0004375391698942181,0.23950269533994484,False,-0.3432187251821156,0.10551780405991171,0.04999999964097447,0.00019803647455427322
1979-11-30,0.03692502363934529,0.2257975278610907,False,-0.2826004079875393,0.09897536853900325,0.04999999914498566,0.036699226111484205
1979-12-31,0.023886634549727653,0.23233620980596065,False,-0.19638519482956623,0.10919846296197327,0.049999999733023416,0.023654298339921692
1980-01-31,0.011716525865567063,0.129756834192331,False,-0.18137199722082267,0.12086152085837173,0.04999999933257739,0.011586769031374731
1980-02-29,0.02170070388136465,0.1121782632109621,False,-0.20632804566300467,0.12818548173917915,0.049999999897144445,0.02158852561815369
1980-03-31,-0.021352165297020848,0.25884851611228216,False,-1.1019298338642985e-07,0.18097497553808084,0.04999999955739818,-0.02161101381313313
1980-04-30,0.011863936148117381,0.09344225979776723,False,-6.630595493321845e-08,0.16844354650835242,0.04999999957303684,0.011770493888319614
1980-05-31,-0.02569802945516458,0.38392173227973714,False,-1.5267637192700745e-08,0.18572736656532296,0.04999999992026846,-0.026081951187444316
1980-06-30,0.02125475765332366,0.15770483424745244,False,-0.046029197519453266,0.1738056137117003,0.049999999953614115,0.021097052819076208
1980-07-31,0.0054181655076550725,0.1742987879460617,False,-0.06615444807928245,0.16998834211586994,0.049999999971281184,0.005243866719709011
1980-08-31,0.01168918691633873,0.1606627625115556,False,-0.04456168371476881,0.15345132013839555,0.049999999922979044,0.011528524153827173
1980-09-30,0.021530161694820967,0.13669475906233036,False,-0.08516051077137186,0.11613654739542059,0.04999999990022268,0.021393466935758637
1980-10-31,0.02119933257943128,0.03225424637979074,False,-0.09301369632616001,0.11267996034000258,0.04999999926953647,0.021167078333051488
1980-11-30,0.035018254877376837,0.08079273116642416,False,-0.0836577888815495,0.11192605507770473,0.049999998725402936,0.034937462146210414
1980-12-31,0.007017940598455356,0.1546196969160124,False,-0.14863881560168946,0.08217331053355058,0.04999999665049059,0.006863320901539343
1981-01-31,-0.04457200109682398,0.056056932596913425,False,-0.1047252485375516,0.08441029314614036,0.049999997745373,-0.044628058029420895
1981-02-28,-0.028664494441364444,0.27761487573745164,False,-0.355658544065545,0.05886914094857403,0.04999999809588365,-0.028942109317101894
1981-03-31,0.032649614427586134,0.4217553586475708,False,-0.48191926589157025,0.053084998430338856,0.04999999937486162,0.03222785906893856
1981-04-30,-0.007283820266611712,0.2675270360915259,False,-0.4271218700150457,0.05313299451690257,0.04999999980588011,-0.007551347302703237
1981-05-31,0.020094681779860835,0.17956994480121904,False,-0.4063935562525391,0.06844289771192401,0.049999998287889404,0.019915111835059618
1981-06-30,-0.02962775513484924,0.1488584879145159,False,-0.4434108733203884,0.06992993479649867,0.049999999665529704,-0.029776613622763758
1981-07-31,0.003396867625165795,0.15422592310022515,False,-0.4636073549666965,0.0742046262160586,0.0499999984407174,0.00324264170206557
1981-08-31,0.006529071565276746,0.4532428576577485,False,-0.41150223365169697,0.07531575864727964,0.049999998491321425,0.006075828707618998
1981-09-30,0.009638786910215432,0.39335454734016356,False,-0.38942439545827334,0.07369126669002503,0.049999999668093424,0.00924543236287527
1981-10-31,0.02886706495346995,0.32726313105616983,False,-0.36214393573421183,0.0764638376328496,0.04999999736869467,0.02853980182241378
1981-11-30,0.006669586111257057,0.1558089666691007,False,-0.3899290605764533,0.07714423925324086,0.04999999852529154,0.006513777144587956
1981-12-31,-0.023211548765923126,0.1106234898709196,False,-0.3848083375895007,0.07605342026647395,0.04999999947427653,-0.023322172255794044
1982-01-31,-0.01601808438159153,0.2265870255004715,False,-0.36915791842999424,0.07611417789602898,0.04999999981803249,-0.016244671407092
1982-02-28,0.008334259892217626,0.25921614636791634,False,-0.47735333630231847,0.07081143361903751,0.04999999989851845,0.00807504374584971
1982-03-31,0.012340115045061897,0.24529666520132762,False,-0.6121294608740335,0.061674285582704054,0.04999999943647201,0.01209481837986057
1982-04-30,0.004481031221481947,0.30825057854976823,False,-0.7190205664810126,0.05163133035836814,0.04999999986923486,0.004172780642932179
1982-05-31,-0.007391348206439512,0.11063558188309139,False,-0.6565784939050722,0.0524918546568387,0.04999999956595249,-0.007501983788322604
1982-06-30,0.011096619799423115,0.16096721943052625,False,-0.5265205924732671,0.052482610336418316,0.049999998731913214,0.01093565257999259
1982-07-31,-0.004010706922771766,0.1339647974485238,False,-0.5620448370394096,0.05039077310853554,0.04999999990012051,-0.0041446717202202905
1982-08-31,-0.06456908195782585,0.16335396473645866,False,-0.54314145383599,0.07928717282334295,0.04999999965625198,-0.06473243592256231
1982-09-30,0.018436439305455615,0.6123768183020531,False,-0.5537769960726283,0.0882584552941317,0.04999999716888453,0.017824062487153562
1982-10-31,-0.014553992635792292,0.38038478904965695,False,-0.4404162642181831,0.10585078914273031,0.049999999360922,-0.014934377424841948
1982-11-30,0.017115075946128114,0.4209250096735325,False,-0.5075000704645711,0.09785451975244365,0.0499999982267926,0.016694150936454582
1982-12-31,-0.010045022192157003,0.41066014160550546,False,-0.6479252019693715,0.07772249238195712,0.049999999604003684,-0.010455682333762508
1983-01-31,-0.040655575194034364,0.2792309980022284,False,-0.6892437319584885,0.03920021955617035,0.049999999847657975,-0.04093480619203659
1983-02-28,0.017862660750319694,0.5342148066063535,False,-0.10061337171595236,0.15932225691165378,0.04999999988912714,0.01732844594371334
1983-03-31,0.032050394249432373,0.37841387582095304,False,-0.05348956705339662,0.17976453632777276,0.04999999904208715,0.03167198037361142
1983-04-30,0.00860391742829109,0.12181681759635327,False,-1.7238398435093227e-07,0.2540604324817292,0.04999999990412565,0.008482100610694735
1983-05-31,-0.021747921318743126,0.16709046628943064,False,-0.011020242809048855,0.25775769359308526,0.04999999976220814,-0.021915011785032558
1983-06-30,0.01941926106605408,0.2324825783077548,False,-4.475122811209431e-08,0.2744590412403844,0.049999999945683625,0.019186778487746324
1983-07-31,-0.021065037995894258,0.2457353769325754,False,-3.118875699092971e-07,0.2809933482276216,0.04999999986402348,-0.021310773372826834
1983-08-31,-0.02369241994842161,0.1615850833196203,False,-8.843010446124566e-08,0.28782187143101023,0.04999999822933987,-0.023854005031741232
1983-09-30,0.005700231110800942,0.2548447571001337,False,-7.320362374607647e-08,0.2770832518815318,0.04999999945121518,0.005445386353700808
1983-10-31,-0.01037928232343357,0.2644594624555341,False,-1.65905145593781e-08,0.267885754185807,0.049999999948613344,-0.010643741785889104
1983-11-30,-0.015038948533660057,0.634064903949665,False,-4.295150086985888e-08,0.1778968710681557,0.049999999678864114,-0.015673013437609722
1983-12-31,0.0007678338370581915,0.477212189737918,False,-1.2413733013749706e-08,0.14598240150513656,0.049999999932784533,0.0002906216473202735
1984-01-31,-0.014240767969676896,0.5262367923980337,False,-3.809700387102932e-08,0.15559987896173683,0.049999999616948655,-0.01476700476207493
1984-02-29,-0.030063567142791955,0.3963791780780087,False,-9.213700517818335e-08,0.16146350214495064,0.04999999964131673,-0.030459946320869964
1984-03-31,-0.006622421378436823,0.36096166552792225,False,-6.268264447772953e-08,0.15927345196141846,0.04999999984186266,-0.006983383043964746
1984-04-30,0.016764952193247876,0.4643300379366306,False,-3.7146363374152e-08,0.16165966858303946,0.04999999988077028,0.016300622155311244
1984-05-31,0.010488597620849374,0.46467281626484974,False,-4.3924852306809203e-07,0.13946650839993163,0.0499999987075215,0.010023924804584524
1984-06-30,-0.0007564783537538245,0.11502820687551102,False,-1.8201567200670787e-07,0.13523881178357788,0.04999999793478082,-0.0008715065606293356
1984-07-31,0.0031975814777514657,0.037450385333722525,False,-4.4406911439698327e-08,0.1372126460636807,0.04999999963285084,0.003160131092417743
1984-08-31,-0.011838037329529106,0.2383870112808967,False,-0.031504196397001416,0.14362496431818284,0.04999999833526636,-0.012076424340810002
1984-09-30,0.009569415409027256,0.592455358496922,False,-0.0352832515211091,0.1651285217319747,0.04999999922040366,0.008976960050530334
1984-10-31,0.02280994029667665,0.35709826604740036,False,-6.359038928760441e-08,0.16727178777646093,0.04999999985655832,0.02245284203062925
1984-11-30,-0.005318653925773204,0.40436304834801035,False,-0.031236646948777716,0.16885108400368906,0.049999999082162176,-0.005723016974121214
1984-12-31,0.009293504150416044,0.0542404384618238,False,-0.05897537867282835,0.1643294757036444,0.04999999987853366,0.00923926371195422
1985-01-31,-0.024459122468330298,0.12315481070982082,False,-0.04009522346648997,0.1630875695559302,0.04999999890321891,-0.02458227727904012
1985-02-28,0.013661221402110292,0.41403988506849654,False,-0.0999189060938866,0.14332163094445544,0.04999999990338894,0.013247181517041795
1985-03-31,-0.003144666476000171,0.30227839226830766,False,-0.21978650200771982,0.13932380767439853,0.04999999978088348,-0.0034469448682684788
1985-04-30,-0.006392220836074995,0.08312762444545885,False,-0.23978165336654483,0.14016230583167594,0.04999999983948451,-0.006475348460520454
1985-05-31,0.012347111304206229,0.16219335368968657,False,-0.28029162641297284,0.1341770664417863,0.04999999982458187,0.012184917950516542
1985-06-30,0.012522580990157496,0.21173358643077383,False,-0.3085132774801772,0.13650272896761928,0.04999999968597585,0.012310847403726722
1985-07-31,-0.030002276117184937,0.4261417924844494,False,-0.34827872758090606,0.13565744427187,0.04999999755980221,-0.030428417909669388
1985-08-31,0.008207213127647063,0.47577225492030667,False,-0.4100811602799622,0.13674481148837475,0.04999999994842695,0.007731440872726756
1985-09-30,-0.0023146994636496637,0.4246690697327232,False,-0.569878826267559,0.11639100431211592,0.04999999865159072,-0.002739368533382387
1985-10-31,0.020999978214323006,0.33132698541765915,False,-0.516245294732438,0.10799054103998819,0.0499999999164995,0.020668651228905346
1985-11-30,-0.014975282583514854,0.2157767187643072,False,-0.5607316619828315,0.08587551777098089,0.04999999926372513,-0.015191059302279162
1985-12-31,0.0020019688362374224,0.2833036735334772,False,-0.6246322513092952,0.06744560557742857,0.04999999965098955,0.0017186651627039452
1986-01-31,0.01242648943827089,0.30614304855609364,False,-0.6298356215660913,0.06712416956393324,0.0499999996094841,0.012120346389714797
1986-02-28,0.015094506251768083,0.18848671111269438,False,-0.5882650383973154,0.07079433537304111,0.049999998465884384,0.014906019540655388
1986-03-31,-0.0067610777778320625,0.16911716239926128,False,-0.5470398191445415,0.07367524144621455,0.04999999972671284,-0.006930194940231324
1986-04-30,0.00276835596125695,0.4556244078155981,False,-0.4379675324329112,0.08420628786828317,0.049999999926489895,0.002312731553441352
1986-05-31,0.014347941473167647,0.2326829003467695,False,-0.37781903557398466,0.08523610647831566,0.049999999669624276,0.014115258572820878
1986-06-30,0.02748215256964245,0.5339652504531157,False,-0.3814731203162086,0.07901111982304432,0.049999999926250885,0.026948187319189333
1986-07-31,-0.015401773902927266,0.27570111925056473,False,-0.40654892891972566,0.08080584697951712,0.049999999478957495,-0.015677475022177832
1986-08-31,-0.027521268018183182,0.10200941245060281,False,-0.37979359085907094,0.0804233127115826,0.049999999207931065,-0.027623277430633784
1986-09-30,-0.038510960744340586,0.21305506742906294,False,-0.19709686723047432,0.08543918712971203,0.049999999929009845,-0.03872401581176965
1986-10-31,0.027015612511490508,0.16856040622863033,False,-0.10032537579978452,0.08648998693938759,0.049999999721777606,0.02684705210526188
1986-11-30,0.018072247243856098,0.26163724055689497,False,-1.6295899656071366e-07,0.07045208280629198,0.04999999861844334,0.017810610003299202
1986-12-31,0.011788602975831631,0.09129936686321076,False,-5.103874265305341e-07,0.07147638908084825,0.04999999631738611,0.01169730360896842
1987-01-31,0.029983292051090602,0.22066429241316743,False,-1.886463823069784e-07,0.07176385297470338,0.049999998429393705,0.029762627758677433
1987-02-28,-0.022238093419297045,0.34480614660849696,False,-5.8605846994796984e-08,0.07164903570789108,0.049999999410886016,-0.02258289956590554
1987-03-31,0.010744666562835774,0.3924186861268585,False,-5.857405595277587e-08,0.07699523672135741,0.04999999970922848,0.010352247876708916
1987-04-30,0.00539529098542971,0.3313506736343913,False,-2.0797231321811882e-07,0.07561569286314762,0.04999999990217004,0.005063940311795318
1987-05-31,0.0008731422992487888,0.10204286658083031,False,-2.3726002314206074e-07,0.0769371174098062,0.04999999827790446,0.0007710994326679585
1987-06-30,-0.005563077751923299,0.28374954149896603,False,-0.04273622288329329,0.0739165207917671,0.04999999843749895,-0.005846827293422265
1987-07-31,0.013559121401105425,0.30035886853408456,False,-2.4485547769903526e-08,0.07394425911148163,0.04999999981204852,0.013258762532571342
1987-08-31,-0.001411020745928829,0.26993390981130777,False,-4.597042607690227e-08,0.0752013872839889,0.04999999958877167,-0.0016809546557401368
1987-09-30,0.018167532093265788,0.2705828214905507,False,-7.172554852830082e-07,0.08783721467968875,0.049999999378699644,0.017896949271775237
1987-10-31,-0.010807220900512752,0.17762446354772246,False,-0.09058471161480929,0.07398409155743929,0.04999999798817062,-0.010984845364060475
1987-11-30,0.000927591335298429,0.25795315029948707,False,-0.14200511853410855,0.0780764226246377,0.04999999965969712,0.0006696381849989419
1987-12-31,0.01393911852897347,0.3590135335396215,False,-0.24477109739584818,0.08873184705421149,0.04999999977979395,0.013580104995433847
1988-01-31,-0.020441217118424004,0.25646007129591697,False,-0.19133817504281153,0.10109081965333727,0.04999999983615249,-0.02069767718971992
1988-02-29,0.0047271167070834265,0.15910064425880527,False,-0.24226955394187166,0.10248187740886452,0.04999999990407947,0.004568016062824622
1988-03-31,-0.017179903684599557,0.22831003910825973,False,-0.30214660272165794,0.0945313442835073,0.04999999966430183,-0.017408213723707818
1988-04-30,0.00013165675835920054,0.3914946853764501,False,-0.3554997864953899,0.08566382714286964,0.049999999371825254,-0.0002598379270172496
1988-05-31,0.0031962731280089363,0.28040325104667857,False,-0.15093045311816322,0.08724353059187429,0.04999999992412873,0.0029158698769622578
1988-06-30,-0.027340172085569714,0.2844024242412287,False,-0.07618697536062088,0.09493497055481331,0.049999999892018566,-0.027624574509810942
1988-07-31,0.024081214646264455,0.24691899532295825,False,-1.179331495793079e-07,0.0970728316723465,0.049999999937911835,0.023834295650941497
1988-08-31,0.0011889517910461918,0.8281332355177482,False,-2.1458294504478337e-07,0.2418647138531976,0.04999999921921514,0.0003608185555284436
1988-09-30,0.0023470485321792547,0.4045414271247293,False,-8.349114375555411e-08,0.2590299626501651,0.04999999607616993,0.0019425071050545254
1988-10-31,-0.0006725321540690443,0.31035487244764387,False,-0.013359758564557914,0.2528850564026037,0.04999999987417084,-0.0009828870265166881
1988-11-30,0.003870109205531846,0.41882609798230364,False,-1.030536470096599e-06,0.11963218722782501,0.04999999851977978,0.0034512831075495425
1988-12-31,-0.020081687568269547,0.3921482405996999,False,-0.11440294540759251,0.10238961217675739,0.04999999988213457,-0.020473835808869245
1989-01-31,-0.004440196578212381,0.26006265601805656,False,-0.11403025361070424,0.10658583448966429,0.04999999955147044,-0.004700259234230438
1989-02-28,-0.002071497083121553,0.43193500186750866,False,-0.08670179703066062,0.09897181593775572,0.04999999997719676,-0.0025034320849890617
1989-03-31,0.014885727574913566,0.3620237978605766,False,-0.029519296178501193,0.09977760668241174,0.049999999766172205,0.01452370377705299
1989-04-30,0.0027486272593794142,0.31757413506272125,False,-0.018151190765374574,0.11967806006144355,0.04999999957612455,0.002431053124316693
1989-05-31,-0.0003842988526676582,0.20860258907279058,False,-0.029082746487688417,0.12211225494619175,0.049999999866521,-0.0005929014417404488
1989-06-30,0.01198336045245407,0.18152309282541143,False,-0.07144460383437562,0.11125983596444726,0.04999999964176771,0.011801837359628658
1989-07-31,0.04340210838326359,0.12152529630122412,False,-0.06550413133300259,0.1065502593423376,0.0499999992999235,0.043280583086962365
1989-08-31,0.003722741718748396,0.27079058466032424,False,-0.14324272887654388,0.0769595602264905,0.04999999996499948,0.003451951134088072
1989-09-30,-4.258377463021457e-05,0.06932943438278878,False,-0.1384372007520328,0.07193036512496799,0.04999999986361647,-0.00011191320901300335
1989-10-31,0.023416307765314812,0.16532270055577117,False,-0.22726744688918257,0.06538980004234111,0.049999999699494486,0.02325098506475904
1989-11-30,0.020109281727831704,0.2381115626347947,False,-0.3028560523097955,0.059906773087770225,0.04999999861554646,0.01987117016519691
1989-12-31,0.003003591546031424,0.18873234813414944,False,-0.39954226568185885,0.05451380440593695,0.04999999991195945,0.0028148591978972744
1990-01-31,-0.01789998700652225,0.12914081446679884,False,-0.43528929140598077,0.05923782019493108,0.049999999960949386,-0.01802912782098905
1990-02-28,0.0073293919434422265,0.14613612703534373,False,-0.4045830349915905,0.059195836816954686,0.049999999903993335,0.007183255816406883
1990-03-31,-0.013145639242608668,0.2761891767943119,False,-0.42349002187322715,0.05908996640588674,0.049999998687278877,-0.01342182841940298
1990-04-30,0.0002817183413465962,0.31404893092680053,False,-0.2940897786968163,0.0646504059909301,0.049999999422258745,-3.233058958020433e-05
1990-05-31,0.025429751042854075,0.14578221916929104,False,-0.19741375413435794,0.06530591921098172,0.049999999819009176,0.025283968823684784
1990-06-30,-0.005311499587080124,0.23547161259200683,False,-0.2181627059193132,0.06927214934938065,0.04999999968556224,-0.005546971199672131
1990-07-31,0.011214846952738555,0.13392476424134617,False,-0.20070030122746255,0.06923791192739112,0.049999999760324924,0.01108092218849721
1990-08-31,0.008758988598462861,0.13063250745876528,False,-0.19759494042401338,0.07761964213859913,0.0499999999579616,0.008628356091004097
1990-09-30,0.034027435744304196,0.24422860391241588,False,-0.16880856074264639,0.0696320929172201,0.049999999851452495,0.03378320714039178
1990-10-31,0.029514533638603582,0.17599298244189623,False,-6.994910211081604e-08,0.07188640271112272,0.04999999987576676,0.029338540656161687
1990-11-30,-0.008381926253962006,0.19592730489240412,False,-5.283419871309619e-08,0.07465120397111374,0.04999999910379873,-0.00857785355885441
1990-12-31,-0.009345046094187395,0.2345193995855152,False,-3.3428221108203204e-07,0.07099825595706889,0.04999999859861418,-0.00957956549377291
1991-01-31,0.01734699165234243,0.15421724797180805,False,-0.06159553333656847,0.06638607959787336,0.04999999996660416,0.01719277440437062
1991-02-28,0.009477342355209558,0.15776218115401455,False,-0.05558901654391977,0.059690899229940815,0.04999999970875516,0.009319580174055543
1991-03-31,0.011008419478628457,0.20073598896858386,False,-0.013543571874441872,0.05910618190522941,0.04999999906731737,0.010807683489659872
1991-04-30,-0.02048447132472246,0.07921676838845323,False,-0.010297000127954935,0.05402063397795584,0.049999999894449726,-0.020563688093110915
1991-05-31,0.0002652514939001603,0.09941279715161311,False,-0.03411944492282228,0.053360806660946045,0.04999999973648205,0.00016583869674854717
1991-06-30,-0.007716105688367023,0.19623197549333637,False,-0.04721653129280297,0.050369724382831195,0.049999999891393906,-0.00791233766386036
1991-07-31,0.03633086154757747,0.2969979763458779,False,-0.11715706704406319,0.06035475302137307,0.04999999942158445,0.03603386357123159
1991-08-31,0.03744071897677654,0.27374639939103357,False,-0.06898751051322743,0.06182822592433258,0.04999999993653931,0.03716697257738551
1991-09-30,0.018744185518579162,0.13601392349443825,False,-0.09578853950144188,0.06043025432994388,0.04999999997098781,0.018608171595084724
1991-10-31,0.01644500887213332,0.18950108828737922,False,-0.14441591187602423,0.05476754271547621,0.04999999998130453,0.016255507783845942
1991-11-30,0.011858609219040204,0.1454001860961308,False,-0.14728437252831023,0.05519112357123976,0.0500000002329873,0.011713209032944073
1991-12-31,0.032900406957742774,0.16766416753532848,False,-0.1386794332836331,0.05428080679667685,0.049999999900367326,0.03273274279020744
1992-01-31,-0.0353549571802569,0.1756062265136081,False,-0.018669758996861706,0.061254004047034294,0.04999999943058352,-0.03553056340677051
1992-02-29,-0.003789271575781528,0.22282111093663376,False,-5.785032658077102e-08,0.0623843816295594,0.04999999998058283,-0.004012092686718162
1992-03-31,0.007031117320803436,0.18659062543676233,False,-0.0632189798225231,0.06475499628365375,0.04999999997486493,0.006844526695366673
1992-04-30,-0.009126426635041837,0.2668294266240015,False,-0.2615745255068114,0.0651839074314412,0.04999999814955179,-0.009393256061665838
1992-05-31,0.021166912720403625,0.1584128421355061,False,-0.3297802527724917,0.06353008695565217,0.049999999079154915,0.021008499878268118
1992-06-30,0.00674870846366957,0.3318538879438599,False,-0.16686731128067833,0.08438728410051595,0.04999999987099111,0.00641685457572571
1992-07-31,0.003113111399275285,0.12939887288012628,False,-0.15008044601242002,0.10650204514751221,0.04999999983022487,0.0029837125263951587
1992-08-31,-0.0004894856568125163,0.22083925426148185,False,-0.08626383006542304,0.1752651166812688,0.04999999995870302,-0.0007103249110739982
1992-09-30,-0.0007711691895449455,0.18912049139922818,False,-0.029912477857529065,0.21026059826942475,0.04999999996050185,-0.0009602896809441737
1992-10-31,0.015767434766065888,0.18284726715824884,False,-3.2182926405039877e-07,0.21625907087851723,0.04999999952639577,0.01558458749890764
1992-11-30,0.009227805044256753,0.6487945881246983,False,-2.8577405913931056e-07,0.28501038679363255,0.049999999665087176,0.008579010456132055
1992-12-31,0.0033851403343488403,0.12748968828540674,False,-2.173310472954916e-06,0.27927677171741305,0.049999999305619484,0.0032576506460634336
1993-01-31,0.04054545053377443,0.054836717307280264,False,-0.0016844123499567144,0.28247930764107515,0.049999999656022455,0.04049061381646715
1993-02-28,0.02928474110208765,0.2232701817447886,False,-5.6658688656584244e-08,0.2812868151207747,0.049999999809328816,0.029061470920342863
1993-03-31,0.014242062353956858,0.060746301090949965,False,-2.1285218820485396e-07,0.29151137715760755,0.04999999824272192,0.014181316052865909
1993-04-30,-0.006321343646076057,0.2537248980593114,False,-5.375813208101723e-07,0.28556006984199506,0.049999998177144206,-0.006575068544135369
1993-05-31,-0.03508103138196299,0.3393234920764967,False,-0.06745324971314838,0.2864544479511485,0.04999999870205263,-0.03542035487403949
1993-06-30,0.03841088455523071,0.2786072885745321,False,-0.06673797801956921,0.3019474135698485,0.04999999877072489,0.038132277266656175
1993-07-31,0.004134999029124314,0.41493489096251324,False,-0.19116917347709925,0.31530828374279024,0.04999999929553796,0.003720064138161801
1993-08-31,0.009405096849700234,0.1026290885842642,False,-0.2232592513387762,0.3221158284432634,0.04999999957536414,0.009302467761115969
1993-09-30,0.008545952876139145,0.26022210257163314,False,-0.14207175228508226,0.3411299302512545,0.04999999985438967,0.008285730773567512
1993-10-31,-0.02722081857905399,0.19630548883287857,False,-0.10295464208160647,0.3399936443543113,0.04999999864737532,-0.027417124067886867
1993-11-30,-0.027799001626132875,0.19443878714079432,False,-0.018806110752425522,0.3426375353295768,0.04999999932984422,-0.02799344041327367
1993-12-31,-0.00040947840126096967,0.300508053256561,False,-1.5423934517687712e-06,0.34014367065033324,0.049999999807529,-0.0007099864545175307
1994-01-31,0.005518170996363834,0.1530222650497291,False,-0.03873283446989673,0.3131932310446298,0.049999998712410905,0.005365148731314105
1994-02-28,0.010179409322752344,0.42094313305687964,False,-5.519715644015238e-07,0.18650342235791523,0.04999999904918298,0.009758466189695465
1994-03-31,-0.01791258569869637,0.265243940230686,False,-0.13231889766751836,0.10075192502929334,0.049999999872801425,-0.018177829638927057
1994-04-30,-0.004464052218116647,0.22888160155433007,False,-0.05577515850528644,0.1071658615914424,0.04999999755452179,-0.004692933819670977
1994-05-31,0.0054186091365129455,0.31967400347019903,False,-2.7479304612419014e-07,0.1090295668408167,0.049999999349316815,0.005098935133042747
1994-06-30,-3.1200868856384734e-05,0.49931423017261684,False,-2.5655092923682066e-07,0.11456723979249224,0.04999999493489041,-0.0005305150990290015
1994-07-31,0.007946432027302715,0.33952510158834315,False,-9.402449160922366e-08,0.11129953623399576,0.049999997539301816,0.007606906925714372
1994-08-31,0.007153130341162979,0.7010754836017709,False,-3.875500034777879e-08,0.13735395979280948,0.04999999808635275,0.006452054857561208
1994-09-30,-0.0011406882913815297,0.4045218720623633,False,-1.6775871270607867e-07,0.13894966272080692,0.04999999605307209,-0.001545210163443893
1994-10-31,0.002963084512222272,0.17985077662776144,False,-1.9955965838147627e-08,0.1418498286681532,0.04999999977432535,0.0027832337355945106
1994-11-30,-0.014380825011788816,0.44693159745273014,False,-4.037428710801372e-09,0.14710973398875465,0.04999999971466368,-0.014827756609241547
1994-12-31,-0.0038510642396970985,0.43391574599370075,False,-2.9034763593394075e-08,0.14263648451491293,0.049999999692070224,-0.004284979985690799
1995-01-31,-0.009120425861391982,0.11495050290373868,False,-1.0874362559032402e-07,0.14283109414047562,0.04999999960795792,-0.00923537636429572
1995-02-28,0.019612431430785858,0.2881673721171685,False,-0.06653018005129753,0.1369894054519229,0.049999998105327466,0.01932426405866869
1995-03-31,0.02202306913450214,0.2824628739239853,False,-0.20125194037696675,0.12964444124299326,0.04999999962113252,0.021740606260578155
1995-04-30,0.04018226313006404,0.2843173225202749,False,-0.3633013391763335,0.12402795171028719,0.04999999958918739,0.039897945807543765
1995-05-31,0.022284637653698258,0.10056840109779366,False,-0.39249286204739253,0.1185771070241012,0.04999999927518404,0.022184069252600466
1995-06-30,0.006100144871118693,0.09989738135457733,False,-0.47473314573885506,0.11403882437329114,0.049999999822369946,0.006000247489764116
1995-07-31,0.0030491002927048915,0.09186407232239316,False,-0.4970544942403401,0.10944270450401994,0.04999999979624733,0.0029572362203824985
1995-08-31,-0.02267035875078282,0.19509030695974655,False,-0.5715256240925308,0.10115027707340575,0.049999999862521016,-0.022865449057742567
1995-09-30,0.011705269049889782,0.22602222163317043,False,-0.6148951274406675,0.09120115288624804,0.0499999995558717,0.011479246828256611
1995-10-31,0.03997990254735283,0.2168864682075607,False,-0.6215698162446074,0.08974490058218029,0.04999999944342551,0.039763016079145265
1995-11-30,-0.006440140259224791,0.347986897035116,False,-0.6774064654961665,0.09118602644379109,0.049999998597494794,-0.0067881271562599075
1995-12-31,-0.02464298605551021,0.14742783815588156,False,-0.6456441497178422,0.09584905091223704,0.04999999901247362,-0.02479041389366609
1996-01-31,0.041128809968164114,0.24489966839518612,False,-0.530913537395791,0.09961876656873413,0.04999999963163407,0.04088391029976893
1996-02-29,-0.0006579376266419709,0.2502199133957896,False,-0.34492502069753495,0.10399935828914111,0.049999999750599176,-0.0009081575400377605
1996-03-31,-0.02327967741108671,0.12418641911730537,False,-0.34840092302308173,0.10168163929874348,0.049999999940018615,-0.023403863830204014
1996-04-30,-0.0067257506303866855,0.2085385101017273,False,-0.3617261842775956,0.10045918540258772,0.0499999997949877,-0.006934289140488413
1996-05-31,-0.011768788733591268,0.42157764689683863,False,-0.2920026015451329,0.09536015302429691,0.049999999447968194,-0.012190366380488107
1996-06-30,-0.010253058646089129,0.40358550882896255,False,-0.21400547537634998,0.09588482629900623,0.04999999953813214,-0.010656644154918092
1996-07-31,0.008747407340382414,0.24101120496722284,False,-0.2976987719963413,0.09262935546114982,0.04999999874637024,0.00850639613541519
1996-08-31,0.016597199526433223,0.4885656434851394,False,-0.22754475299983515,0.09988352549609955,0.04999999865964222,0.016108633882948083
1996-09-30,0.027232722428378535,0.20266767330944765,False,-0.14612402391987525,0.09902422590202614,0.049999999736459716,0.02703005475506909
1996-10-31,0.01832049791090923,0.3454822231838686,False,-0.14123629574414248,0.09556506575456233,0.049999998870172487,0.017975015687725363
1996-11-30,0.004635257045446058,0.3379512278142519,False,-0.006342294084727723,0.1194750737993669,0.0499999999054704,0.0042973058176318055
1996-12-31,0.002246907173375396,0.10454864592475867,False,-0.04050207564665992,0.11905551500440485,0.0499999998831834,0.002142358527450637
1997-01-31,0.033046172289002106,0.08913585494918669,False,-7.744228652795115e-08,0.12831720890620438,0.04999999935731594,0.03295703643405292
1997-02-28,-0.018037935790247057,0.19378534621680343,False,-1.1557966575481693e-07,0.12550916478463361,0.049999999724726026,-0.01823172113646386
1997-03-31,-0.0069736779541966385,0.15028440222535647,False,-5.39731353513262e-07,0.12102839838095773,0.04999999975229332,-0.007123962356421995
1997-04-30,0.04595905590023182,0.18272554172276917,False,-0.004703068598286418,0.12254394624868722,0.04999999940413234,0.045776330358509046
1997-05-31,-4.21917166184534e-05,0.21924170227066622,False,-5.375725897760475e-08,0.1268844496676957,0.049999999900185436,-0.0002614334188891196
1997-06-30,0.0022620164657667858,0.10865105555456737,False,-1.7505677227247496e-07,0.14221066789828052,0.0499999997564557,0.0021533654102122183
1997-07-31,0.05799318627523487,0.2513399181801669,False,-1.3891942482469055e-06,0.1614186047249261,0.04999999875621987,0.057741846357054705
1997-08-31,-0.039094201124191014,0.3760362252411248,False,-0.07939627807847781,0.15155599641938283,0.0499999985731874,-0.03947023734943214
1997-09-30,0.00018158590651104825,0.25317243582740406,False,-0.23443739539962205,0.15496132151635092,0.04999999924389832,-7.158652931635583e-05
1997-10-31,-0.001868253592171732,0.42391936709100536,False,-0.3281828405185961,0.14385924782173443,0.049999999951211134,-0.0022921729592627373
1997-11-30,0.02518273185371137,0.2725781575017293,False,-0.5718107478011871,0.1196030918390456,0.04999999972448725,0.02491015369620964
1997-12-31,0.025300279754779113,0.3869502482079078,False,-0.6113242086837634,0.11698821510668887,0.049999999679022356,0.024913329506571207
1998-01-31,-0.008820528153144125,0.2106363498745199,False,-0.6002464309683964,0.11762266768340833,0.04999999988455617,-0.009031164503018645
1998-02-28,-0.0002158106105906686,0.2615630231498492,False,-0.6237244495107459,0.11942964169050786,0.049999997722703124,-0.0004773736337405178
1998-03-31,-0.006212183779428527,0.3637028798956732,False,-0.7975849511118183,0.1257097737985252,0.04999999968904704,-0.006575886659324201
1998-04-30,0.006242748301029938,0.2195276144783211,False,-0.8742818175269026,0.09740756854108192,0.04999999922468617,0.006023220686551617
1998-05-31,0.030507440751032004,0.15272683784610408,False,-0.9528732792936528,0.07326105575671028,0.04999999977772221,0.0303547139131859
1998-06-30,0.04639192399558681,0.17897380248565314,False,-1.0642479952992245,0.039479235623883356,0.04999999976619197,0.046212950193101156
1998-07-31,-0.023092660929339297,0.12213329681496259,False,-1.0506866376431339,0.03812626845874019,0.04999999997934737,-0.02321479422615426
1998-08-31,0.007665278273310518,0.15313860301953314,False,-1.1399926866220533,0.035546525832712846,0.049999999400469175,0.007512139670290984
1998-09-30,-0.019638160154081343,0.2943147705687019,False,-1.053395016650621,0.0366659037319418,0.04999999992552652,-0.019932474924650046
1998-10-31,0.020281751979048936,0.23648123861421058,False,-0.9710113025457903,0.03656876183369172,0.04999999986030654,0.020045270740434724
1998-11-30,0.007941775584936122,0.30901369613611573,False,-0.867193395228248,0.035354200912735424,0.049999998580016365,0.007632761888800006
1998-12-31,0.0209586228960025,0.22617530558763366,False,-0.7407108812328116,0.034870472183772275,0.049999998720854116,0.020732447590414867
1999-01-31,0.030239471369673816,0.21143814043800782,False,-0.6755773801725404,0.04094455457499059,0.049999999344856286,0.03002803322923581
1999-02-28,-0.029220209708271324,0.17338884940254878,False,-0.5150812502622582,0.0395256448152175,0.049999999931893746,-0.029393598557673872
1999-03-31,0.03518238525815937,0.15001748212324179,False,-0.45887363608498244,0.04491874790068994,0.04999999861016249,0.03503236777603613
1999-04-30,-0.03485081483127041,0.23227376881431247,False,-0.499025032500641,0.05189329493459491,0.04999999942311184,-0.03508308860008472
1999-05-31,-0.01320393309416232,0.3055224843958566,False,-0.24169384338630512,0.07717565314834396,0.04999999929357794,-0.013509455578558175
1999-06-30,-0.0084636791735128,0.11811986260479165,False,-0.18635522987241057,0.08477904327548595,0.04999999975983755,-0.008581799036117591
1999-07-31,0.012303335391953055,0.22656549711959556,False,-1.6280048886936627e-06,0.11822985996848477,0.05000000004173758,0.01207676989483346
1999-08-31,0.028572480026233946,0.3125306275420871,False,-2.741873212329382e-08,0.151738827196448,0.04999999994672035,0.02825994939869186
1999-09-30,0.01622467900975864,0.19207364143802916,False,-1.6685047954725918e-07,0.16145001610102294,0.0499999995727519,0.016032605368320612
1999-10-31,0.0851686232192938,0.13567252095226642,False,-8.211059692245226e-08,0.16292252140460628,0.04999999974166502,0.08503295069834153
1999-11-30,0.017358927992041685,0.24162393219690845,False,-3.9795375048404247e-07,0.16200809811315545,0.049999998761833274,0.017117304059844775
1999-12-31,0.047148658172680394,0.0670208749773856,False,-1.7535245928901322e-08,0.16195786670851958,0.049999999999564115,0.04708163729770301
2000-01-31,0.01763576010338197,0.21333863778434697,False,-7.737451973924281e-08,0.16308569609639853,0.04999999976170593,0.017422421465597623
2000-02-29,0.04024371452542655,0.1488568477633934,False,-3.4427438361933627e-08,0.1586093934794153,0.0499999999361033,0.04009485767766316
2000-03-31,-0.02898760133582557,0.19900273784826997,False,-1.4249768264277748e-07,0.15168043612351467,0.049999999181508215,-0.02918660407367384
2000-04-30,-0.029829786456999526,0.13417824042115387,False,-1.7518881045060913e-08,0.16938985007647986,0.04999999997645048,-0.02996396469742068
2000-05-31,-0.01710546350835372,0.20369461966170418,False,-0.04275432377312216,0.2775587286928807,0.05000000004601486,-0.017309158128015426
2000-06-30,0.028491714653461446,0.2397400198140578,False,-0.09344719396727647,0.3430530090811615,0.050000000093822126,0.028251974633647387
2000-07-31,0.002811570671128985,0.35508305260540696,False,-0.0962387586485254,0.3462142366544841,0.049999998308466395,0.002456487618523578
2000-08-31,0.03617433428996337,0.15541410270465675,False,-0.06849387415657428,0.34573357214845973,0.05000000115378622,0.03601892018725871
2000-09-30,0.0011354443985420023,0.2205155196366274,False,-0.08881265048460366,0.2926516046991999,0.05000000059280426,0.0009149288789053749
2000-10-31,-0.009528557258920205,0.11737680510728649,False,-0.01824485684361775,0.321342210993188,0.05000000023085383,-0.009645934064027492
2000-11-30,-0.005758037079566062,0.31396000865025386,False,-0.07647669792988246,0.27851142357891306,0.04999999979343043,-0.006071997088216315
2000-12-31,0.007889041396648401,0.2501129311773933,False,-0.07108239976686154,0.2292084517715221,0.05000000003537542,0.007638928465471008
2001-01-31,-0.03642797201999701,0.23838904012256584,False,-0.09752069787143558,0.18716093073323492,0.0500000000518368,-0.03666636106011957
2001-02-28,0.016816349748358606,0.32944283463567897,False,-0.1794341731177913,0.17460415251553074,0.050000000014904,0.016486906913722926
2001-03-31,0.008508689457929864,0.11647841798507641,False,-0.1943934839483778,0.16223817098009227,0.0500000015038323,0.008392211039944787
2001-04-30,0.017418449376451105,0.16711288529638763,False,-0.1656753308985892,0.1670902197475926,0.0500000000870313,0.017251336491154717
2001-05-31,-0.01713900177760603,0.052407766164833794,False,-0.1772397888838455,0.1614905955921584,0.050000000554792326,-0.017191409543770863
2001-06-30,-0.012059571739565943,0.07812524671508939,False,-0.2074980254693149,0.1608004782404379,0.05000000041589536,-0.012137696986281032
2001-07-31,-0.01739135431208863,0.16301143665003037,False,-0.1742651211161535,0.16384495700505705,0.04999999977286631,-0.01755436574873866
2001-08-31,0.006562474189630368,0.17854923785591875,False,-0.15614220064173445,0.17374073566972387,0.050000000042046466,0.006383924951774449
2001-09-30,0.02417163749693727,0.16077648090444474,False,-0.22705843817035565,0.16296402426979784,0.0500000005726505,0.024010861016032822
2001-10-31,0.016069787338750696,0.2008907204252099,False,-0.16028953042742763,0.17652349290869399,0.05000000028515793,0.015868896618325485
2001-11-30,-0.02917120106507875,0.178021463717273,False,-0.2140989792515121,0.18672006695623108,0.05000000003068133,-0.029349222528796022
2001-12-31,0.010565097358829585,0.24579090893391986,False,-0.2501563913690349,0.18013969980967312,0.05000000005140243,0.010319306449895664
2002-01-31,0.02559569711824085,0.3632699138542012,False,-0.4096298356550405,0.16617496105664778,0.049999998917410075,0.02523242720438665
2002-02-28,0.010370983944045682,0.23999458175353047,False,-0.2998552930811225,0.16787011355737502,0.05000000007891572,0.010130989362292151
2002-03-31,-0.0056740062961910046,0.29514450781914425,False,-0.2986685266853818,0.16063175763168236,0.05000000077220525,-0.005969150804010149
2002-04-30,0.03395331857266613,0.24141682128940867,False,-0.3062659267329722,0.16216611453498905,0.05000000017745677,0.03371190175137673
2002-05-31,-0.007875049553857184,0.19878196169946297,False,-0.3052654622512501,0.104951711270496,0.050000000020786244,-0.008073831515556648
2002-06-30,0.02402129170489592,0.09848608005749229,False,-0.292899484347654,0.1035051168879657,0.05000000006686272,0.023922805624838426
2002-07-31,-0.023755636640969965,0.15848639725883162,False,-0.22796970891940763,0.10705338702607402,0.05000000126793114,-0.023914123038228798
2002-08-31,0.01823832613269612,0.11009513457750905,False,-0.1495703741784384,0.10556512262124491,0.050000000400047505,0.01812823099811861
2002-09-30,0.03361557366681335,0.3297976765104563,False,-0.2203493651238484,0.05859205336241519,0.05000000010545063,0.03328577599030289
2002-10-31,-0.002106311796238282,0.3373940831246818,False,-0.2996800031723615,0.05126914519096451,0.050000000224412804,-0.0024437058793629635
2002-11-30,-0.03199599552442312,0.21996220761842966,False,-0.33177349164778147,0.04990010720471422,0.05000000007751694,-0.03221595773204155
2002-12-31,0.0019101218245752922,0.19445383623476206,False,-0.36626441297306206,0.048559798304864434,0.050000000275481446,0.0017156679883405302
2003-01-31,0.001137229898231312,0.2417600466116655,False,-0.2926610695186909,0.05897361069484445,0.050000000154309415,0.0008954698516196465
2003-02-28,-0.005254559190970841,0.22774009962341293,False,-0.23522860911079335,0.05988590185797088,0.050000000222751785,-0.005482299290594254
2003-03-31,0.002642086015497945,0.4895639659499142,False,-0.3639614174444183,0.05647700304700705,0.050000000273656406,0.002152522049548031
2003-04-30,-0.002996116136437587,0.3361740865700379,False,-0.39475978764636244,0.0578931937076719,0.05000000029652009,-0.003332290223007625
2003-05-31,-0.02920137450542984,0.32559699024122174,False,-0.4487744820477669,0.0604218227349007,0.050000000656834465,-0.029526971495671062
2003-06-30,-0.004864555533687639,0.4362491447948431,False,-0.3882111461906452,0.10435001527266705,0.05000000017877499,-0.005300804678482482
2003-07-31,-0.01408438513877818,0.2909175790243452,False,-0.4509898143688063,0.10559543476916645,0.05000000058982007,-0.014375302717802525
2003-08-31,-0.007615539746858793,0.5681242970110599,False,-0.37858820097651497,0.10068044770011944,0.050000000422436935,-0.008183664043869852
2003-09-30,0.011291076126501485,0.3947584040651292,False,-0.3266623513090194,0.11875992249984559,0.05000000040073709,0.010896317722436356
2003-10-31,0.008137610166426425,0.1843604759197163,False,-0.20076243381270176,0.11773822301736822,0.050000001616637334,0.007953249690506708
2003-11-30,0.008251858939871943,0.2779505949897027,False,-0.2064080364187011,0.11020777924210287,0.05000000004566991,0.00797390834488224
2003-12-31,-0.010733797876783495,0.22196518736492227,False,-0.19053471458449403,0.09445286232022004,0.05000000012898731,-0.010955763064148416
2004-01-31,-0.005374164762071112,0.18466464138416183,False,-0.2368268837787767,0.08790443264730984,0.05000000033636079,-0.005558829403455274
2004-02-29,0.00848697467855534,0.33533989802453296,False,-0.3103333372678838,0.13161019454119177,0.05000000007829174,0.008151634780530806
2004-03-31,0.012590924498480881,0.2528971923775521,False,-0.31308280802405625,0.164634193922537,0.05000000016497219,0.01233802730610333
2004-04-30,-0.022257234822739367,0.26564426717708073,False,-0.28927066117142447,0.16820077245576687,0.05000000026393482,-0.02252287908991645
2004-05-31,-0.005954140888288606,0.15772054081423173,False,-0.25372323117126516,0.17986251613848517,0.050000000504810974,-0.006111861429102838
2004-06-30,0.0036517592109699855,0.7021708568694313,False,-0.27076362716948016,0.19249920963654835,0.05000000160555148,0.002949588354100554
2004-07-31,-0.007784132089378217,0.41222126993800623,False,-0.09466072067730255,0.20551258241060696,0.05000000034561741,-0.008196353359316223
2004-08-31,-0.014245057162815922,0.38661682691091553,False,-0.16202145003538734,0.17042215893042864,0.050000000948946535,-0.014631673989726838
2004-09-30,0.01685935879049306,0.30359927631974015,False,-0.09689491297329227,0.18541571418008881,0.05000000032520617,0.01655575951417332
2004-10-31,-0.02086517348636355,0.23875313417067973,False,-0.08064337439238872,0.20038077569695723,0.05000000008246874,-0.02110392662053423
2004-11-30,0.027304706710696836,0.22215031638969918,False,-0.1890220042312027,0.1869918467370571,0.05000000071523604,0.027082556394307136
2004-12-31,-0.008867149332507733,0.47379905621342955,False,-0.07160626554246163,0.19227135230777234,0.04999999997961616,-0.009340948388721163
2005-01-31,0.019463649815816147,0.23903914629446793,False,-0.07486294658996374,0.17540380706678313,0.04999999999882201,0.019224610669521677
2005-02-28,0.014780657850558663,0.1701926944338583,False,-0.12933217248902906,0.14832980136800114,0.05000000045352321,0.014610465156124804
2005-03-31,-0.009319996714752844,0.11353551499553881,False,-0.1192714685112055,0.150034350308846,0.04999999981361125,-0.009433532229748383
2005-04-30,-0.0013474630776368589,0.19614232710677487,False,-0.12126825949998209,0.15364522729443872,0.04999999830775085,-0.0015436054047436338
2005-05-31,0.006142771829975198,0.33048553454871177,False,-0.1475731236652013,0.12188811573407132,0.049999999795017264,0.005812286295426486
2005-06-30,0.007321577120654265,0.2711899228087214,False,-0.2643159991096888,0.09726896318161687,0.04999999990455291,0.007050387197845544
2005-07-31,0.0005143297506028361,0.21557213914534823,False,-0.37392457066983437,0.0787451957675313,0.050000000234163545,0.0002987576114574878
2005-08-31,0.008608462641588696,0.22547080890830964,False,-0.50547297013164,0.07131171759882922,0.05000000002295594,0.008382991832680386
2005-09-30,0.007680634595927972,0.027548381421641,False,-0.5000286781982304,0.07207406016745875,0.04999999971800042,0.007653086214506331
2005-10-31,-0.013161909589439117,0.047947867883527034,False,-0.5102045712824336,0.07254271965951664,0.04999999974782086,-0.013209857457322643
2005-11-30,0.002679756217583914,0.15428062978697468,False,-0.5004993184327992,0.07752576654690398,0.0500000000250237,0.0025254755877969393
2005-12-31,-0.0012136848740534095,0.3582441968530181,False,-0.5664649115197913,0.08854384566788386,0.05000000000574843,-0.0015719290709064276
2006-01-31,0.024130470138054895,0.24011217781734373,False,-0.37117071738398694,0.1069735649068305,0.05000000006651141,0.02389035796023755
2006-02-28,-0.017091313017470473,0.28646172904281597,False,-0.20683490215766953,0.1353113278747146,0.04999999980820037,-0.01737777474651329
2006-03-31,0.006846884348138322,0.16794611648431493,False,-0.1755608124506538,0.15275075889788328,0.04999999972061338,0.006678938231654007
2006-04-30,0.01415493956609557,0.18561633216806617,False,-0.19399858977021123,0.16314005629679135,0.04999999835387709,0.013969323233927503
2006-05-31,-0.024537602486602226,0.16447038285040938,False,-0.15096997196559475,0.1722855496867849,0.04999999880558873,-0.024702072869452637
2006-06-30,-0.0031843020404302637,0.23745891009833253,False,-0.050267539509545274,0.18154926257314208,0.04999999861691786,-0.003421760950528596
2006-07-31,-0.01697506781958877,0.4297288172122501,False,-0.02857219650622711,0.17659087600748785,0.04999999916678787,-0.01740479663680102
2006-08-31,-0.033517526125994034,0.23285846109527275,False,-0.09299702898029202,0.16830938599245426,0.05000000002187992,-0.03375038458708931
2006-09-30,0.014215645703861093,0.459854744666494,False,-0.032477368562553996,0.14654806497769504,0.049999998647088484,0.013755790959194599
2006-10-31,0.00229792748634611,0.5342911352183832,False,-9.9881748039099e-08,0.12628598336766755,0.04999999999364799,0.0017636363511277268
2006-11-30,0.0009879214459621746,0.2421315415364962,False,-3.350242192279307e-07,0.1723916680261358,0.04999999927300278,0.0007457899044256784
2006-12-31,0.015063797663695436,0.21062326976646567,False,-8.560266649693116e-08,0.21150572683520674,0.050000000122116674,0.01485317439392897
2007-01-31,0.01111665640283347,0.20692437207849668,False,-5.8646111453231065e-08,0.21253379917909848,0.04999999964643004,0.010909732030754973
2007-02-28,-0.006781761403881973,0.2590331258969276,False,-1.8119722791642978e-08,0.20901379147021723,0.04999999994337271,-0.007040794529778901
2007-03-31,0.024676540027420604,0.23785514801245528,False,-2.5689423366337394e-07,0.2132054890779325,0.04999999911621793,0.02443868487940815
2007-04-30,-0.012669651078162225,0.3657079199533739,False,-1.450633421024028e-08,0.2762913291627535,0.04999999980379486,-0.0130353589981156
2007-05-31,-0.009729953004509772,0.22812280699639637,False,-4.6060018014693364e-08,0.33696990336546995,0.04999999993628258,-0.009958075811506168
2007-06-30,0.016137929702788257,0.19530016053399704,False,-4.7367531598235466e-08,0.33382701047709146,0.04999999984034407,0.01594262954225426
2007-07-31,0.02902077772051034,0.13405925152727388,False,-0.07362275517666145,0.31555631931475997,0.04999999898230152,0.028886718468983066
2007-08-31,0.006778000284518219,0.2690034913430619,False,-0.1444148778493638,0.316483554383858,0.04999999985605364,0.006508996793175157
2007-09-30,0.034258930702276084,0.14067784477770293,False,-0.058063820575347674,0.333337101633724,0.04999999978427211,0.03411825285749838
2007-10-31,-0.018580726845181132,0.29447594704332397,False,-0.08292352852953329,0.3034844687869637,0.049999998724720725,-0.018875202792224457
2007-11-30,0.0053198347378311875,0.2818820215259725,False,-0.05379192290079078,0.3153185137911601,0.04999999961543686,0.005037952716305215
2007-12-31,0.007906630011611978,0.37217772729759446,False,-1.7598356674697335e-08,0.30278463663521693,0.049999999644713966,0.007534452284314384
2008-01-31,-0.015221959394210678,0.3277249737628467,False,-3.4251657504702493e-07,0.29054950554140146,0.04999999962793939,-0.015549684367973524
2008-02-29,0.05537955459948444,0.17558137450885472,False,-1.234612756195741e-07,0.28015987765944855,0.0499999998715361,0.05520397322497558
2008-03-31,-0.01382462259066848,0.121458654590858,False,-0.044122203364272805,0.2762881820584899,0.04999999859775908,-0.013946081245259338
2008-04-30,0.015941055721634664,0.024667099912186026,False,-0.058236835832467214,0.2682156064654416,0.049999999655800105,0.01591638862172248
2008-05-31,0.032813761934141636,0.137562707035669,False,-1.6176592829500458e-07,0.2513399034756579,0.049999999529652284,0.03267619922710597
2008-06-30,0.045737626429896996,0.05530047097694563,False,-5.649072317218118e-08,0.24789362479518237,0.04999999946712965,0.04568232595892005
2008-07-31,-0.048431352982806215,0.11287789794195377,False,-1.5881939586376292e-08,0.19668187852401833,0.04999999886491032,-0.04854423088074817
2008-08-31,0.0004210435039381067,0.09934411646435665,False,-0.03874170495228268,0.19111696421497115,0.049999999155858864,0.0003216993874737501
2008-09-30,-0.03094204923351213,0.16919416002415838,False,-9.674916197702221e-08,0.19051605814206388,0.049999999159110575,-0.031111243393536287
2008-10-31,0.05202621897926664,0.3586497202644907,False,-1.0595330405052672e-07,0.1722279277563936,0.04999999865271477,0.05166756925900215
2008-11-30,-0.010191260344830292,0.30329758744666124,False,-0.012044670231539429,0.08537987723073875,0.04999999986202955,-0.010494557932276953
2008-12-31,-0.030966425813839342,0.14110573311163285,False,-6.893310619711379e-08,0.08870610657984088,0.04999999923775526,-0.031107531546950975
2009-01-31,0.021032704900230723,0.29897590830103893,False,-3.5766931043637595e-08,0.07681457901358964,0.04999999867545564,0.020733728991929684
2009-02-28,0.014575872809074944,0.31922437067118936,False,-1.1580577314804219e-08,0.06995199278354342,0.049999999809189045,0.014256648438403755
2009-03-31,-0.005441229356569552,0.14304821170398102,False,-2.2222757706941154e-08,0.06801175247632434,0.04999999979677188,-0.005584277568273534
2009-04-30,-0.12762246489621576,0.0887451415536571,False,-1.4588550521776877e-07,0.06613912259706667,0.049999999207997144,-0.12771121003776942
2009-05-31,-0.04040137178691389,0.7547087748945868,False,-3.404497850943017e-07,0.07262735980962612,0.04999999603878309,-0.04115608056180847
2009-06-30,0.0038559296432760615,0.31921877727483294,False,-9.904090614255498e-08,0.06877920336098127,0.050000000496780175,0.0035367108660012284
2009-07-31,-0.024666191397652085,0.12532596023597223,False,-1.58643208500453e-07,0.06751423018756862,0.04999999962765695,-0.02479151735788806
2009-08-31,-0.011281539689991637,0.2179532563823047,False,-6.041205863338561e-08,0.06539827827068233,0.04999999999744226,-0.011499492946373941
2009-09-30,0.006108832729653841,0.28228037582569476,False,-1.719587528273281e-07,0.06495869229847502,0.050000000102703626,0.005826552353828146
2009-10-31,0.019633884035479252,0.6085984937285347,False,-5.022545952748647e-08,0.14795457133023757,0.049999999341482866,0.019025285541750717
2009-11-30,-0.017308252358045305,0.2687011342174698,False,-0.10208285117825439,0.1335993633104934,0.05000000044494499,-0.017576953492262775
2009-12-31,-0.007795749182502918,0.45040984769596676,False,-0.17122599333846705,0.12995531869697585,0.049999999986980646,-0.008246159030198884
2010-01-31,-0.0012205002348529201,0.30937838627937897,False,-0.24315549862918165,0.08441514015572199,0.04999999976963158,-0.0015298786211322992
2010-02-28,0.037073796859225315,0.14718346971752508,False,-0.25060958142082773,0.07919734210358524,0.049999999833969536,0.03692661338950779
2010-03-31,0.0026979624599229543,0.3865675360144137,False,-0.4194693751782271,0.0644532545203633,0.04999999999672495,0.0023113949239085404
2010-04-30,-0.004421142455434651,0.15414209092317194,False,-0.49649808920519667,0.0626675847427645,0.04999999969300555,-0.004575284546357823
2010-05-31,0.0036892880543922236,0.2526310502003292,False,-0.40949206151249334,0.07161682060218576,0.050000000177229574,0.0034366570041918943
2010-06-30,0.004243380041919563,0.34932287393657,False,-0.24477586988508637,0.19370080306606507,0.05000000011113562,0.003894057167982993
2010-07-31,0.013963717335487496,0.20686574878507435,False,-0.2571335240669634,0.1855505759727489,0.050000000128953496,0.013756851586702422
2010-08-31,0.020540390800697264,0.4019697382675556,False,-0.21457881018469385,0.1910188547343365,0.04999999986256822,0.020138421062429707
2010-09-30,0.03533137108840007,0.22426409191840102,False,-0.20592257758622212,0.17917105820741389,0.0500000001731043,0.035107106996481674
2010-10-31,0.014807157438791754,0.2968313966749855,False,-0.12463230789895727,0.21856811492507733,0.049999999970072075,0.014510326042116769
2010-11-30,0.010217500857510383,0.17078327296991147,False,-0.21168959538321544,0.21560621451467102,0.04999999932252533,0.010046717584540472
2010-12-31,-0.04076215049889047,0.16173674144393357,False,-0.24854542201699265,0.2126623902596242,0.04999999997307534,-0.040923887240334404
2011-01-31,-0.022032652025121845,0.3228739811575426,False,-0.16943836311851163,0.23462381047940484,0.049999999053083326,-0.022355526006279387
2011-02-28,-0.005268173319040691,0.2452458343596149,False,-0.04952941092841277,0.27340216753960395,0.05000000023503676,-0.005513419153400306
2011-03-31,0.020202727043488633,0.251247012415139,False,-0.02770010652370436,0.2786800473376219,0.04999999981904425,0.019951480031073495
2011-04-30,0.01475949060125542,0.16473423184562513,False,-0.023355116884032467,0.2812854705225302,0.04999999949572005,0.014594756369409795
2011-05-31,-0.001609350084403756,0.26564046126361285,False,-1.7054208756306366e-07,0.19940146756336047,0.050000000506996205,-0.001874990545667369
2011-06-30,0.001512005497766816,0.10378665795750365,False,-0.013919964174568561,0.19143243352108236,0.04999999992237348,0.0014082188398093123
2011-07-31,0.0024981918601359445,0.1861969399542287,False,-1.4475191710550117e-07,0.1971453187942903,0.050000000310650626,0.002311994920181716
2011-08-31,0.010484358214742197,0.37637127201783,False,-3.1190590804586193e-08,0.18394806061054092,0.04999999981163009,0.010107986942724367
2011-09-30,-0.022630110631343688,0.41604324169693574,False,-2.6929285246168888e-08,0.18120733462934244,0.050000000004738615,-0.023046153873040622
2011-10-31,0.02083907180518613,0.4419065985674287,False,-5.8783789683158894e-08,0.15905977004141708,0.05000000019252908,0.020397165206618703
2011-11-30,0.012472159314398039,0.48970000574046124,False,-1.0723500608322833e-08,0.1562153295844791,0.04999999998010955,0.011982459308657578
2011-12-31,0.007991665580623001,0.233316299880336,False,-4.7083221349497606e-08,0.17919437813149325,0.050000000636595814,0.0077583492807426655
2012-01-31,0.006404561622964482,0.06315094984541547,False,-9.69900169900395e-09,0.18024853413910957,0.05000000006712425,0.006341410673119066
2012-02-29,0.013728503262033447,0.18770732963899825,False,-2.279192970466859e-08,0.1791647924679188,0.050000000254033845,0.013540795932394448
2012-03-31,0.005439509518301854,0.1326110331009665,False,-1.2360543651113165e-08,0.17699029590453208,0.05000000012927291,0.005306898485200887
2012-04-30,-0.0022973564114468015,0.1522574229077555,False,-8.690775735870071e-08,0.17261983134377817,0.05000000002514289,-0.002449613834354557
2012-05-31,0.024594205712486238,0.13736873481837367,False,-5.852888362856135e-07,0.16901918347128086,0.050000000048078495,0.024456836977667862
2012-06-30,-0.004143164411671874,0.34022621919179896,False,-2.2806311343950836e-07,0.1621385900549994,0.04999999800221414,-0.004483390630863673
2012-07-31,0.03227166657375407,0.0927406799605564,False,-1.9604487245389324e-08,0.1622087108961563,0.05000000012510908,0.032178925893793515
2012-08-31,-0.005129042988567981,0.1676369832326401,False,-7.158631897333234e-08,0.1657302276435326,0.050000000038540236,-0.005296679971800621
2012-09-30,-0.0022679928621339757,0.2543202473185295,False,-4.884401234601238e-08,0.1600251516162387,0.04999999984692107,-0.002522313109452505
2012-10-31,-0.03857000459180268,0.38853430645129267,False,-5.120845858030271e-08,0.16444328595026855,0.04999999850745163,-0.03895853889825397
2012-11-30,0.0062643747033257315,0.25640991772936295,False,-8.659033330984944e-07,0.13926797586545844,0.04999999996394951,0.0060079647855963685
2012-12-31,-0.012167161609228849,0.268121927186539,False,-6.469634136405111e-07,0.16087443522165562,0.050000000160232386,-0.012435283536415388
2013-01-31,0.011713660170695956,0.19783619309137285,False,-0.04196332830979238,0.14560969569996068,0.050000000017300456,0.011515823977604584
2013-02-28,0.008454814206422634,0.2999873642725123,False,-1.212259775000557e-06,0.17775879280068183,0.050000000154379554,0.008154826842150121
2013-03-31,0.0022141620701000343,0.2844086747522932,False,-4.938498204820618e-07,0.20498296971806443,0.04999999984312098,0.001929753395347741
2013-04-30,0.0021088036004730444,0.18067360395231336,False,-3.689596776712545e-08,0.20749114993514794,0.050000000091684,0.001928129996520731
2013-05-31,-0.013802318083316209,0.17121830915655462,False,-3.276289669860988e-06,0.23395823061822793,0.049999999312353945,-0.013973536392472764
2013-06-30,0.027895022152837665,0.3301695259186711,False,-0.17273051840720385,0.25771336429772185,0.05000000001274854,0.027564852626918993
2013-07-31,0.005006426445763174,0.4002515016886783,False,-0.2762910769465034,0.23674702029071715,0.04999999998271752,0.004606174944074496
2013-08-31,0.0069558680829592545,0.18947943771736736,False,-0.40763405866447455,0.21348773498905096,0.05000000006225923,0.006766388645241887
2013-09-30,0.015518466348203816,0.1960116236429693,False,-0.36665516618883537,0.2063231450709471,0.049999999727678136,0.015322454724560846
2013-10-31,-0.010021596647684584,0.12653773180528247,False,-0.34022239080474437,0.21613262967313468,0.05000000049995572,-0.010148134379489866
2013-11-30,0.012643323164367417,0.0712385395343623,False,-0.3124384093905374,0.21685411553284525,0.0500000006086755,0.012572084624833054
2013-12-31,-0.008816309652202363,0.03908023800168898,False,-0.30218614440234326,0.22001137240800217,0.04999999996675141,-0.008855389890204051
2014-01-31,0.022614863845187197,0.119215670012466,False,-0.2997445853478643,0.19373195618476927,0.0500000000518252,0.022495648175174732
2014-02-28,0.019597199209565475,0.17520312352946843,False,-0.3252067138946971,0.15621440339654508,0.05000000040608292,0.019421996086036005
2014-03-31,-0.002317413501229448,0.1301433912300212,False,-0.366778776096508,0.1536146426223878,0.04999999997821258,-0.002447556892459469
2014-04-30,-0.005373620946950989,0.05798361027898037,False,-0.3791314737412238,0.15212944764539066,0.049999999989752034,-0.005431604557229969
2014-05-31,0.006013807365854154,0.22788905985986974,False,-0.3340727494427223,0.16559160516433724,0.049999999772139946,0.005785918305994284
2014-06-30,0.011138498886440452,0.15748423527473232,False,-0.3110676758816758,0.1720934998152263,0.04999999438734169,0.01098101465116572
2014-07-31,0.021973628396571493,0.22219512970116723,False,-0.20668669480153815,0.17700897804543547,0.04999999888224606,0.021751433266870325
2014-08-31,-0.0060067019867151164,0.3289047564061089,False,-3.308881401601488e-07,0.19055147735282812,0.04999999934393062,-0.006335606743121226
2014-09-30,0.0030656411027947888,0.3988806120599192,False,-0.036523620744638996,0.18978209883345523,0.04999999946051021,0.0026667604907348696
2014-10-31,-0.0024252554224613826,0.3374219171289443,False,-9.818456877218329e-08,0.19178389538176469,0.0499999985349485,-0.002762677339590327
2014-11-30,-0.021010467094567307,0.1803625797521346,False,-0.0371691844888227,0.187850550161387,0.049999999842491476,-0.021190829674319442
2014-12-31,0.009849649515701,0.2214037914726414,False,-1.3908015948464747e-07,0.18411913825394455,0.04999999991184749,0.009628245724228358
2015-01-31,0.020135132494200278,0.2822144723251399,False,-2.325015970462002e-08,0.18797972981435843,0.04999999998859091,0.019852918021875138
2015-02-28,-0.008093743835541924,0.3171532303607326,False,-1.412503223205408e-07,0.1763504895226196,0.04999999987198929,-0.008410897065902657
2015-03-31,0.018358913988242194,0.19831692344397012,False,-1.9966952664873805e-07,0.16371698430629297,0.04999999989489468,0.018160597064798223
2015-04-30,-0.029051691413858244,0.21644115801984987,False,-0.04390914595973811,0.16396077010627638,0.04999999973083492,-0.029268132571878092
2015-05-31,0.031118529378981498,0.0950198977993917,False,-0.08676829243229756,0.16118691154244813,0.04999999911108893,0.031023509481182106
2015-06-30,0.025206276684241725,0.15663730195680775,False,-0.17727224340332579,0.13482369430396346,0.04999999959685467,0.025049639382284918
2015-07-31,0.025962014677928514,0.033966364294691104,False,-0.17298528411316322,0.12878570032255668,0.049999999813187763,0.025928048313633822
2015-08-31,-0.015747415373466238,0.1989493154044552,False,-0.13652345658358517,0.10355143741214133,0.04999999836781422,-0.015946364688870694
2015-09-30,0.02260496875805857,0.09900599855744219,False,-0.32818902900014685,0.09590585980217996,0.04999999979576864,0.02250596275950113
2015-10-31,0.03667055582149534,0.1802806529417837,False,-0.3027843983933731,0.09698398948316717,0.049999999441520664,0.036490275168553556
2015-11-30,-0.006582911163292989,0.14734734203536057,False,-0.2490237960314195,0.1000694861721056,0.04999999955876199,-0.00673025850532835
2015-12-31,4.5546810370273964e-05,0.09680462479383718,False,-0.2787583160786444,0.09445555453370291,0.049999999941929045,-5.125781442356322e-05
2016-01-31,0.009436176164545751,0.17928128933257992,False,-0.4166269004201294,0.0891268745683114,0.04999999917656717,0.009256894875213171
2016-02-29,-0.006336520672060341,0.10460101431510717,False,-0.5171705511550798,0.08768559061125167,0.04999999832263759,-0.006441121686375449
2016-03-31,-0.031157849659866375,0.07614465235025876,False,-0.47700787202785644,0.07961234459807812,0.049999999900763606,-0.031233994312216632
2016-04-30,-0.0359184754874249,0.25196009005863784,False,-0.45861336703183764,0.07187472599792728,0.04999999890196924,-0.036170435577483534
2016-05-31,-0.015861566453444127,0.19945779427480567,False,-0.3734022305773622,0.07938138893605161,0.04999999741319379,-0.016061024247718932
2016-06-30,-0.0007896335179233835,0.26612381778665284,False,-0.2553022036845698,0.08765943613729728,0.04999999961807241,-0.0010557573357100364
2016-07-31,-0.019025725880869936,0.6384177653310344,False,-0.04009867218759228,0.10409829698787061,0.049999999155049,-0.01966414364620097
2016-08-31,0.0014725164442672741,0.35378343931610723,False,-1.172970129359463e-07,0.10683597841107516,0.049999997149130566,0.0011187330049511669
2016-09-30,-0.004284317451922976,0.2814351921468946,False,-3.634676516706126e-08,0.1172634084375809,0.04999999997970742,-0.0045657526440698705
2016-10-31,-0.0004953749531420877,0.6105420586611281,False,-3.584993566801975e-05,0.11811954096951345,0.05000000020494639,-0.0011059170118032158
2016-11-30,-0.013009905342974923,0.20593311415348908,False,-0.11124342323264275,0.10036641649355091,0.04999999946205362,-0.013215838457128412
2016-12-31,-0.017754121223218594,0.22575064093541536,False,-0.20240110418666968,0.09640877186284875,0.049999999433352704,-0.01797987186415401
2017-01-31,-0.002270660907580882,0.19110414916483262,False,-0.19345982614198695,0.09692428217030181,0.049999999296928534,-0.0024617650567457143
2017-02-28,-0.005330376449960793,0.13832127610321399,False,-0.20411618357942168,0.09875196146230357,0.04999999885999648,-0.005468697726064007
2017-03-31,0.0097153341299077,0.21386806905177136,False,-0.22282324035415618,0.09664010887359713,0.049999999574553304,0.009501466060855928
2017-04-30,-0.001589583071151079,0.42699652032678986,False,-0.11269431175901508,0.08982725001653016,0.04999999969981639,-0.002016579591477869
2017-05-31,0.019100369505349154,0.5560221770841425,False,-0.33055249474068027,0.0741853418503957,0.04999999854294988,0.01854434732826501
2017-06-30,-0.019144179086914244,0.6172486852898388,False,-0.007338923532154554,0.14159439760888898,0.04999999988526295,-0.019761427772204083
2017-07-31,-0.0038150565259578366,0.2562262830761141,False,-0.09802620111162608,0.14232779048586608,0.05000000000062178,-0.004071282809033951
2017-08-31,0.01295407440465211,0.20218532423034113,False,-0.003947905092835657,0.14784413691603532,0.04999999963990478,0.012751889080421769
2017-09-30,0.009646682443400794,0.4181115651708427,False,-1.5043716120044515e-08,0.13721354779466438,0.04999999998625579,0.00922857087822995
2017-10-31,0.016094304436919633,0.19468599538481002,False,-6.991373442677418e-08,0.13518391551707562,0.04999999977581899,0.015899618441534823
2017-11-30,-0.01700230377993068,0.17121790521487876,False,-0.07982855380221256,0.13459732151899678,0.049999999185092854,-0.01717352168514556
2017-12-31,-0.012186826445278989,0.38920730775254914,False,-0.07229307267576385,0.18715205095327844,0.0499999996923851,-0.012576033753031539
2018-01-31,0.012948104726712975,0.257886861067302,False,-0.08968428156692655,0.1882131386188954,0.05000000001961834,0.012690217865645673
2018-02-28,-0.005307800319121669,0.5566092426559266,False,-0.11689483725303879,0.12263181966644725,0.049999999785543085,-0.005864409561777596
2018-03-31,0.002885588760764825,0.5396914047122879,False,-0.491604198395031,0.09725007600021329,0.04999999988019913,0.002345897356052537
2018-04-30,0.0009095016453995936,0.24558735257424394,False,-0.5223135407496028,0.08898768815470008,0.04999999923663919,0.0006639142928253497
2018-05-31,0.0003030331455753054,0.26733388669012403,False,-0.5372686527229344,0.08932369712263873,0.04999999989276893,3.56992588851814e-05
2018-06-30,-0.008915505204896045,0.282003018048361,False,-0.49764930271336005,0.09200079014019967,0.049999999610563596,-0.009197508222944406
2018-07-31,-0.015712583560097797,0.11326470345968513,False,-0.43611925307519694,0.09284110197584755,0.049999998736342345,-0.01582584826355748
2018-08-31,0.017871293919018004,0.32947305923854264,False,-0.3639084079757282,0.09420677750844611,0.04999999999402155,0.017541820859779463
2018-09-30,0.019620702315695866,0.22140972244046864,False,-0.30369438412541383,0.1255395543358226,0.05000000005666979,0.019399292593255398
2018-10-31,-0.00791387816479621,0.16704094978776057,False,-0.31795893793991475,0.12811604755808456,0.049999999521750146,-0.008080919114583971
2018-11-30,-0.0013196493575345974,0.2474639681783727,False,-0.40409283019433073,0.11888588383613889,0.04999999989487496,-0.0015671133257129702
2018-12-31,0.016605019962534218,0.1316280222833497,False,-0.43458078972118097,0.11968874174265867,0.04999999804087668,0.016473391940250867
2019-01-31,0.0011793467314190156,0.3302938758818674,False,-0.4274812026153527,0.11803927382852547,0.04999999997000459,0.0008490528555371482
2019-02-28,-0.011151454145932271,0.31805764283786525,False,-0.11866668346281206,0.2576937086283129,0.0499999998410521,-0.011469511788770136
2019-03-31,-0.008252856635147804,0.13271463621705465,False,-0.12852021636199967,0.26301745637258306,0.049999999947668836,-0.008385571271364859
2019-04-30,0.003440842656439487,0.16090360435914383,False,-0.13419844800501,0.26874355044038084,0.05000000006654761,0.003279939052080343
2019-05-31,0.004110869415954973,0.34668462323509885,False,-0.1645147911095834,0.25423748644420185,0.05000000000511029,0.0037641847927198744
2019-06-30,-0.01925721868142561,0.3180387460368399,False,-0.2294256487112981,0.25194984167796136,0.049999999912284154,-0.01957525742746245
2019-07-31,0.015311068970366618,0.4823377451224151,False,-0.11194771957334126,0.26423445971911963,0.04999999997956349,0.014828731225244203
2019-08-31,0.044561623397823595,0.3120898173246211,False,-0.2244475962582821,0.24480135082742205,0.05000000000145324,0.044249533580498976
2019-09-30,0.014229005236815768,0.2363764566746317,False,-0.1141393914439896,0.25957231105480516,0.05000000025219147,0.013992628780141136
2019-10-31,-0.012240092121420788,0.219463833070149,False,-0.03640568469816189,0.26356855985767674,0.05000000015782219,-0.012459555954490937
2019-11-30,0.01148402767470193,0.18781947734082932,False,-3.258680757456389e-07,0.25173496954600133,0.05000000038635034,0.011296208197361102
2019-12-31,-0.004047960307731404,0.14718721107510868,False,-6.284271780732098e-08,0.24666897334015017,0.050000000051155694,-0.004195147518806513
2020-01-31,0.04523773081611785,0.22232511654258635,False,-6.560411563300006e-07,0.24473632948270632,0.0499999996591726,0.04501540569957527
2020-02-29,-0.00979435015850898,0.3207832962109473,False,-0.1815944140196329,0.20563712441564577,0.04999999980266888,-0.010115133454719928
2020-03-31,0.04327112944681323,0.1871355980717152,False,-0.29066983586403,0.19684417553411354,0.04999999985086998,0.043083993848741516
2020-04-30,0.03281900634372095,0.2682382365254498,False,-0.2889941946111547,0.1886020981362764,0.04999999999084221,0.0325507681071955
2020-05-31,0.0021431652057275286,0.2649090641369755,False,-0.31191493355143063,0.19330702862610313,0.05000000002905238,0.001878256141590553
2020-06-30,0.018613301344806193,0.06291664697003194,False,-0.357841785799359,0.195573077277182,0.05000000019853905,0.01855038469783616
2020-07-31,0.06874131812078334,0.09583452253578442,False,-0.41740797830694637,0.18866326346396706,0.049999999819810605,0.06864548359824756
2020-08-31,0.03577607747779986,0.18560953984938547,False,-0.4545660174353762,0.1989352690567948,0.050000000530158524,0.035590467937950475
2020-09-30,-0.005807689778248844,0.13919298418480625,False,-0.45739731182546484,0.1916038004754636,0.04999999985944201,-0.005946882762433651
2020-10-31,0.026354099638442794,0.03322739284127856,False,-0.46107976248173405,0.19051087287673224,0.04999999869590152,0.026320872245601517
2020-11-30,-0.005771166520229756,0.061901169445377414,False,-0.4692185212493965,0.19123615300523877,0.04999999994267481,-0.005833067689675134
2020-12-31,-0.008153031839810993,0.1914567761639791,False,-0.5089919586635482,0.18467674352378438,0.04999999987127089,-0.008344488615974973
2021-01-31,0.016162906727502094,0.13559099233813843,False,-0.5314510557656178,0.17749283411465944,0.04999999987112523,0.016027315735163954
2021-02-28,-0.021776356781178542,0.08741707634073095,False,-0.5080619519608386,0.15571372821153528,0.04999999955903172,-0.021863773857519274
2021-03-31,-0.01335306717703285,0.10807331211124963,False,-0.5599246133911567,0.11146674544364703,0.04999999928013168,-0.0134611404891441
2021-04-30,0.015160292210021832,0.2927231474879253,False,-0.6163463827427664,0.07304509584869384,0.04999999982609876,0.014867569062533907
2021-05-31,-0.026965364549104285,0.24743492409853315,False,-0.5188956271533453,0.08874611116654715,0.04999999978353731,-0.027212799473202817
2021-06-30,-0.0076115046651254155,0.24119024205814152,False,-0.4586387892547744,0.10087812452242281,0.049999999801821904,-0.007852694907183558
2021-07-31,0.026148815608218096,0.22748120854186937,False,-0.2697114776431224,0.10866193383220121,0.050000000074375696,0.025921334399676227
2021-08-31,-0.0030049687000790162,0.2862416300475985,False,-0.2732800117682115,0.1043118943449773,0.050000000718439845,-0.0032912103301266146
2021-09-30,-0.007569245978719354,0.2885677558896238,False,-0.08101753989938265,0.11479869508207306,0.04999999997332098,-0.007857813734608978
2021-10-31,0.006125016889029811,0.18883035164001155,False,-0.0708607971290705,0.1167262344139303,0.05000000005739646,0.0059361865373898
2021-11-30,-0.017513401487957266,0.13331639531739173,False,-0.12175385980363457,0.11425034794636518,0.049999999622285185,-0.017646717883274658
2021-12-31,0.01636000324663537,0.09260386665872199,False,-0.13759599665950734,0.11560365460387526,0.050000000529915795,0.01626739937997665
2022-01-31,0.014485421899855324,0.3351601968252694,False,-0.08757167114097353,0.12188403517414993,0.04999999974122445,0.014150261703030055
2022-02-28,0.03598505659373747,0.2191626232278381,False,-8.480247559033982e-07,0.12233989531769374,0.05000000040968136,0.03576589397050963
2022-03-31,0.047196931115065587,0.22144407292501053,False,-1.507853875648557e-07,0.11741688236495303,0.04999999960750415,0.04697548704214058
2022-04-30,0.029721020516790563,0.09740206628286384,False,-1.54391211322491e-07,0.11823296417053478,0.05000000051427431,0.029623618450507698
2022-05-31,-0.002074791880221562,0.045787512922993566,False,-0.02335080338454721,0.12365465572827852,0.05000000011570684,-0.0021205793931445556
2022-06-30,-0.0011970442434022805,0.02560299767301237,False,-4.0057799140999495e-06,0.12256380667896721,0.050000000088420087,-0.0012226472410752929
2022-07-31,-0.001048824948859768,0.10154368726818835,False,-4.9660358686365313e-08,0.10084753415874795,0.04999999940243521,-0.0011503686361279562
2022-08-31,0.024537220572011298,0.1062470253006753,False,-6.954741878575921e-07,0.0852221450025771,0.050000000766090694,0.024430973546710623
2022-09-30,0.003648007240339075,0.07409532479915379,False,-4.221681767363483e-08,0.08713101353650143,0.04999999984451863,0.003573911915539921
2022-10-31,0.004818094065406585,0.09284374766396576,False,-1.9212666922674426e-08,0.08720793240265053,0.050000000197771996,0.004725250317742619
2022-11-30,-0.014165088297878065,0.12380291832318926,False,-1.0412584551533488e-08,0.09500933922512894,0.050000000038654846,-0.014288891216201255
2022-12-31,-0.01793464760135588,0.13284610805258606,False,-5.767741807771731e-08,0.09871062525052939,0.04999999972087854,-0.018067493709408466
2023-01-31,-0.016376207307176812,0.06108031979038825,False,-6.519730833681736e-08,0.10079214448521746,0.05000000020820718,-0.0164372876269672
2023-02-28,0.022600781606434254,0.22075096785611184,False,-4.0848116077130125e-08,0.11086152866250155,0.050000000008221836,0.02238003063857814
2023-03-31,-0.004483256550432681,0.2887396878179979,False,-1.7247039507117812e-06,0.11486149092977732,0.050000000240952865,-0.0047719962382506784
2023-04-30,0.009812105232504694,0.14707223199338404,False,-0.03212621746345739,0.11608914320985834,0.04999999997450481,0.00966503300051131
2023-05-31,0.010861869176802432,0.5486207398127045,False,-0.18045096724443857,0.13399203597436551,0.04999999899787408,0.010313248436989728
2023-06-30,0.003370433136095422,0.22891658166077256,False,-0.13187441760810759,0.14102385067134435,0.05000000004607776,0.0031415165544346497
2023-07-31,0.003335221875280918,0.2759564003995011,False,-0.13358247710387217,0.14696235344974282,0.049999999971360204,0.0030592654748814166
2023-08-31,0.00025048547939971,0.1575463752666727,False,-0.08967644439517433,0.14610345777670725,0.05000000023192869,9.293910413303726e-05
2023-09-30,-0.012338881829793605,0.16843316762309943,False,-0.06589561786131481,0.1440622814418841,0.05000000006500399,-0.012507314997416705
2023-10-31,0.012678904091552883,0.25706090898827977,False,-0.036070889649961996,0.1499368764963052,0.05000000005248158,0.012421843182564602
2023-11-30,0.031562045305268134,0.42477273983280606,False,-1.3687436298953637e-07,0.12574718178997268,0.05000000011195385,0.031137272565435328
2023-12-31,-0.0078174669797907,0.31511279471218984,False,-0.06801714833445408,0.11674043574960706,0.04999999975395611,-0.00813257977450289
2024-01-31,0.02783341322538091,0.4707905321657475,False,-0.12797309336890503,0.11344810766364088,0.05000000006510232,0.027362622693215162
2024-02-29,-0.007531111875880006,0.15187557007383143,False,-0.01007983596231829,0.11521920529402375,0.050000000556328784,-0.007682987445953837
2024-03-31,0.0002888051547909013,0.3280839679227199,False,-1.053886594312714e-07,0.1164021029184497,0.04999999961805283,-3.927881313181862e-05
2024-04-30,0.014300781232218868,0.28367180554955446,False,-2.4309118901798266e-05,0.1476195549665277,0.05000000019025851,0.014017109426669313
2024-05-31,-0.004022784163841506,0.1352478466144164,False,-8.333838767693447e-08,0.15177985622325257,0.05000000046157235,-0.0041580320104559225
2024-06-30,0.007908193523749489,0.17225728810072172,False,-4.499253983270002e-09,0.15512494277197378,0.05000000004506827,0.0077359362356487675
2024-07-31,-0.029516829540914582,0.1294934368861258,False,-5.656680576726636e-08,0.14808437647350695,0.05000000066852521,-0.029646322977800708
2024-08-31,-0.017032832038707143,0.3339630233361508,False,-1.247656238392847e-07,0.15017232673573838,0.050000000396798354,-0.017366795062043295
2024-09-30,0.0011950950108405643,0.47043434906844084,False,-3.1232881718412653e-07,0.14441840094297254,0.0500000012273323,0.0007246606617721234
2024-10-31,-0.0027229924021238937,0.356098558050862,False,-0.07140520870967859,0.13511943193466566,0.05000000051474941,-0.0030790909601747557
2024-11-30,0.013921977529454312,0.30662556856602335,False,-0.041624751457001466,0.15372909230122217,0.05000000058709482,0.013615351960888289
2024-12-31,-0.012369391889457572,0.4602995880960752,False,-0.14209440343685448,0.16398833303933127,0.04999999994898806,-0.012829691477553647
2025-01-31,0.02198839580014749,0.3694543610161726,False,-0.16109268185486247,0.31006379387852884,0.05000000011532839,0.021618941439131317
2025-02-28,-0.013066638348812061,0.6034350939733308,False,-0.18390468082137923,0.43811175021235416,0.05000000065983503,-0.013670073442785391
2025-03-31,0.020158355178687304,0.17650529124111364,False,-0.1448291284188991,0.47450119409423097,0.05000000020407645,0.01998184988744619
2025-04-30,0.04146022460087748,0.2777051019027888,False,-0.24311163012892517,0.49226644238341005,0.05000000016978806,0.04118251949897469
2025-05-31,0.009242246758047887,0.23192730248142718,False,-0.36734243771156516,0.5035580000152574,0.04999999977497753,0.00901031945556646
2025-06-30,0.0018275172389311256,0.10657377544626517,False,-0.35888234268717584,0.49514595402362443,0.05000000009667259,0.0017209434634848605
2025-07-31,-0.026960494105913006,0.12282464216268157,False,-0.3335598216755943,0.49547677171957044,0.05000000012607668,-0.027083318748075687
2025-08-31,-0.01678840190847933,0.24753897997776528,False,-0.2983743488116641,0.5016025744901542,0.05000000046728141,-0.017035940888457096
2025-09-30,0.010419593646687583,0.3113209177558506,False,-0.22237599091315896,0.4629619790152949,0.04999999988640032,0.010108272728931732
2025-10-31,-0.012074601353154489,0.19023067203564958,False,-0.22055800397641734,0.4393835491769039,0.05000000029002407,-0.012264832025190138
2025-11-30,0.020861559443026957,0.3596947092528076,False,-0.2311140148839933,0.4328768780340938,0.04999999909054268,0.02050186473377415
2025-12-31,-0.01097387057804557,0.39475507069161025,False,-0.12381834592961766,0.40428161585527367,0.050000000392820335,-0.01136862564873718
2026-01-31,0.0068599781085159905,0.39113343688589475,False,-0.01471883195308181,0.3186298502583829,0.05000000003039568,0.006468844671630096
2026-02-28,0.004512844202717777,0.31702146685545907,False,-4.555814262646729e-08,0.22023361428190405,0.04999999998293719,0.004195822735862317
2026-03-31,0.001429503956319374,0.38886347164774215,False,-5.679254332924266e-07,0.1344358934005229,0.04999999993282795,0.001040640484671632
2026-04-30,0.01894859912575426,0.16997856001206352,False,-2.1577968835340133e-08,0.1229377365671147,0.050000000051961466,0.0187786205657422
2026-05-31,0.05320388706518137,0.22034624567519515,False,-3.4898379298875515e-07,0.1157328705088822,0.04999999991709748,0.05298354081950618
2026-06-30,-0.014027068233615332,0.2046416377390816,False,-0.01994273883676275,0.1114349396837042,0.05000000005287105,-0.014231709871354414
2026-07-31,-0.04956509480079223,0.1849584947694186,False,-0.07621396546679744,0.1056627494743437,0.050000000280159114,-0.04975005329556165
