Strategy,Window,Months,FF5 alpha,FF5 t,FF5+UMD alpha,FF5+UMD t,UMD beta,UMD t,R2 FF5,R2 FF5+UMD,+STREV alpha,+STREV t,Verdict
MOM,common,372,0.0325616086938891,2.835118616971693,0.0118763741254491,1.5488925829312967,0.289963219091915,16.936989297051394,0.1078699419195389,0.5592164825820147,0.011640893847451,1.5323006229395455,fail
MOM,post_2010,199,0.021963443630911,1.683888646949047,0.0069236838663822,0.6421776916723577,0.2746670219986458,11.074514971724074,0.1587547375634627,0.4666403546514295,0.007512582667389,0.6880348566005849,fail
MOM,recent_18m,17,-0.0397226579149947,-0.6355311460840044,-0.0047781368697754,-0.1180947786432143,0.2298410024469327,3.5339159912141263,0.3707245648533998,0.5824061564937456,0.0082142948533672,0.2159738626284394,low power
REV,common,372,-0.0352423183637537,-4.491121341099102,-0.0448123715196322,-5.827515464483966,0.1341518951974119,7.588444776552292,0.0765435678119708,0.24853157325292,-0.0447659804142228,-5.782776218092306,fail
REV,post_2010,192,-0.0302091149524707,-2.717340109267782,-0.0350063798077965,-3.022854580752353,0.0872409862955455,3.177021699788085,0.0817544114543104,0.126978089992942,-0.0355150026047818,-3.120488548955544,fail
REV,recent_18m,10,-0.1031725928004282,-1.7048267587367478,-0.0563713866309038,-2.8304479875212225,-0.2416640107336176,-2.5987844085714618,0.5611233839078744,0.7525644416558241,-0.04579022806883,-2.9180310277485018,low power
REV orthogonal to MOM,common,372,-0.0416590465410879,-5.107589362110831,-0.046347416575647,-5.502038413491878,0.0657210273838991,4.341481985455091,0.0362077977610388,0.0887928003640257,-0.0463564502883777,-5.485685803498637,fail
REV orthogonal to MOM,post_2010,192,-0.033086055923455,-2.798495509295536,-0.0366275981453131,-2.9441329975576944,0.0644049569410806,2.6788431517441444,0.0289435104155302,0.057575943977427,-0.0367711825888027,-2.9891488341942227,fail
REV orthogonal to MOM,recent_18m,10,0.0175450316242492,0.2669198939681184,-0.0427070151384456,-2.572954289283547,0.3111191455801388,3.613083055946113,0.4828526154092043,0.7841876071420284,-0.0514709849770785,-3.151438706739861,low power
Blend,common,372,0.0237501142506752,2.213384385320268,0.0024155843746057,0.36097161925998,0.2990649654085253,20.39198309082989,0.1040872893225769,0.5875938517287325,0.0023154442078141,0.3474051366776244,fail
Blend,post_2010,192,0.0155236550685686,1.278420496231632,-0.0002008338085413,-0.0195463218934464,0.285958761920232,13.81818871031735,0.1305462191675644,0.4632557768554348,0.0002883267102544,0.0277375283631732,fail
Blend,recent_18m,10,0.115967249584664,1.5803379684895698,0.0329255100733548,3.396034100761304,0.4287966373325456,8.008168987641819,0.2871901288506737,0.8955395491774156,0.0292707814744431,2.3860074207605844,low power
