Change from base,Gross Sharpe,Net Sharpe,Net Sharpe post-2010,Monthly turnover,FF5+UMD alpha,t
Base case,0.4846116356043207,0.2747242166238847,0.3234024584604252,0.57946921118653,0.0024155843746057,0.3609716192599763
Costs 10 bp,0.4846116356043207,0.3797390021905125,0.4455555383666026,0.57946921118653,0.0093524241095292,1.3985990660238536
Costs 30 bp,0.4846116356043207,0.1695894192666927,0.2011556599871735,0.57946921118653,-0.0045212553603177,-0.6745295926482611
Momentum lookback 6m,0.145688347414613,-0.3976558335958886,-0.1548020428244523,1.2982318879765904,-0.0305813751804169,-3.891529703056343
Momentum lookback 9m,0.3245620665706558,0.0405943206814235,0.1089500309854115,0.7496655874708881,-0.0127203607640551,-1.828911061948194
REV = consensus change,0.3845993908989958,0.1464046053388033,0.2030657821327164,0.6229261612251992,-0.0055137642237169,-0.8227860644273378
Cov. half-life 18m,0.4954842039621691,0.2782124895194629,0.3366064053526942,0.5875054651508654,0.002589478532952,0.3804873718883584
Cov. half-life 60m,0.4542321290700689,0.2584303633300246,0.3060472146223088,0.5736759660783198,0.0011976030590621,0.1752540992449775
Risk target 3%,0.4846116356043208,0.274790321567156,0.3234641878773636,0.347576890517341,0.0014511168401744,0.3614256997716362
Risk target 8%,0.4846116356043207,0.2744968500612131,0.323208603594627,0.9281266105210184,0.003843653505061,0.3589763448056478
Dollar + beta neutral,0.5590299745047443,0.3297179670793186,0.3359032127358474,0.597868502270383,0.0054579830987466,0.7404283353184573
Min analysts 1 (*),0.5438723435590662,0.3415992076980996,0.4540061738661168,0.564650504869905,0.0076311700828493,1.069330539798588
Min analysts 5 (*),0.4133792517297543,0.1892718463468217,0.2572351921018487,0.6104914701897175,-0.0043888378432473,-0.6414958790146167
30 industries (*),0.5406369814882742,0.3377243513233973,0.4863809373254137,0.5204532813369045,0.0065725751723104,0.8727431097135878
