month,period,EMV_env,z,threshold,prev_month_zero,VIX,VIX_past_median,high_VIX,EMV_overall,high_EMV_overall
2010-04,validation,0.4556,0.8378688747245532,0.8338279442079353,False,17.424285714285716,18.985,False,20.616,True
2010-07,validation,0.69567,1.8399016189782729,0.8378688747245532,False,25.565238095238094,19.050326086956524,True,21.91355,True
2011-08,validation,0.91193,2.5649795873002623,0.8163554409338142,False,35.02913043478261,19.153181818181817,True,60.87111,True
2012-10,validation,0.6714,1.5122258664544317,0.8095760377304035,False,16.276190476190475,19.161363636363635,False,17.12059,False
2013-03,validation,1.88333,4.382605597941632,0.8095760377304035,False,13.0315,19.050326086956524,False,17.91352,True
2015-01,validation,0.67639,1.3733644888204253,0.7988607023079654,False,19.1195,17.798250000000003,True,23.3353,True
2015-07,validation,0.49997,0.8013414801209114,0.7976662880478254,False,14.352727272727272,17.764886128364388,False,23.85563,True
2015-09,validation,0.51322,0.830437166502894,0.799871403291677,False,24.377142857142857,17.764886128364388,True,24.70809,True
2016-01,validation,0.84481,1.8561349411507466,0.803178983503003,False,23.717894736842105,17.764886128364388,True,28.63895,True
2016-11,validation,0.57388,1.083829562783011,0.8006064417062942,False,15.236190476190476,17.724605263157898,False,18.36427,True
2017-12,validation,0.54547,1.0294498461834098,0.7831614312151967,False,10.2645,17.520454545454545,False,18.27329,True
2018-05,validation,0.76543,2.274783078695411,0.7831614312151967,False,14.124545454545455,17.54284632034632,False,15.94637,False
2018-10,validation,0.47545,1.0776917589658501,0.7831614312151967,False,19.35217391304348,17.43,True,24.36698,True
2018-12,validation,0.60372,1.604307945625902,0.7940400738396685,False,24.953157894736844,17.47736842105263,True,39.39303,True
2019-04,validation,0.62171,1.5223266234876909,0.8013414801209114,False,12.949047619047619,17.47736842105263,False,18.8068,True
2019-09,validation,0.58535,1.3962884270726226,0.8013414801209114,False,15.559000000000001,17.427142857142858,False,16.24333,False
2019-12,validation,0.47224,0.8920978074984575,0.8022602318119573,False,13.756666666666666,17.40105263157895,False,21.40826,True
2020-05,validation,0.62703,1.2413773424304748,0.8093853863577506,False,30.897000000000002,17.412669172932333,True,35.74074,True
2020-10,validation,0.51584,0.8765425721107686,0.8093853863577506,True,29.438636363636363,17.47736842105263,True,30.43484,True
2021-05,validation,1.07362,2.650062427780148,0.8090040836124446,False,19.7605,17.567391774891775,True,19.78528,True
2022-07,validation,0.63729,1.2025203741725383,0.8042670166755318,True,24.995238095238093,17.696195652173913,True,24.53555,True
2023-04,holdout,0.63768,1.1916731421538165,0.8048956740025377,True,17.817894736842106,17.773500000000002,True,21.04334,True
2024-06,holdout,0.74637,1.7052937248034852,0.799871403291677,True,12.667,17.687391304347827,False,18.09947,True
2025-02,holdout,0.799,2.1321203377987867,0.7976662880478254,True,16.968,17.663333333333334,False,27.965,True
2025-09,holdout,0.94006,1.9419527321692165,0.799871403291677,True,15.789090909090909,17.673257575757575,False,22.32635,True
2025-11,holdout,0.81321,1.6336151203348928,0.8018008559664345,True,19.7695,17.673257575757575,True,23.78646,True
