month,period,EMV_env,zero,prev_month_zero,bar_team,bar_frozen,reading_between_bars,z_team,threshold_team,state_team,crossing_team,z_frozen,threshold_frozen,state_frozen,crossing_frozen,z_zeros_missing_cal,threshold_zeros_missing_cal,state_zeros_missing_cal,crossing_zeros_missing_cal,z_zeros_missing_obs,threshold_zeros_missing_obs,state_zeros_missing_obs,crossing_zeros_missing_obs
2021-10,validation,0.0,True,False,0.5280275163135932,0.5212784511150682,False,-1.5942865383808063,0.8090040836124446,False,False,-1.643185727531005,0.8090040836124446,False,False,,0.8094557730435749,False,False,,0.8094557730435749,False,False
2021-11,validation,0.0,True,True,0.5191406768514399,0.521162764657118,False,-1.532648202367074,0.8085595960866667,False,False,-1.643185727531005,0.8085595960866667,False,False,,0.8094557730435749,False,False,,0.8094557730435749,False,False
2021-12,validation,0.0,True,True,0.5183871814649794,0.5210470869966083,False,-1.489455569029708,0.808115108560889,False,False,-1.643185727531005,0.808115108560889,False,False,,0.8094557730435749,False,False,,0.8094557730435749,False,False
2022-01,validation,0.0,True,True,0.5173864727488445,0.5209314181328701,False,-1.4475564218767247,0.8076706210351111,False,False,-1.643185727531005,0.8076706210351111,False,False,,0.8094557730435749,False,False,,0.8094557730435749,False,False
2022-02,validation,0.31543,False,True,0.5160479713761916,0.5208157580652342,False,0.04677020120246082,0.8072261335093334,False,False,-0.040755751875908665,0.8072261335093334,False,False,-0.12498187381736033,0.8094557730435749,False,False,-0.09388829463736902,0.8094557730435749,False,False
2022-03,validation,0.40203,False,False,0.5188262725834727,0.5207001067930319,False,0.37617626000665283,0.8067816459835554,False,False,0.33189419530124104,0.8067816459835554,False,False,0.230742904428479,0.8093052098998648,False,False,0.2859261710255951,0.8093052098998648,False,False
2022-04,validation,0.0,True,False,0.519734647893114,0.5205365513698035,False,-1.4348493164159173,0.8061529886565495,False,False,-1.643185727531005,0.8061529886565495,False,False,,0.8091546467561547,False,False,,0.8091546467561547,False,False
2022-05,validation,0.0,True,True,0.5195556417341514,0.5203730135374048,False,-1.4348493164159173,0.8055243313295436,False,False,-1.643185727531005,0.8055243313295436,False,False,,0.8091546467561547,False,False,,0.8091546467561547,False,False
2022-06,validation,0.0,True,True,0.5181288614683277,0.5202094932939438,False,-1.394434510000642,0.8048956740025377,False,False,-1.643185727531005,0.8048956740025377,False,False,,0.8091546467561547,False,False,,0.8091546467561547,False,False
2022-07,validation,0.63729,False,True,0.5145105459670569,0.5200459906375287,False,1.2025203741725383,0.8042670166755318,True,True,1.238546036368674,0.8042670166755318,True,True,1.1013785418390047,0.8091546467561547,True,True,1.195909642431961,0.8091546467561547,True,True
2022-08,holdout,0.54389,False,False,0.5267285696692385,0.5207001067930319,False,0.863977222333453,0.8067816459835554,True,False,0.8952389892476915,0.8067816459835554,True,False,0.725546570587433,0.809756899330995,False,False,0.8418872817389121,0.809756899330995,True,False
2022-09,holdout,0.0,True,False,0.5352435179559213,0.521162764657118,False,-1.3890389924575248,0.8085595960866667,False,False,-1.643185727531005,0.8085595960866667,False,False,,0.809606336187285,False,False,,0.8137687444800815,False,False
2022-10,holdout,0.0,True,True,0.5311706983222142,0.5210470869966083,False,-1.3417229823011998,0.808115108560889,False,False,-1.643185727531005,0.808115108560889,False,False,,0.809606336187285,False,False,,0.8137687444800815,False,False
2022-11,holdout,0.0,True,True,0.529099742205455,0.5209314181328701,False,-1.3039986914255048,0.8076706210351111,False,False,-1.643185727531005,0.8076706210351111,False,False,,0.809606336187285,False,False,,0.8137687444800815,False,False
2022-12,holdout,0.0,True,True,0.519693099966299,0.5208157580652342,False,-1.2586289424876191,0.8072261335093334,False,False,-1.643185727531005,0.8072261335093334,False,False,,0.809606336187285,False,False,,0.8137687444800815,False,False
2023-01,holdout,0.0,True,True,0.5118395861959177,0.5207001067930319,False,-1.2154120130346124,0.8067816459835554,False,False,-1.643185727531005,0.8067816459835554,False,False,,0.809606336187285,False,False,,0.8137687444800815,False,False
2023-02,holdout,0.0,True,True,0.5092069264312388,0.5205365513698035,False,-1.1829024079579886,0.8061529886565495,False,False,-1.643185727531005,0.8061529886565495,False,False,,0.809606336187285,False,False,,0.8137687444800815,False,False
2023-03,holdout,0.0,True,True,0.5084369587197656,0.5203730135374048,False,-1.165181550831052,0.8055243313295436,False,False,-1.643185727531005,0.8055243313295436,False,False,,0.809606336187285,False,False,,0.8137687444800815,False,False
2023-04,holdout,0.63768,False,True,0.5076816385014731,0.5202094932939438,False,1.1916731421538165,0.8048956740025377,True,True,1.2399380918084446,0.8048956740025377,True,True,0.9511570272218718,0.809606336187285,True,True,1.1610145730669097,0.8137687444800815,True,True
2023-05,holdout,0.33999,False,False,0.504260616381106,0.5208157580652342,False,0.2514981763885048,0.8072261335093334,False,False,0.06736443147206886,0.8072261335093334,False,False,-0.17354109164013334,0.8143907480597089,False,False,-0.06369151404193876,0.8155777894414172,False,False
2023-06,holdout,0.0,True,False,0.5041230002629329,0.5207001067930319,False,-1.152611361897633,0.8067816459835554,False,False,-1.643185727531005,0.8067816459835554,False,False,,0.8128461318168044,False,False,,0.8153090948833959,False,False
2023-07,holdout,0.0,True,True,0.5032023506523886,0.5205365513698035,False,-1.1344977758880266,0.8061529886565495,False,False,-1.643185727531005,0.8061529886565495,False,False,,0.8128461318168044,False,False,,0.8153090948833959,False,False
2023-08,holdout,0.0,True,True,0.5006349104548695,0.5203730135374048,False,-1.1064987815590452,0.8055243313295436,False,False,-1.643185727531005,0.8055243313295436,False,False,,0.8128461318168044,False,False,,0.8153090948833959,False,False
2023-09,holdout,0.0,True,True,0.49627783723155544,0.5202094932939438,False,-1.0745370843912134,0.8048956740025377,False,False,-1.643185727531005,0.8048956740025377,False,False,,0.8128461318168044,False,False,,0.8153090948833959,False,False
2023-10,holdout,0.0,True,True,0.487515124963462,0.5200459906375287,False,-1.0393644926087515,0.8042670166755318,False,False,-1.643185727531005,0.8042670166755318,False,False,,0.8128461318168044,False,False,,0.8153090948833959,False,False
2023-11,holdout,0.0,True,True,0.4829485443947374,0.5198825055662679,False,-1.0099024408329493,0.8036383593485258,False,False,-1.643185727531005,0.8036383593485258,False,False,,0.8128461318168044,False,False,,0.8153090948833959,False,False
2023-12,holdout,0.0,True,True,0.4700430341188601,0.5197630539990458,False,-0.9772235255952364,0.803178983503003,False,False,-1.643185727531005,0.803178983503003,False,False,,0.8128461318168044,False,False,,0.8153090948833959,False,False
2024-01,holdout,0.0,True,True,0.4473151566061695,0.5196436118198368,False,-0.9538378747798553,0.8027196076574801,False,False,-1.643185727531005,0.8027196076574801,False,False,,0.8128461318168044,False,False,,0.8153090948833959,False,False
2024-02,holdout,0.0,True,True,0.4459008512203504,0.519524179027903,False,-0.938332292920295,0.8022602318119573,False,False,-1.643185727531005,0.8022602318119573,False,False,,0.8128461318168044,False,False,,0.8153090948833959,False,False
2024-03,holdout,0.3596,False,True,0.4411296112304195,0.5194047556225069,False,0.5301353110015954,0.8018008559664345,False,False,0.15227987270199086,0.8018008559664345,False,False,-0.1181084167459173,0.8128461318168044,False,False,0.01373760302527406,0.8153090948833959,False,False
2024-04,holdout,0.0,True,False,0.4332531559905043,0.5192853416029104,False,-0.9105831923132911,0.8013414801209114,False,False,-1.643185727531005,0.8013414801209114,False,False,,0.8113015155739,False,False,,0.8150404003253745,False,False
2024-05,holdout,0.0,True,True,0.43165116380964,0.5190942890596177,False,-0.8956525494971302,0.8006064417062942,False,False,-1.643185727531005,0.8006064417062942,False,False,,0.8113015155739,False,False,,0.8150404003253745,False,False
2024-06,holdout,0.74637,False,True,0.42981674009458537,0.5189032605414857,False,1.7052937248034852,0.799871403291677,True,True,1.6155172381626555,0.799871403291677,True,True,1.2604501013238543,0.8113015155739,True,True,1.4857768704563874,0.8150404003253745,True,True
2024-07,holdout,0.0,True,False,0.44664429348657225,0.519524179027903,False,-0.8887292476398568,0.8022602318119573,False,False,-1.643185727531005,0.8022602318119573,False,False,,0.8174799805455178,False,False,,0.81611517855746,False,False
2024-08,holdout,0.15762,False,True,0.44474986092721003,0.5194047556225069,False,-0.20828229147570343,0.8018008559664345,False,False,-0.7877055092596177,0.8018008559664345,False,False,-1.1798770981416542,0.8174799805455178,False,False,-0.9853001039209859,0.81611517855746,False,False
2024-09,holdout,0.0,True,False,0.4335626887061085,0.5192853416029104,False,-0.8601965445063972,0.8013414801209114,False,False,-1.643185727531005,0.8013414801209114,False,False,,0.8159353643026134,False,False,,0.8158464839994386,False,False
2024-10,holdout,0.18779,False,True,0.43215671098595615,0.5190942890596177,False,-0.058778282741012745,0.8006064417062942,False,False,-0.637329089047836,0.8006064417062942,False,False,-1.0291124744145717,0.8159353643026134,False,False,-0.8260593806013318,0.8158464839994386,False,False
2024-11,holdout,0.19479,False,False,0.42945596906947686,0.5189032605414857,False,-0.024609006244701782,0.799871403291677,False,False,-0.6029850755278409,0.799871403291677,False,False,-0.9673585467148503,0.8143907480597089,False,False,-0.7760248585167808,0.8155777894414172,False,False
2024-12,holdout,0.0,True,False,0.4222162182880911,0.5187122560454931,False,-0.8325367779132793,0.79913636487706,False,False,-1.643185727531005,0.79913636487706,False,False,,0.8128461318168044,False,False,,0.8153090948833959,False,False
2025-01,holdout,0.0,True,True,0.40166691812051836,0.518521275568619,False,-0.8082378984558736,0.7984013264624428,False,False,-1.643185727531005,0.7984013264624428,False,False,,0.8128461318168044,False,False,,0.8153090948833959,False,False
2025-02,holdout,0.799,False,True,0.36643463551490374,0.5183303191078429,False,2.1321203377987867,0.7976662880478254,True,True,1.7890585825305432,0.7976662880478254,True,True,1.6533850195059165,0.8128461318168044,True,True,1.6048203700232095,0.8153090948833959,True,True
2025-03,holdout,2.5313,False,False,0.3723711208530597,0.5190942890596177,False,4.516430455878626,0.8006064417062942,True,False,5.730993325594424,0.8006064417062942,True,False,3.9480606995809304,0.8184353137165544,True,False,4.471959575931865,0.8173434721261081,True,False
2025-04,holdout,0.42775,False,False,0.449466512895345,0.5196436118198368,False,0.7417453083382698,0.8027196076574801,False,False,0.43814433255114243,0.8027196076574801,False,False,0.005206401555700108,0.8222566464006996,False,False,0.10181668850514698,0.8222566464006996,False,False
2025-05,holdout,0.42198,False,False,0.4433654948442768,0.519524179027903,False,0.7413806251980181,0.8022602318119573,False,False,0.4144757668386833,0.8022602318119573,False,False,0.007165179676837714,0.8213013132296633,False,False,0.0718499114969031,0.8210283528320518,False,False
2025-06,holdout,0.0,True,False,0.4489888070934473,0.5194047556225069,False,-0.7193572871573946,0.8018008559664345,False,False,-1.643185727531005,0.8018008559664345,False,False,,0.820345980058627,False,False,,0.8198000592634039,False,False
2025-07,holdout,0.20555,False,True,0.44651475072506075,0.5192853416029104,False,0.05788937730204996,0.8013414801209114,False,False,-0.5505838231484368,0.8013414801209114,False,False,-0.7480230170929633,0.820345980058627,False,False,-0.7047067927058395,0.8198000592634039,False,False
2025-08,holdout,0.0,True,False,0.4471193237102971,0.5190942890596177,False,-0.708822869383778,0.8006064417062942,False,False,-1.643185727531005,0.8006064417062942,False,False,,0.8193906468875907,False,False,,0.818571765694756,False,False
2025-09,holdout,0.94006,False,True,0.44685585532269256,0.5189032605414857,False,1.9419527321692165,0.799871403291677,True,True,2.2302701179642415,0.799871403291677,True,True,1.237348662378425,0.8193906468875907,True,True,1.5371036619048855,0.818571765694756,True,True
2025-10,holdout,0.0,True,False,0.4612762174458026,0.519524179027903,False,-0.7074150078337408,0.8022602318119573,False,False,-1.643185727531005,0.8022602318119573,False,False,,0.8223990639611958,False,False,,0.8238211594912677,False,False
2025-11,holdout,0.81321,False,True,0.4588173531609849,0.5194047556225069,False,1.6336151203348928,0.8018008559664345,True,True,1.8350442586654474,0.8018008559664345,True,True,0.8704725928147081,0.8223990639611958,True,True,1.17676110135596,0.8238211594912677,True,True
2025-12,holdout,0.0,True,False,0.47362620293037205,0.5198825055662679,False,-0.6998243396430436,0.8036383593485258,False,False,-1.643185727531005,0.8036383593485258,False,False,,0.8229687342031803,False,False,,0.8300792118535383,False,False
2026-01,holdout,0.0,True,True,0.46682581826709,0.5197630539990458,False,-0.6789781484861361,0.803178983503003,False,False,-1.643185727531005,0.803178983503003,False,False,,0.8229687342031803,False,False,,0.8300792118535383,False,False
2026-02,holdout,0.22822,False,True,0.4604873211494254,0.5196436118198368,False,0.13549512577770176,0.8027196076574801,False,False,-0.4416948765619453,0.8027196076574801,False,False,-0.7750657622074622,0.8229687342031803,False,False,-0.6601296804357154,0.8300792118535383,False,False
2026-03,holdout,0.0,True,False,0.4537475503637436,0.519524179027903,False,-0.6512034662607038,0.8022602318119573,False,False,-1.643185727531005,0.8022602318119573,False,False,,0.8228263166426841,False,False,,0.8285146987629707,False,False
2026-04,holdout,0.16678,False,True,0.44726620308076215,0.5194047556225069,False,-0.032986205844081434,0.8018008559664345,False,False,-0.7416389151991002,0.8018008559664345,False,False,-0.9317384791920363,0.8228263166426841,False,False,-0.9107228669898625,0.8285146987629707,False,False
2026-05,holdout,0.0,True,False,0.4199495428224745,0.5192853416029104,False,-0.621558899278386,0.8013414801209114,False,False,-1.643185727531005,0.8013414801209114,False,False,,0.8226838990821881,False,False,,0.826950185672403,False,False
2026-06,holdout,0.0,True,True,0.40789562871262486,0.5190942890596177,False,-0.5973931921471112,0.8006064417062942,False,False,-1.643185727531005,0.8006064417062942,False,False,,0.8226838990821881,False,False,,0.826950185672403,False,False
2026-07,holdout,0.0,True,True,0.40572571008948655,0.5189032605414857,False,-0.5877658448469634,0.799871403291677,False,False,-1.643185727531005,0.799871403291677,False,False,,0.8226838990821881,False,False,,0.826950185672403,False,False
2026-08,after_returns,0.0,True,True,0.4024984757104643,0.5187122560454931,False,-0.5751505757238642,0.79913636487706,False,False,-1.643185727531005,0.79913636487706,False,False,,0.8226838990821881,False,False,,0.826950185672403,False,False
