measure,label,role,timing,data_start,data_end,eval_end,first_z,live_original,live_original_months_in_validation,live_pure,live_pure_months_in_validation,live_cont_raw,live_cont_raw_months_in_validation,live_cont_pure,live_cont_pure_months_in_validation,zero_share_validation,zero_share_holdout,corr_z_with_EMV_env_post2010
EMV_env,EMV env. regulation (team),team,realtime,1985-01-31,2026-08-31,2026-07-31,1988-01-31,1993-02-28,151,1999-03-31,151,1993-01-31,151,1999-02-28,151,0.07947019867549669,0.6458333333333334,1.0
EMV_env,EMV env. regulation (team),team,same_month,1985-01-31,2026-08-31,2026-07-31,1987-12-31,1993-01-31,151,1999-02-28,151,1992-12-31,151,1999-01-31,151,0.07947019867549669,0.6458333333333334,1.0
MCCC,MCCC aggregate,primary,realtime,2003-01-31,2025-06-30,2025-07-31,2006-01-31,2011-02-28,138,2016-02-29,78,2011-01-31,139,2016-01-31,79,0.0,0.0,-0.06733276443867434
MCCC,MCCC aggregate,primary,same_month,2003-01-31,2025-06-30,2025-07-31,2005-12-31,2011-01-31,139,2016-01-31,79,2010-12-31,140,2015-12-31,80,0.0,0.0,-0.05814216935412122
CPU,Climate Policy Uncertainty,primary,realtime,1987-04-30,2025-09-30,2025-10-31,1990-04-30,1995-05-31,151,2000-05-31,151,1995-04-30,151,2000-04-30,151,0.0,0.0,0.1020985927245141
CPU,Climate Policy Uncertainty,primary,same_month,1987-04-30,2025-09-30,2025-10-31,1990-03-31,1995-04-30,151,2000-04-30,151,1995-03-31,151,2000-03-31,151,0.0,0.0,0.10587555517336888
VIX,VIX (monthly mean),placebo,realtime,1990-01-31,2026-08-31,2026-07-31,1993-01-31,1998-02-28,151,2003-02-28,151,1998-01-31,151,2003-01-31,151,0.0,0.0,0.14292364358498352
VIX,VIX (monthly mean),placebo,same_month,1990-01-31,2026-08-31,2026-07-31,1992-12-31,1998-01-31,151,2003-01-31,151,1997-12-31,151,2002-12-31,151,0.0,0.0,0.14545748652226193
EMV_overall,EMV overall,placebo,realtime,1985-01-31,2026-08-31,2026-07-31,1988-01-31,1993-02-28,151,1999-03-31,151,1993-01-31,151,1999-02-28,151,0.0,0.0,0.38656134409849885
EMV_overall,EMV overall,placebo,same_month,1985-01-31,2026-08-31,2026-07-31,1987-12-31,1993-01-31,151,1999-02-28,151,1992-12-31,151,1999-01-31,151,0.0,0.0,0.3853800699653761
EMV_env_share,EMV env. / EMV overall,robustness,realtime,1985-01-31,2026-08-31,2026-07-31,1988-01-31,1993-02-28,151,1999-03-31,151,1993-01-31,151,1999-02-28,151,0.07947019867549669,0.6458333333333334,0.8823609623170264
EMV_env_share,EMV env. / EMV overall,robustness,same_month,1985-01-31,2026-08-31,2026-07-31,1987-12-31,1993-01-31,151,1999-02-28,151,1992-12-31,151,1999-01-31,151,0.07947019867549669,0.6458333333333334,0.8824847514970741
MCCC_transition,MCCC transition topics,robustness,realtime,2003-01-31,2025-06-30,2025-07-31,2006-01-31,2011-02-28,138,2016-02-29,78,2011-01-31,139,2016-01-31,79,0.0,0.0,-0.01901390038447228
MCCC_transition,MCCC transition topics,robustness,same_month,2003-01-31,2025-06-30,2025-07-31,2005-12-31,2011-01-31,139,2016-01-31,79,2010-12-31,140,2015-12-31,80,0.0,0.0,-0.009269298207983303
