factor,period,n,mean_ann,t_mean
Mkt-RF,post2010,199,0.13027537688442203,4.5803776962987595
SMB,post2010,199,-0.008954773869346734,-0.4337153053201174
HML,post2010,199,-0.003690452261306553,-0.1132338757845816
UMD,post2010,199,0.033521608040201004,1.2777924777000111
BOND,post2010,199,0.00873146615655979,0.4783362621748479
Mkt-RF,validation,151,0.13057748344370856,3.860758491688302
SMB,validation,151,0.00340927152317879,0.13703899725760654
HML,validation,151,-0.014701986754966895,-0.3738859523375829
UMD,validation,151,0.02934039735099338,1.000537919973859
BOND,validation,151,0.023208624911339498,1.0688890429274938
Mkt-RF,pre_covid,120,0.1313899999999999,4.323194259889096
SMB,pre_covid,120,-0.002010000000000001,-0.09499107571927706
HML,pre_covid,120,-0.02348,-0.9190760456003628
UMD,pre_covid,120,0.031819999999999994,1.0895929715066965
BOND,pre_covid,120,0.03497990172444913,1.632693931512276
Mkt-RF,covid,24,0.23430000000000006,2.3126587231531897
SMB,covid,24,0.0493999999999999,0.49837459394646366
HML,covid,24,-0.06765,-0.3849469840275502
UMD,covid,24,-0.0058000000000000135,-0.05058506790585947
BOND,covid,24,0.028442787375228713,0.4540976034231169
Mkt-RF,inflation_rates,36,0.05729999999999992,0.6643103777226994
SMB,inflation_rates,36,-0.05616666666666664,-1.6495981541680842
HML,inflation_rates,36,0.040299999999999975,0.4579995641626235
UMD,inflation_rates,36,0.05159999999999999,0.77603178891199
BOND,inflation_rates,36,-0.08371365919453849,-2.0920256877211494
Mkt-RF,holdout,48,0.12932499999999988,2.871795859783491
SMB,holdout,48,-0.047849999999999955,-1.5546721660674987
HML,holdout,48,0.030949999999999936,0.5640167684376753
UMD,holdout,48,0.046675,0.8222897963373754
BOND,holdout,48,-0.036811262426184696,-1.5370500784688095
Mkt-RF,last18,18,0.11866666666666659,1.5419953276954803
SMB,last18,18,-0.025799999999999927,-0.46467909573153127
HML,last18,18,0.11359999999999978,1.6481845687654144
UMD,last18,18,0.05626666666666667,0.6556399143738735
BOND,last18,18,0.005554094707564054,0.19585741717470376
Mkt-RF,last12,12,0.1457,2.656563336432175
SMB,last12,12,0.0357000000000001,1.513633726588976
HML,last12,12,0.1819999999999997,5.346979183999102
UMD,last12,12,0.0827,0.734496385742242
BOND,last12,12,-0.012206905846347836,-0.35342639192844766
