name,value,source_table,note
team_max_over_min,6050.559777571825,M4_emissions_ff49_intensity.csv,Util / Fun in the team file
team_n_industries,41.0,M4_emissions_ff49_intensity.csv,
team_n_tie_groups,3.0,M4_emissions_team_file_ties.csv,
epa_naics_codes,1016.0,M4_emissions_mapping_summary.csv,6-digit 2017 NAICS codes in EPA v1.3 (electricity 2211xx excluded by EPA)
epa_codes_mapped_primary,1015.0,M4_emissions_mapping_summary.csv,EPA codes assigned to at least one FF49 industry
epa_codes_unmapped,1.0,M4_emissions_mapping_summary.csv,codes with no SIC predecessor: 551114
electricity_codes_patched,10.0,M4_emissions_mapping_summary.csv,221111-221122 added with the patched factor
primary_ties,115.0,M4_emissions_mapping_summary.csv,NAICS codes whose SIC links tie between FF49 industries (included in each tied industry)
manual_links,2.0,M4_emissions_mapping_summary.csv,112130: Dual-purpose cattle ranching: Census lists no SIC; SIC 0212 beef cattle except feedlots (Agric); 541120: Offices of notaries: Census lists no SIC; SIC 7389 business services NEC (BusSv)
overrides,3.0,M4_emissions_mapping_summary.csv,541713->BusSv; 541714->BusSv; 541715->BusSv
elec_patch_kg_per_2022usd,2.6422160140270656,M4_emissions_mapping_summary.csv,USEEIO v2.0.1 N(221100) x median ratio
elec_useeio_total_2012usd,4.490753360397243,M4_emissions_mapping_summary.csv,"USEEIO v2.0.1 total GHG per 2012 USD, electricity"
scale_median_epa13_over_useeio,0.5883680981743652,M4_emissions_mapping_summary.csv,median over 1016 EPA codes; IQR 0.459-0.690
epa_naics_min,0.029,M4_emissions_mapping_summary.csv,"lowest with-margins factor, kg CO2e/2022 USD"
epa_naics_max,3.924,M4_emissions_mapping_summary.csv,highest with-margins factor (327310 cement)
epa_ff49_max_over_min,33.189963868521346,M4_emissions_ff49_intensity.csv,Util / Banks
epa_naics_max_over_min,135.3103448275862,M4_emissions_mapping_summary.csv,"cement / lowest NAICS, EPA v1.3 with margins"
team_min_over_util,0.00016527396418870093,M4_emissions_ff49_intensity.csv,Fun / Util in the team file
epa_naics_min_over_elec,0.010975635544574721,M4_emissions_mapping_summary.csv,lowest EPA NAICS factor / electricity factor
util_mean_without_electricity_patch,0.9096666666666667,ff49_naics_mapping_epa.csv (data/derived),"Util mean over its non-electricity NAICS only (gas distribution, water, gas pipelines); compare Chems 0.824"
direct_ff49_max_over_min,531.1005084555321,M4_emissions_ff49_intensity.csv,
useeio_total_ff49_max_over_min,45.232555467609366,data/derived/ff49_emissions_epa.csv,"USEEIO v2.0.1 total (supply-chain) GHG per 2012 USD, FF49 means; a second supply-chain dataset from the same EPA model family"
epa_green5_margin_5th_vs_6th,0.001166666666666663,M4_emissions_ff49_intensity.csv,"EPA mean of the 6th-lowest (Chips 0.1022) minus the 5th-lowest (Smoke 0.1010), kg CO2e per 2022 USD"
epa_brown5_margin_5th_vs_6th,0.13075000000000003,M4_emissions_ff49_intensity.csv,EPA mean of the 5th-highest (Coal 0.7238) minus the 6th-highest (Gold 0.5930)
