brown_leg,members,hold,period,n_months,active_months,ann_net,ann_vol,sharpe_net,max_drawdown,alpha_ff3_ann,alpha_ff3_t_hac6,b_HML,t_HML,p_alpha,ann_turnover
team_brown,"Util, Ships, Aero, Steel, BldMt",hold3,post2010,199,96,0.0006961116128839086,0.032552621261502,0.021384195370686088,-0.14923690141389312,0.0010154581739497096,0.10895036820834246,-0.050528082208851625,-2.3366050121792226,0.9132418563335222,4.791929387019772
team_brown,"Util, Ships, Aero, Steel, BldMt",hold3,validation,151,74,0.013054592949737646,0.031657256049269854,0.41237285156427,-0.07614091941199341,0.013288321956832546,1.4682782764671576,-0.04906717113068352,-2.0235462092996936,0.14202864927086709,5.214146221384554
team_brown,"Util, Ships, Aero, Steel, BldMt",hold3,holdout,48,22,-0.03818161092596849,0.03310853111720149,-1.1532257589685484,-0.14919703005371854,-0.04034299331095777,-2.1873481288473444,-0.03396219249694904,-1.2642227023208397,0.028717119754894712,3.4637055955805636
team_brown,"Util, Ships, Aero, Steel, BldMt",hold3,covid,24,16,0.059372232325533944,0.04125770067701893,1.4390581964400417,-0.014844459275376032,0.060312819402317294,3.207329862508734,-0.0878589584834226,-5.0089307839269575,0.0013397328066997462,6.611738499309006
team_brown,"Util, Ships, Aero, Steel, BldMt",hold3,inflation_rates,36,12,-0.010422559844970742,0.02206692172171874,-0.4723159839150847,-0.037681133835356984,-0.009849114434731288,-1.3433114549879837,-0.011868633576936013,-1.0330030838905266,0.17917114446155946,2.740768068411449
team_brown,"Util, Ships, Aero, Steel, BldMt",hold3,last18,18,10,-0.08097250944597449,0.04211163902313859,-1.9228059349930189,-0.11588247943512986,-0.1082154598105042,-4.748921557814469,0.07257424238716749,1.0741403817511943,2.0450423813489905e-06,4.617099383208
team_brown,"Util, Ships, Aero, Steel, BldMt",hold3,last12,12,6,-0.08844939957011083,0.047997585440623235,-1.8427885227587053,-0.0859486784672322,-0.11312000107191376,-2.6839692479521124,0.06092599458670915,0.39449810767293664,0.007275379793272947,3.5701524017366912
team_brown,"Util, Ships, Aero, Steel, BldMt",hold6,post2010,199,140,0.013436084083027783,0.042430353028902426,0.316662085603565,-0.13749396791188495,0.012245629811584034,1.3311064634713747,-0.061259435591132796,-2.3568236590723832,0.18315398252899717,2.704187143549909
team_brown,"Util, Ships, Aero, Steel, BldMt",hold6,validation,151,103,0.024524116603939924,0.041683443935032545,0.5883419000158192,-0.08339931914942111,0.02245945605976135,2.230392096068274,-0.06441651931366255,-2.137684621525979,0.0257214238431712,2.4375342849604182
team_brown,"Util, Ships, Aero, Steel, BldMt",hold6,holdout,48,37,-0.021445018222341652,0.043619744893098784,-0.49163557180121276,-0.13666353364409511,-0.022815494743853575,-1.65734868480708,-0.036289002855363364,-1.1417166779721668,0.0974489996986375,3.543032594529352
team_brown,"Util, Ships, Aero, Steel, BldMt",hold6,covid,24,24,0.07414072722815955,0.06416430736527061,1.1554823900162405,-0.04435320695783607,0.05230749591187778,2.0696538929838164,-0.15276903953322596,-2.944105766926513,0.03848476735272722,3.009789189807034
team_brown,"Util, Ships, Aero, Steel, BldMt",hold6,inflation_rates,36,20,-0.012571893709018695,0.02974929984984492,-0.4225946080234971,-0.06991780840303952,-0.011042465438848004,-0.8057747779661069,-0.022084525828881277,-1.3999639026509823,0.420372723540141,2.7784788143266734
team_brown,"Util, Ships, Aero, Steel, BldMt",hold6,last18,18,16,-0.03092896253414258,0.058584942424295426,-0.5279336507688742,-0.10007544722192596,-0.07361047911086832,-2.2764682120418622,0.15235679204355854,1.2266942321350842,0.022818001084336934,4.75321655524099
team_brown,"Util, Ships, Aero, Steel, BldMt",hold6,last12,12,11,-0.010294594432983774,0.06914068706226593,-0.1488934355499358,-0.08586865050322656,-0.04107913666191011,-0.5018185333671874,0.02220279246029322,0.08485694246175411,0.6157951750437767,5.281024515041446
team_brown_ex_aero_ships,"Util, Steel, BldMt, Chems, Trans",hold3,post2010,199,96,0.0036227689875656137,0.03404586914098266,0.10640847418416206,-0.09621647189713678,0.0025196873601482862,0.28096793735329495,-0.024039644004877538,-1.2585263821795527,0.7787349919094801,5.199614066003326
team_brown_ex_aero_ships,"Util, Steel, BldMt, Chems, Trans",hold3,validation,151,74,0.010382522670050008,0.035101135985305135,0.29578879368452876,-0.09621647189713678,0.008878007305562749,0.9239573039359811,-0.014115654725879103,-0.6961480341339992,0.35550854589568437,5.768955110335474
team_brown_ex_aero_ships,"Util, Steel, BldMt, Chems, Trans",hold3,holdout,48,22,-0.017642289471916553,0.030003098956594025,-0.5880155745724781,-0.09430235937678844,-0.01940594270588245,-1.303617203531367,-0.03456558880306844,-1.0018164659538276,0.1923641320276075,3.4085620307084437
team_brown_ex_aero_ships,"Util, Steel, BldMt, Chems, Trans",hold3,covid,24,16,0.04731962652354617,0.03926301951635886,1.205195807821926,-0.020281669839618877,0.02748776953293542,1.4746328727427227,-0.03757170495469807,-0.9966892965444777,0.1403112720974848,7.572825898417909
team_brown_ex_aero_ships,"Util, Steel, BldMt, Chems, Trans",hold3,inflation_rates,36,12,-0.004243470272854149,0.02236368187755599,-0.18974828456636478,-0.03931072418287018,-0.004543726605915169,-0.5204352694260309,-0.002988306036162446,-0.1533763680267677,0.602760233162019,2.602340969973272
team_brown_ex_aero_ships,"Util, Steel, BldMt, Chems, Trans",hold3,last18,18,10,-0.03855916471273584,0.037388899560683295,-1.031299801968046,-0.06493234684194737,-0.03739745012028239,-1.7848241013819952,-0.07568921003716882,-1.6487032088702023,0.0742898527238679,4.735529626541313
team_brown_ex_aero_ships,"Util, Steel, BldMt, Chems, Trans",hold3,last12,12,6,-0.06436185540923939,0.04132341982968953,-1.5575152219855117,-0.06325272341665067,-0.057081732324799905,-2.441901939238309,-0.08116756110830559,-0.9652376007219509,0.014610114511054246,3.874201606492698
team_brown_ex_aero_ships,"Util, Steel, BldMt, Chems, Trans",hold6,post2010,199,140,0.01776439508826667,0.045119647147003256,0.3937175091460471,-0.08874359960955414,0.015019686508134046,1.455864347320588,-0.042261572833822605,-1.264877900011554,0.14543012321992035,2.902300461404128
team_brown_ex_aero_ships,"Util, Steel, BldMt, Chems, Trans",hold6,validation,151,103,0.022309785469909256,0.045918763905417014,0.48585335432510157,-0.08874359960955414,0.01861710353677818,1.5355231473141076,-0.03283243013576897,-0.8352912780665549,0.12465537572802175,2.7178561941517607
team_brown_ex_aero_ships,"Util, Steel, BldMt, Chems, Trans",hold6,holdout,48,37,0.003465354512682709,0.04270811017079025,0.08114043208244791,-0.06287675685032856,0.0017037469451782875,0.09832954611095139,-0.054886896507705674,-1.1610251706820098,0.9216706174549496,3.482531385468866
team_brown_ex_aero_ships,"Util, Steel, BldMt, Chems, Trans",hold6,covid,24,24,0.018815555734879922,0.07333106916470498,0.2565836820491368,-0.058288515166550536,-0.02133813055051444,-0.38650233428143527,-0.10526611774938122,-1.240699089272774,0.6991246741620701,3.286057819336918
team_brown_ex_aero_ships,"Util, Steel, BldMt, Chems, Trans",hold6,inflation_rates,36,20,-0.0003515881940965767,0.03529021143116453,-0.00996276813989535,-0.0594562911786628,0.0004092217212646036,0.024091630499659802,-0.017086873493011738,-0.6138144297011022,0.9807795192802404,2.643507357333931
team_brown_ex_aero_ships,"Util, Steel, BldMt, Chems, Trans",hold6,last18,18,16,0.010948070305479736,0.04969251320814007,0.22031629311286968,-0.06287675685032845,-0.0078041011728540634,-0.2853866099182675,-0.042374130015518,-0.5621778194486501,0.7753479649238135,4.8504484645144545
team_brown_ex_aero_ships,"Util, Steel, BldMt, Chems, Trans",hold6,last12,12,11,-0.002189421097418096,0.0588642212710277,-0.03719442897812876,-0.06287675685032856,-0.011286004226027064,-0.168125250924399,-0.11060594173554,-0.5830315868083671,0.8664847447262986,5.577173300823195
epa_brown,"Util, Chems, Other, Agric, Coal",hold3,post2010,199,96,0.009228577547779502,0.03486752559603468,0.2646754362411374,-0.12088139840523182,0.009492194279457836,1.1318155408230468,-0.05488893136079133,-2.5870319661528782,0.2577119926622812,3.4189142107632122
epa_brown,"Util, Chems, Other, Agric, Coal",hold3,validation,151,74,0.016684916709305726,0.037274292604663084,0.44762530804456935,-0.06914264298760775,0.017149495617738895,1.7534846015269396,-0.05133728164421822,-2.1803150237157602,0.07951886039538895,3.6684669606362483
epa_brown,"Util, Chems, Other, Agric, Coal",hold3,holdout,48,22,-0.014227822731188396,0.025015331392073775,-0.5687641114239466,-0.05952279745490208,-0.014701359011475703,-1.2952050642083475,-0.05481630121040559,-1.6276383487419779,0.19524949830172234,2.633862851787618
epa_brown,"Util, Chems, Other, Agric, Coal",hold3,covid,24,16,0.005154425185934175,0.045441121301937816,0.1134308537785657,-0.06822067858798031,0.010863141221118445,0.4967001544004976,-0.07591125401399447,-1.7620859886364089,0.6194005135394398,5.314173124482007
epa_brown,"Util, Chems, Other, Agric, Coal",hold3,inflation_rates,36,12,-0.006650773912553946,0.02232410993099798,-0.2979188838036971,-0.024563103879268744,-0.006152927778083605,-0.5479039294189407,-0.012706707010875765,-0.5958992572986498,0.5837578705928594,2.0702671999529767
epa_brown,"Util, Chems, Other, Agric, Coal",hold3,last18,18,10,-0.024639312791394495,0.026273018643520704,-0.9378181139254395,-0.037739566871961006,-0.01577542674412931,-0.6184819233183269,-0.1085338950380679,-1.1523468534194616,0.5362577100374117,3.5487462051194054
epa_brown,"Util, Chems, Other, Agric, Coal",hold3,last12,12,6,-0.021695218193136728,0.029006013621839147,-0.7479558713577246,-0.037739566871960895,0.05129571673712943,2.7242080763504215,-0.3550705147832638,-5.7123480173817125,0.006445588377506884,2.8762416240621134
epa_brown,"Util, Chems, Other, Agric, Coal",hold6,post2010,199,140,0.023617906807747245,0.046309950697500504,0.5099963712339253,-0.12456572497452933,0.019822875983001746,1.4594244391704714,-0.06238149208530223,-2.120225493494823,0.14444832355848966,2.051276145023989
epa_brown,"Util, Chems, Other, Agric, Coal",hold6,validation,151,103,0.030808449346094793,0.04664651539986506,0.660466255238948,-0.10080627247550578,0.02936632993680537,1.7480657006979294,-0.041384931353835294,-1.2864499433496956,0.08045265138571772,1.8465359124226048
epa_brown,"Util, Chems, Other, Agric, Coal",hold6,holdout,48,37,0.0009976584058622694,0.04508883992382801,0.0221265041981051,-0.06250115930741384,-0.006368224621824849,-0.6056176103519935,-0.10862128934207121,-3.2777952450505023,0.5447687055516022,2.695354793415843
epa_brown,"Util, Chems, Other, Agric, Coal",hold6,covid,24,24,0.008058551155488487,0.0554653704218986,0.14528977439780777,-0.0766796070693172,0.01562506283741233,0.5155897914930949,-0.027961790197939658,-0.4929182449097166,0.6061409417393111,2.4896041801720004
epa_brown,"Util, Chems, Other, Agric, Coal",hold6,inflation_rates,36,20,-0.0033367068042621318,0.03349314231818088,-0.09962358182352114,-0.038501797147411754,-0.00031001171517206904,-0.022980290720522174,-0.03279810152003982,-1.345208052478657,0.9816659945245211,2.118906729038501
epa_brown,"Util, Chems, Other, Agric, Coal",hold6,last18,18,16,0.010115170027450304,0.05744005359230944,0.17609959244196471,-0.056817121692118056,-0.037895974922278614,-2.76746928448126,0.002233526291318306,0.034508118335370014,0.005649336866493971,3.615445657956956
epa_brown,"Util, Chems, Other, Agric, Coal",hold6,last12,12,11,0.022571363755149416,0.06824974280472977,0.33071719874064054,-0.056817121692117944,0.003430572344055794,0.25974243131971647,-0.2081974497630541,-3.6666008847898848,0.7950624601598346,4.155539643388978
epa41_brown,"Util, Chems, Agric, Coal, Food",hold3,post2010,199,96,0.010433815598677981,0.03444662416957025,0.3028980589597251,-0.09481623151031005,0.010373488619324737,1.296772455030194,-0.05994675354083403,-2.978017188512203,0.19470949086923073,3.151088755263582
epa41_brown,"Util, Chems, Agric, Coal, Food",hold3,validation,151,74,0.017692192273832716,0.03636417533786606,0.4865280763127829,-0.06741737389990321,0.01743736724597768,1.876679768049719,-0.05490957526349496,-2.485743642334359,0.06056199719685861,3.3326372342758632
epa41_brown,"Util, Chems, Agric, Coal, Food",hold3,holdout,48,22,-0.01239982769191296,0.026832583599343426,-0.4621182915914357,-0.055346942654160736,-0.010846433413278924,-0.8898219141457733,-0.06891653121802652,-1.9120534337829098,0.37356151770715407,2.579967498370782
epa41_brown,"Util, Chems, Agric, Coal, Food",hold3,covid,24,16,0.015646633474091072,0.04227466222341166,0.3701184740732472,-0.047415270448415425,0.016389264399278843,0.7650887260108324,-0.07642031598343876,-2.1988879716408576,0.44421871271804736,4.649159649783964
epa41_brown,"Util, Chems, Agric, Coal, Food",hold3,inflation_rates,36,12,-0.004870188867386044,0.02351075457340344,-0.20714728028744125,-0.025410380286844836,-0.003211386624812234,-0.2528804987675076,-0.019642077836665408,-0.8091123728102763,0.8003605595254577,1.9920442852633466
epa41_brown,"Util, Chems, Agric, Coal, Food",hold3,last18,18,10,-0.023325829443662467,0.028922507408036046,-0.8064940260740133,-0.04006773765147198,-0.009832642558618036,-0.40164722308467604,-0.13553798628322522,-1.4683799664444177,0.6879436707843736,3.5341040516012114
epa41_brown,"Util, Chems, Agric, Coal, Food",hold3,last12,12,6,-0.02365760741716777,0.03309999896177133,-0.7147313643269597,-0.04006773765147187,0.0528492330595159,2.9070192749964674,-0.3559834408478475,-6.6472627403228035,0.003648907130355434,2.884689506855118
epa41_brown,"Util, Chems, Agric, Coal, Food",hold6,post2010,199,140,0.023988129243025437,0.04448156678729447,0.539282470820639,-0.10731864129321422,0.020912696848784405,1.6631189181680015,-0.06940459401277004,-2.622027977819533,0.0962886337019572,1.9452822064558424
epa41_brown,"Util, Chems, Agric, Coal, Food",hold6,validation,151,103,0.029021584402152464,0.04484826965166804,0.6471060004669112,-0.10731864129321422,0.027415156851761685,1.7449775810249042,-0.05098255609895533,-1.7689033704253054,0.08098877148707993,1.7195470553338055
epa41_brown,"Util, Chems, Agric, Coal, Food",hold6,holdout,48,37,0.008153718221604982,0.0434515925593905,0.1876506185696259,-0.05274396839561213,0.004976356878685568,0.44945042098629273,-0.11694417782119718,-3.3780791915663735,0.6531067656664489,2.655407369360584
epa41_brown,"Util, Chems, Agric, Coal, Food",hold6,covid,24,24,0.012913165721348221,0.05005289065920946,0.2579904087711719,-0.05129594880172306,0.01995095914793314,0.7467934560945679,-0.030429640081835463,-0.7881722230890245,0.45518824630065347,2.234160906164256
epa41_brown,"Util, Chems, Agric, Coal, Food",hold6,inflation_rates,36,20,0.005810244311531554,0.03415400526803148,0.17011897333663545,-0.030347343735718346,0.01000414088331249,0.6530560095115001,-0.041266128808193484,-1.6049995245010444,0.513720170772056,2.0540403465895034
epa41_brown,"Util, Chems, Agric, Coal, Food",hold6,last18,18,16,0.010898833751368285,0.05307086073832135,0.20536380227763043,-0.05274396839561202,-0.02654088891008701,-1.7797047066394966,-0.022733767819274574,-0.33393938424026715,0.07512429979718035,3.6112849182550377
epa41_brown,"Util, Chems, Agric, Coal, Food",hold6,last12,12,11,0.025208122756752386,0.06294274164752417,0.4004929257437889,-0.05274396839561224,0.02380987714012671,1.6374542073690523,-0.23932811770035559,-4.776087474014269,0.10153559969096279,4.150090250786444
