spec,leg,industry,nfirms_1970_01,nfirms_2010_01,nfirms_2026_07,min_nfirms_1970_on,min_nfirms_2010_on
team5,green,Fun,24.0,49.0,41.0,21.0,39.0
team5,green,RlEst,23.0,19.0,26.0,17.0,17.0
team5,green,Drugs,32.0,281.0,497.0,30.0,258.0
team5,green,Telcm,26.0,101.0,46.0,25.0,44.0
team5,green,Fin,46.0,101.0,97.0,46.0,83.0
team5,brown,Util,132.0,102.0,71.0,71.0,71.0
team5,brown,Ships,9.0,9.0,8.0,5.0,6.0
team5,brown,Aero,37.0,19.0,21.0,15.0,16.0
team5,brown,Steel,93.0,42.0,24.0,24.0,24.0
team5,brown,BldMt,124.0,52.0,41.0,41.0,41.0
epa5,green,Banks,41.0,557.0,326.0,41.0,326.0
epa5,green,Insur,15.0,123.0,96.0,15.0,94.0
epa5,green,Softw,1.0,267.0,305.0,1.0,243.0
epa5,green,Hardw,32.0,80.0,29.0,29.0,29.0
epa5,green,Smoke,10.0,6.0,5.0,3.0,3.0
epa5,brown,Util,132.0,102.0,71.0,71.0,71.0
epa5,brown,Chems,72.0,73.0,60.0,60.0,60.0
epa5,brown,Other,4.0,43.0,40.0,4.0,32.0
epa5,brown,Agric,5.0,8.0,10.0,5.0,6.0
epa5,brown,Coal,4.0,12.0,6.0,3.0,4.0
