spec,role,desc,green,brown
team5,comparison,"team file ranking, 5 vs 5 (team baseline)","Fun, RlEst, Drugs, Telcm, Fin","Util, Ships, Aero, Steel, BldMt"
epa5,primary,"EPA v1.3 with margins, mean, 49 industries, 5 vs 5","Banks, Insur, Softw, Hardw, Smoke","Util, Chems, Other, Agric, Coal"
team8,comparison,"team file ranking, 8 vs 8","Fun, RlEst, Drugs, Telcm, Fin, Autos, Insur, Hardw","Util, Ships, Aero, Steel, BldMt, Chems, Trans, Mines"
epa8,robustness,"EPA mean, 8 vs 8","Banks, Insur, Softw, Hardw, Smoke, Chips, Fin, Fun","Util, Chems, Other, Agric, Coal, Gold, Food, Trans"
epa_median5,robustness,"EPA median aggregation, 5 vs 5","Insur, Fin, Hardw, Banks, Telcm","Util, Other, Chems, Coal, Gold"
epa_nomargin5,robustness,"EPA without margins, 5 vs 5","Smoke, Hardw, Softw, Banks, Chips","Util, Chems, Other, Agric, Coal"
epa_anylink5,robustness,"EPA, any-link mapping, 5 vs 5","Banks, Softw, Insur, Smoke, Chips","Util, Chems, Agric, Other, Coal"
epa41_5,robustness,"EPA ranking restricted to the team's 41 industries, 5 vs 5","Banks, Insur, Softw, Hardw, Smoke","Util, Chems, Agric, Coal, Food"
epa41_8,robustness,"EPA ranking restricted to the team's 41 industries, 8 vs 8","Banks, Insur, Softw, Hardw, Smoke, Fin, Fun, Hlth","Util, Chems, Agric, Coal, Food, Trans, Steel, Paper"
epa5_exOther,robustness,"EPA mean excluding FF49 Other (thin residual portfolio), 5 vs 5","Banks, Insur, Softw, Hardw, Smoke","Util, Chems, Agric, Coal, Gold"
epa_median8,robustness,"EPA median aggregation, 8 vs 8","Insur, Fin, Hardw, Banks, Telcm, Softw, Fun, Chips","Util, Other, Chems, Coal, Gold, Trans, Agric, Boxes"
team5_ex_aero_ships,exploratory,"team Green; team Brown with Aero and Ships removed from the ranking (next in line: Chems, Trans)","Fun, RlEst, Drugs, Telcm, Fin","Util, Steel, BldMt, Chems, Trans"
team5_brown_plus_oil_coal,exploratory,team Green; team Brown plus Oil and Coal (7 industries),"Fun, RlEst, Drugs, Telcm, Fin","Util, Ships, Aero, Steel, BldMt, Oil, Coal"
epa5_brown_plus_oil,exploratory,EPA Green; EPA Brown plus Oil (6 industries),"Banks, Insur, Softw, Hardw, Smoke","Util, Chems, Other, Agric, Coal, Oil"
epa5_brown_ex_oil_coal,exploratory,EPA Green; EPA Brown with Oil and Coal excluded from the ranking,"Banks, Insur, Softw, Hardw, Smoke","Util, Chems, Other, Agric, Gold"
