date,n_eligible,gross,long,short,turnover,cost,net
1970-01-31,48,0.062400000000000004,-0.06549999999999997,-0.12789999999999999,2.0,0.002,0.0604
1970-02-28,48,0.007600000000000016,0.0468875,0.03928749999999998,0.9547251506024095,0.0009547251506024095,0.006645274849397606
1970-03-31,48,-0.0011624999999999839,-0.04012499999999999,-0.038962500000000004,0.848699880905121,0.000848699880905121,-0.002011199880905105
1970-04-30,48,0.07565,-0.11903749999999999,-0.19468749999999999,0.5675378877945613,0.0005675378877945613,0.07508246211220543
1970-05-31,48,0.08531250000000001,-0.04064999999999997,-0.12596249999999998,0.8349137730674475,0.0008349137730674476,0.08447758622693256
1970-06-30,48,0.0841125,-0.013925,-0.0980375,0.9442787215663693,0.0009442787215663693,0.08316822127843364
1970-07-31,49,0.0204875,0.05257499999999998,0.032087499999999984,0.4742934889137428,0.0004742934889137428,0.020013206511086255
1970-08-31,49,-0.06467499999999998,0.007662499999999999,0.07233749999999999,0.8527205134800768,0.0008527205134800769,-0.06552772051348006
1970-09-30,49,-0.1768,0.056487499999999996,0.23328750000000004,0.9778151979258547,0.0009778151979258547,-0.17777781519792588
1970-10-31,49,0.14195,-0.0014625000000000003,-0.14341249999999997,1.7815536929057338,0.0017815536929057338,0.14016844630709427
1970-11-30,49,0.036950000000000024,0.044925,0.007974999999999979,1.4210779806471385,0.0014210779806471386,0.035528922019352885
1970-12-31,49,-0.023987500000000037,0.032949999999999965,0.0569375,0.8198322002025169,0.0008198322002025169,-0.024807332200202554
1971-01-31,49,-0.10668750000000002,0.03224999999999997,0.13893749999999996,0.6577016175510049,0.0006577016175510049,-0.10734520161755103
1971-02-28,49,-0.0487125,0.024224999999999976,0.07293749999999997,1.6804904498705662,0.0016804904498705661,-0.05039299044987056
1971-03-31,49,-0.039224999999999975,0.037699999999999984,0.07692499999999998,0.9620645703848733,0.0009620645703848732,-0.040187064570384845
1971-04-30,49,0.035575,0.0445875,0.0090125,0.7009575603028804,0.0007009575603028804,0.03487404243969712
1971-05-31,49,0.00018750000000001057,-0.03727499999999999,-0.037462499999999996,1.3002921082490404,0.0013002921082490404,-0.0011127921082490298
1971-06-30,49,0.00518750000000001,0.002837499999999999,-0.002350000000000012,1.2894519777541709,0.0012894519777541709,0.003898048022245839
1971-07-31,49,-0.024337499999999967,-0.08108749999999998,-0.05675000000000001,1.0399365789964559,0.0010399365789964558,-0.025377436578996423
1971-08-31,49,0.04231249999999999,0.07191249999999998,0.029599999999999987,0.8078164836713515,0.0008078164836713515,0.04150468351632864
1971-09-30,49,-0.0008875000000000141,-0.0127875,-0.011899999999999987,1.057015650296816,0.001057015650296816,-0.0019445156502968302
1971-10-31,49,0.020000000000000007,-0.06074999999999998,-0.08074999999999997,1.7785816161843635,0.0017785816161843635,0.018221418383815642
1971-11-30,49,-0.0061249999999999985,-0.015425,-0.009300000000000001,1.0860539215686276,0.0010860539215686276,-0.007211053921568626
1971-12-31,49,-0.022874999999999986,0.09954999999999997,0.12242499999999995,1.5092063891334424,0.0015092063891334424,-0.02438420638913343
1972-01-31,49,-0.0428125,0.0492375,0.09204999999999999,1.0239925802737622,0.0010239925802737622,-0.043836492580273764
1972-02-29,49,0.03227500000000001,0.059474999999999986,0.027199999999999974,0.7370617042115575,0.0007370617042115575,0.03153793829578846
1972-03-31,49,-0.0054,0.013474999999999999,0.018875000000000003,0.5540916906831996,0.0005540916906831997,-0.0059540916906832
1972-04-30,49,0.009037499999999976,0.022349999999999974,0.013312499999999998,0.7998441584556605,0.0007998441584556605,0.008237655841544315
1972-05-31,49,0.05311249999999997,0.03532499999999998,-0.017787499999999984,0.7794990275386198,0.0007794990275386198,0.05233300097246135
1972-06-30,49,0.039375,-0.016337499999999987,-0.05571249999999999,0.8084428301819605,0.0008084428301819605,0.03856655716981804
1972-07-31,49,0.022537500000000026,-0.024999999999999974,-0.0475375,0.8569813589897775,0.0008569813589897775,0.021680518641010248
1972-08-31,49,-0.029012499999999962,0.005262500000000012,0.03427499999999998,1.0486840335929002,0.0010486840335929002,-0.030061184033592862
1972-09-30,49,0.03361250000000002,-0.005000000000000001,-0.03861250000000001,1.3798002034011767,0.0013798002034011768,0.03223269979659884
1972-10-31,49,0.0509125,-0.0048,-0.0557125,0.8358155256442816,0.0008358155256442816,0.05007668447435572
1972-11-30,49,-0.04863749999999999,0.026737499999999987,0.07537499999999998,0.8687569136345793,0.0008687569136345793,-0.04950625691363457
1972-12-31,49,0.06944999999999998,0.0377625,-0.031687499999999987,0.9595809956772523,0.0009595809956772524,0.06849041900432273
1973-01-31,49,0.03415,-0.042524999999999986,-0.076675,0.6103721539108887,0.0006103721539108888,0.03353962784608911
1973-02-28,49,0.0018499999999999957,-0.0475125,-0.049362500000000004,1.5881762800367452,0.0015881762800367453,0.0002618237199632505
1973-03-31,49,0.0338,0.000824999999999987,-0.03297500000000001,0.8497280031940908,0.0008497280031940908,0.032950271996805905
1973-04-30,49,0.1136,-0.0225375,-0.1361375,1.0579173921454825,0.0010579173921454826,0.11254208260785452
1973-05-31,49,0.1436,-0.002512499999999986,-0.1461125,0.5587733477011494,0.0005587733477011494,0.14304122665229885
1973-06-30,49,0.06122499999999999,0.006925,-0.0543,1.2400314795383,0.0012400314795383,0.05998496852046169
1973-07-31,49,-0.11677499999999998,0.04485,0.161625,0.6220641240076328,0.0006220641240076328,-0.1173970641240076
1973-08-31,49,0.04983749999999998,-0.02068749999999999,-0.07052499999999996,0.7482026097540263,0.0007482026097540264,0.04908929739024595
1973-09-30,49,-0.021699999999999966,0.079425,0.10112499999999996,0.6521038970316834,0.0006521038970316834,-0.02235210389703165
1973-10-31,49,0.08713749999999998,0.0398,-0.04733749999999998,0.9789175099662679,0.000978917509966268,0.0861585824900337
1973-11-30,49,0.13748749999999998,-0.09388750000000001,-0.23137499999999997,0.6363385496314862,0.0006363385496314862,0.1368511614503685
1973-12-31,49,0.15466249999999998,0.10379999999999999,-0.0508625,0.7209859449004935,0.0007209859449004935,0.15394151405509948
1974-01-31,49,-0.09324999999999999,0.012574999999999996,0.10582499999999999,0.9098816753813345,0.0009098816753813345,-0.09415988167538132
1974-02-28,49,0.0329,0.017587500000000002,-0.0153125,0.5862558588365039,0.0005862558588365039,0.032313744141163496
1974-03-31,49,-0.04005,-0.0323125,0.0077375,0.3241601316681188,0.00032416013166811883,-0.04037416013166812
1974-04-30,49,0.0314625,-0.051087499999999994,-0.08255,0.5825042970988072,0.0005825042970988072,0.03087999570290119
1974-05-31,49,-0.015312499999999975,-0.07981249999999997,-0.0645,0.4200467782396354,0.00042004677823963537,-0.01573254677823961
1974-06-30,49,0.041812499999999975,-0.006462500000000011,-0.048274999999999985,0.840180894953983,0.0008401808949539829,0.04097231910504599
1974-07-31,49,0.10601250000000001,0.0097625,-0.09625,1.0506089147519346,0.0010506089147519348,0.10496189108524807
1974-08-31,49,0.01417499999999999,-0.0770625,-0.0912375,1.1042229405183035,0.0011042229405183036,0.013070777059481686
1974-09-30,49,0.01933750000000003,-0.12141249999999998,-0.14075000000000001,0.4293699312248873,0.0004293699312248873,0.01890813006877514
1974-10-31,49,0.045862500000000014,0.1917875,0.14592499999999997,0.9227929905453297,0.0009227929905453298,0.04493970700945468
1974-11-30,49,0.030850000000000002,-0.0285375,-0.0593875,0.761715808722466,0.000761715808722466,0.030088284191277535
1974-12-31,49,0.02061249999999999,-0.0441625,-0.064775,0.8453824513750787,0.0008453824513750787,0.01976711754862491
1975-01-31,49,-0.12488750000000003,0.1349125,0.2598,0.83189016399466,0.00083189016399466,-0.1257193901639947
1975-02-28,49,-0.05048749999999999,0.0419125,0.09239999999999998,1.9864624548272367,0.0019864624548272367,-0.05247396245482723
1975-03-31,49,-0.07019999999999997,0.05305,0.12324999999999998,1.2477982122404918,0.001247798212240492,-0.07144779821224047
1975-04-30,49,0.07889999999999996,0.08433749999999998,0.005437500000000012,1.5906108840610882,0.0015906108840610881,0.07730938911593886
1975-05-31,49,0.018125,0.07833749999999999,0.06021249999999999,1.067545648345537,0.001067545648345537,0.017057454351654462
1975-06-30,49,0.0006375000000000096,0.05112499999999999,0.05048749999999998,1.3670841006752608,0.0013670841006752608,-0.0007295841006752513
1975-07-31,49,-0.01102499999999999,-0.051774999999999995,-0.04075000000000001,0.8581779115813666,0.0008581779115813666,-0.011883177911581356
1975-08-31,49,0.018275,-0.039512499999999985,-0.057787499999999985,1.5777193558987843,0.0015777193558987844,0.016697280644101215
1975-09-30,49,0.03419999999999999,-0.025599999999999998,-0.05979999999999999,1.2859738282880362,0.0012859738282880362,0.03291402617171195
1975-10-31,49,-0.030312500000000006,0.034237499999999976,0.06454999999999998,1.5288628891897118,0.0015288628891897119,-0.03184136288918972
1975-11-30,49,0.023612499999999988,0.04634999999999999,0.0227375,1.4489880760554303,0.0014489880760554304,0.022163511923944557
1975-12-31,49,-0.0094,-0.02165,-0.01225,1.3202414243671312,0.0013202414243671313,-0.010720241424367132
1976-01-31,49,0.06422500000000002,0.1782,0.11397499999999998,1.2869725418938018,0.001286972541893802,0.06293802745810621
1976-02-29,49,0.002812499999999974,0.040662499999999976,0.03785,1.4038443468251545,0.0014038443468251545,0.0014086556531748193
1976-03-31,49,-0.013187500000000001,0.017999999999999988,0.031187499999999986,1.0957494546587723,0.0010957494546587722,-0.014283249454658774
1976-04-30,49,0.03347499999999997,0.0097375,-0.02373749999999997,0.5877034644372664,0.0005877034644372664,0.0328872965355627
1976-05-31,49,-0.00991250000000001,-0.0380375,-0.028124999999999983,1.0577299886305909,0.001057729988630591,-0.0109702299886306
1976-06-30,49,-0.0204875,0.0175875,0.038075,1.2888444203163862,0.0012888444203163862,-0.021776344420316385
1976-07-31,49,-0.017312500000000012,-0.0166375,0.0006750000000000124,1.8563188320720767,0.0018563188320720769,-0.01916881883207209
1976-08-31,49,0.02217500000000001,-0.013662499999999987,-0.035837499999999994,1.2903517140494818,0.0012903517140494818,0.02088464828595053
1976-09-30,49,0.0028624999999999875,0.01934999999999999,0.0164875,0.8182613055494414,0.0008182613055494415,0.002044238694450546
1976-10-31,49,-0.0167,-0.02816249999999999,-0.011462499999999987,0.8017269316581286,0.0008017269316581286,-0.017501726931658128
1976-11-30,49,0.04597499999999999,0.021087499999999978,-0.024887500000000014,1.7714329299298284,0.0017714329299298283,0.04420356707007016
1976-12-31,49,-0.005675000000000001,0.07269999999999999,0.07837499999999999,0.8228984918377589,0.0008228984918377589,-0.00649789849183776
1977-01-31,49,0.051287499999999986,-0.01849999999999999,-0.06978749999999997,0.9133520227289869,0.0009133520227289869,0.050374147977271
1977-02-28,49,-0.016825000000000014,-0.0183875,-0.001562499999999987,1.09771351794823,0.00109771351794823,-0.017922713517948243
1977-03-31,49,0.011225,-0.012487499999999999,-0.0237125,0.5328400335647265,0.0005328400335647265,0.010692159966435274
1977-04-30,49,0.0327625,0.018199999999999987,-0.014562500000000013,0.5403780068728522,0.0005403780068728522,0.03222212199312715
1977-05-31,49,0.015062499999999961,0.009712499999999987,-0.005349999999999975,0.5453486401762264,0.0005453486401762265,0.014517151359823736
1977-06-30,49,-0.0132375,0.0466125,0.05985,0.7772427806169571,0.0007772427806169571,-0.014014742780616957
1977-07-31,49,0.023612500000000015,0.004262500000000001,-0.019350000000000013,0.8847208674833104,0.0008847208674833104,0.022727779132516706
1977-08-31,49,-0.024262500000000006,-0.0191,0.0051625,1.2622299698372186,0.0012622299698372187,-0.025524729969837224
1977-09-30,49,0.04304999999999996,0.028099999999999972,-0.014949999999999988,0.7999365864282145,0.0007999365864282146,0.04225006341357175
1977-10-31,49,-0.010924999999999989,-0.04292499999999999,-0.032,1.054263937491012,0.001054263937491012,-0.011979263937491
1977-11-30,49,0.023437499999999993,0.070975,0.047537499999999996,0.5567702145944443,0.0005567702145944444,0.02288072978540555
1977-12-31,49,0.0316125,0.0279375,-0.0036750000000000003,1.3220824427480915,0.0013220824427480915,0.03029041755725191
1978-01-31,49,0.0200875,-0.03209999999999998,-0.052187499999999984,0.5500914829938566,0.0005500914829938566,0.019537408517006145
1978-02-28,49,0.038999999999999986,0.0166125,-0.022387499999999984,0.8420723712426631,0.0008420723712426632,0.038157927628757325
1978-03-31,49,0.045875,0.08495,0.039075,0.5677574590952839,0.0005677574590952838,0.045307242540904714
1978-04-30,49,-0.018924999999999997,0.08709999999999998,0.10602499999999997,0.8143480339428706,0.0008143480339428707,-0.01973934803394287
1978-05-31,49,0.042225,0.0680625,0.0258375,0.9854305226409804,0.0009854305226409804,0.04123956947735902
1978-06-30,49,0.050399999999999986,0.022237499999999986,-0.0281625,1.044622082563746,0.001044622082563746,0.049355377917436244
1978-07-31,49,0.042474999999999985,0.09924999999999998,0.05677499999999999,0.5721629855293222,0.0005721629855293222,0.041902837014470666
1978-08-31,49,0.06825000000000002,0.10044999999999998,0.03219999999999997,0.3289227559413894,0.00032892275594138945,0.06792107724405863
1978-09-30,49,-0.051299999999999985,-0.04281249999999999,0.008487499999999999,0.8033816990404867,0.0008033816990404868,-0.05210338169904047
1978-10-31,49,-0.1079875,-0.2073375,-0.09934999999999998,0.8443132707916096,0.0008443132707916096,-0.10883181327079161
1978-11-30,49,0.05737499999999997,0.08209999999999998,0.024724999999999997,0.6344852230209778,0.0006344852230209777,0.05674051477697899
1978-12-31,49,0.043874999999999956,0.04243749999999999,-0.001437499999999977,1.2884087953658825,0.0012884087953658825,0.042586591204634074
1979-01-31,49,-0.028700000000000028,0.048749999999999974,0.07745,1.0475751407017122,0.0010475751407017122,-0.02974757514070174
1979-02-28,49,-0.04558749999999999,-0.06383749999999998,-0.01824999999999999,0.6890250180170907,0.0006890250180170908,-0.04627652501801708
1979-03-31,49,0.060400000000000016,0.1123,0.05189999999999997,0.5555642869304416,0.0005555642869304416,0.05984443571306958
1979-04-30,49,-0.004112499999999964,-0.0007749999999999877,0.003337499999999974,1.0556158053564693,0.0010556158053564692,-0.0051681158053564335
1979-05-31,49,0.00041249999999998753,-0.005875000000000001,-0.0062874999999999875,1.0178295741235832,0.0010178295741235831,-0.0006053295741235956
1979-06-30,49,0.007837500000000008,0.061375,0.0535375,0.7868223107967962,0.0007868223107967962,0.007050677689203212
1979-07-31,49,-0.013412499999999987,0.01206250000000001,0.025474999999999998,1.1051477792798938,0.0011051477792798938,-0.01451764777927988
1979-08-31,49,-0.008874999999999984,0.0712875,0.08016249999999998,2.0676384507202856,0.002067638450720286,-0.01094263845072027
1979-09-30,49,0.06099999999999997,0.03536249999999999,-0.025637499999999987,1.1707150964812711,0.0011707150964812712,0.0598292849035187
1979-10-31,49,-0.0010374999999999985,-0.08286249999999999,-0.08182499999999998,1.0713477851083884,0.0010713477851083883,-0.002108847785108387
1979-11-30,49,0.08788750000000001,0.1304125,0.042524999999999986,1.0713239986485978,0.001071323998648598,0.08681617600135141
1979-12-31,49,0.07396250000000003,0.09968750000000001,0.025724999999999977,1.0658098838344958,0.0010658098838344959,0.07289669011616554
1980-01-31,49,0.10566250000000002,0.134375,0.028712499999999974,0.8382974265861239,0.000838297426586124,0.10482420257341389
1980-02-29,49,0.05578749999999997,0.01295,-0.042837499999999966,0.5914412173696766,0.0005914412173696766,0.05519605878263029
1980-03-31,49,-0.1043875,-0.1701875,-0.0658,0.15999313308786073,0.00015999313308786073,-0.10454749313308785
1980-04-30,49,0.010687500000000025,0.04987500000000003,0.0391875,0.6212124384150512,0.0006212124384150512,0.010066287561584973
1980-05-31,49,-0.023274999999999997,0.040762499999999986,0.06403749999999998,0.5930802053057942,0.0005930802053057942,-0.023868080205305793
1980-06-30,49,0.0703875,0.08703749999999999,0.016649999999999963,0.6549566152192277,0.0006549566152192277,0.06973254338478078
1980-07-31,49,0.0482125,0.1307875,0.082575,0.821519076035548,0.000821519076035548,0.04739098092396445
1980-08-31,49,0.04010000000000001,0.05913750000000001,0.0190375,0.6352540634651848,0.0006352540634651847,0.039464745936534824
1980-09-30,49,0.0852125,0.08881249999999999,0.003599999999999987,1.034972598788578,0.001034972598788578,0.08417752740121141
1980-10-31,49,0.056112499999999975,0.041024999999999985,-0.015087499999999986,0.5699143024983586,0.0005699143024983586,0.05554258569750162
1980-11-30,49,0.08870000000000001,0.11222499999999998,0.023524999999999973,0.8193758950869343,0.0008193758950869344,0.08788062410491308
1980-12-31,49,-0.08656249999999997,-0.053512500000000005,0.033049999999999975,0.8323918434830532,0.0008323918434830532,-0.08739489184348302
1981-01-31,49,-0.09041249999999998,-0.07784999999999999,0.0125625,1.4464899076291482,0.0014464899076291483,-0.09185898990762913
1981-02-28,49,-0.04463749999999999,-0.016875,0.02776249999999999,1.1468763313040253,0.0011468763313040255,-0.045784376331304014
1981-03-31,49,-0.03431249999999998,0.08013749999999999,0.11444999999999997,1.8606157348650383,0.0018606157348650383,-0.03617311573486502
1981-04-30,49,0.003175000000000027,0.017200000000000014,0.014024999999999985,1.7725648825318747,0.0017725648825318747,0.0014024351174681524
1981-05-31,49,0.020200000000000017,0.03862500000000001,0.018424999999999987,1.3120031400304035,0.0013120031400304035,0.018887996859969614
1981-06-30,49,-0.06151249999999997,-0.05112499999999999,0.010387499999999989,1.5329837286806507,0.0015329837286806507,-0.06304548372868062
1981-07-31,49,-0.04679999999999997,-0.03736249999999997,0.009437499999999988,1.6196872627499035,0.0016196872627499035,-0.04841968726274987
1981-08-31,49,-0.016637500000000017,-0.07249999999999998,-0.05586249999999997,1.5847671002937473,0.0015847671002937474,-0.018222267100293763
1981-09-30,49,0.009850000000000022,-0.05994999999999996,-0.0698,1.3135765040867433,0.0013135765040867434,0.008536423495913279
1981-10-31,49,0.061125,0.0902,0.029075,0.8615140862504332,0.0008615140862504333,0.06026348591374957
1981-11-30,49,-0.008675000000000013,0.020962499999999988,0.029637499999999997,1.3211096713393802,0.0013211096713393801,-0.009996109671339393
1981-12-31,49,-0.003449999999999989,-0.030412499999999985,-0.0269625,0.8329886767709882,0.0008329886767709882,-0.0042829886767709775
1982-01-31,49,0.023012499999999998,-0.0048375,-0.02785,1.031521248306658,0.001031521248306658,0.02198097875169334
1982-02-28,49,0.033374999999999974,-0.03511249999999999,-0.06848749999999997,1.0867963490182184,0.0010867963490182185,0.032288203650981756
1982-03-31,49,0.04716249999999997,0.012212499999999987,-0.03494999999999999,1.0839966130397967,0.0010839966130397967,0.04607850338696017
1982-04-30,49,0.018162499999999998,0.0528,0.0346375,1.5216000381984647,0.0015216000381984647,0.016640899961801535
1982-05-31,49,0.03947499999999998,-0.0294375,-0.06891249999999997,1.3281125311529347,0.0013281125311529348,0.03814688746884705
1982-06-30,49,0.06196249999999999,0.007774999999999999,-0.054187499999999986,0.8456432333629956,0.0008456432333629957,0.061116856766636994
1982-07-31,49,0.04926249999999993,0.0069874999999999625,-0.04227499999999997,0.8510069800016478,0.0008510069800016478,0.04841149301999828
1982-08-31,49,-0.06218749999999996,0.0878375,0.15002499999999996,0.8600296636923552,0.0008600296636923552,-0.06304752966369231
1982-09-30,49,0.0342625,0.0221875,-0.012074999999999999,0.8862579140286568,0.0008862579140286569,0.03337624208597134
1982-10-31,49,-0.03662499999999999,0.08562499999999999,0.12224999999999997,0.321388428952998,0.00032138842895299805,-0.03694638842895299
1982-11-30,49,0.04149999999999999,0.08118749999999998,0.0396875,0.7918126378616842,0.0007918126378616842,0.040708187362138305
1982-12-31,49,-0.054387499999999964,0.007337500000000012,0.061724999999999974,0.834397503600576,0.000834397503600576,-0.05522189750360054
1983-01-31,49,-0.04201250000000001,0.023237499999999987,0.06525,1.4380659360996177,0.0014380659360996178,-0.043450565936099625
1983-02-28,49,0.025037499999999997,0.025899999999999986,0.0008624999999999865,0.9300780281579875,0.0009300780281579874,0.02410742197184201
1983-03-31,49,0.03843750000000005,0.06201250000000001,0.023574999999999964,1.1152915137251078,0.0011152915137251078,0.03732220848627494
1983-04-30,49,0.00314999999999996,0.05807499999999996,0.054925,0.8105025579295816,0.0008105025579295816,0.0023394974420703784
1983-05-31,49,-0.034737500000000004,0.0271375,0.061875,0.8563649504062205,0.0008563649504062205,-0.03559386495040622
1983-06-30,49,0.021612499999999975,0.051524999999999974,0.0299125,0.6641910879164994,0.0006641910879164994,0.020948308912083477
1983-07-31,49,-0.03889999999999999,-0.055474999999999976,-0.016574999999999986,1.818344773580981,0.0018183447735809811,-0.040718344773580974
1983-08-31,49,-0.03492499999999997,-0.025862499999999986,0.009062499999999987,1.316330246592446,0.001316330246592446,-0.036241330246592415
1983-09-30,49,-0.03309999999999998,0.0002999999999999999,0.03339999999999998,2.0647747584384635,0.0020647747584384636,-0.03516477475843844
1983-10-31,49,-0.07247499999999996,-0.08012499999999995,-0.007649999999999988,0.8925431792325991,0.0008925431792325991,-0.07336754317923255
1983-11-30,49,0.01628749999999999,0.037899999999999975,0.021612499999999986,1.311642543327673,0.001311642543327673,0.014975857456672317
1983-12-31,49,-0.002187499999999975,-0.007137499999999988,-0.004950000000000012,1.7968863387574876,0.0017968863387574877,-0.0039843863387574625
1984-01-31,49,-0.03877499999999995,-0.04156249999999996,-0.002787500000000012,1.0322831193235202,0.0010322831193235202,-0.03980728311932347
1984-02-29,49,-0.0576625,-0.073025,-0.015362500000000001,1.2995201435668027,0.0012995201435668027,-0.0589620201435668
1984-03-31,49,-0.01354999999999999,-0.008399999999999987,0.005149999999999999,2.0650443710454054,0.0020650443710454056,-0.015615044371045394
1984-04-30,49,0.010337499999999987,0.004125000000000001,-0.006212499999999988,1.5426656191393382,0.0015426656191393382,0.00879483438086065
1984-05-31,49,0.025025,-0.039712499999999984,-0.06473749999999998,1.2846202382867111,0.001284620238286711,0.02374037976171329
1984-06-30,49,0.023737500000000016,0.04015000000000001,0.016412500000000003,1.0654618180044388,0.001065461818004439,0.022672038181995577
1984-07-31,49,0.03984999999999998,-0.0055875000000000005,-0.045437499999999985,1.0316151601362653,0.0010316151601362654,0.03881838483986372
1984-08-31,49,-0.03773749999999999,0.0995,0.13723749999999998,1.3277636197528488,0.001327763619752849,-0.03906526361975284
1984-09-30,49,0.012724999999999988,-0.0024249999999999996,-0.015149999999999986,1.32445668411686,0.0013244566841168598,0.011400543315883128
1984-10-31,49,0.0630125,0.0263875,-0.036625,0.5633501197264805,0.0005633501197264806,0.062449149880273516
1984-11-30,49,-0.021937500000000026,-0.019312500000000014,0.0026250000000000127,1.5121294434449266,0.0015121294434449267,-0.023449629443444954
1984-12-31,49,0.03818750000000001,0.02546249999999999,-0.012725000000000026,1.047041344494856,0.0010470413444948561,0.03714045865550516
1985-01-31,49,-0.083225,0.0463625,0.1295875,0.7911865631208236,0.0007911865631208236,-0.08401618656312082
1985-02-28,49,0.04208749999999996,0.041312499999999974,-0.0007749999999999875,1.6234831338114584,0.0016234831338114584,0.0404640168661885
1985-03-31,49,-0.016337500000000005,-0.004475,0.011862500000000003,1.0344140967049311,0.0010344140967049312,-0.017371914096704934
1985-04-30,49,0.010962499999999962,-0.028062499999999997,-0.03902499999999996,1.0889850431423378,0.0010889850431423378,0.009873514956857624
1985-05-31,49,0.041599999999999984,0.06627499999999997,0.02467499999999999,1.0513619446814297,0.0010513619446814297,0.04054863805531855
1985-06-30,49,0.030099999999999964,0.023574999999999964,-0.006524999999999999,1.050667242703533,0.0010506672427035332,0.02904933275729643
1985-07-31,49,-0.07749999999999999,-0.01655,0.06094999999999999,0.5468886515872244,0.0005468886515872244,-0.07804688865158721
1985-08-31,49,0.02897500000000001,0.01260000000000001,-0.016375,1.2161517615176152,0.0012161517615176152,0.027758848238482396
1985-09-30,49,0.016724999999999986,-0.0342125,-0.05093749999999998,1.0349741247357809,0.0010349741247357809,0.015690025875264205
1985-10-31,49,0.059462499999999974,0.061149999999999996,0.001687500000000024,0.5914271312301752,0.0005914271312301752,0.058871072868769796
1985-11-30,49,-0.015499999999999996,0.07203749999999998,0.08753749999999999,0.566212820180044,0.0005662128201800441,-0.016066212820180042
1985-12-31,49,0.012712500000000007,0.04731250000000001,0.0346,1.1935754189944132,0.0011935754189944133,0.011518924581005594
1986-01-31,49,0.009224999999999952,0.025162499999999963,0.015937500000000014,0.5661280965723245,0.0005661280965723245,0.008658871903427628
1986-02-28,49,0.02875000000000004,0.07438750000000002,0.04563749999999998,0.54902276499294,0.00054902276499294,0.0282009772350071
1986-03-31,49,0.035824999999999975,0.08395,0.048125000000000015,0.33520048602673136,0.00033520048602673136,0.03548979951397324
1986-04-30,49,0.010512500000000008,-0.006087499999999973,-0.016599999999999983,1.0726293051432434,0.0010726293051432434,0.009439870694856765
1986-05-31,49,0.03927500000000001,0.069225,0.029949999999999987,1.0478655632661642,0.0010478655632661642,0.038227134436733846
1986-06-30,49,0.09158749999999999,0.0637375,-0.02785,1.046035697962522,0.001046035697962522,0.09054146430203747
1986-07-31,49,-0.0062874999999999875,-0.07264999999999998,-0.06636249999999999,0.8582597592955215,0.0008582597592955214,-0.007145759759295509
1986-08-31,49,-0.09175,0.016774999999999988,0.10852499999999998,0.8390348063448935,0.0008390348063448935,-0.0925890348063449
1986-09-30,49,-0.10251249999999998,-0.10292499999999999,-0.0004125000000000116,1.0899944949077898,0.0010899944949077898,-0.10360249449490777
1986-10-31,49,0.06756249999999997,0.07722499999999996,0.0096625,1.3845178902213122,0.0013845178902213123,0.06617798210977865
1986-11-30,49,0.018262499999999963,0.015587499999999976,-0.0026749999999999864,1.276435805866167,0.001276435805866167,0.016986064194133794
1986-12-31,49,0.016750000000000022,-0.026712499999999976,-0.043462499999999994,1.5278415438062385,0.0015278415438062386,0.015222158456193784
1987-01-31,49,0.03705,0.15175,0.1147,1.5400049176297026,0.0015400049176297027,0.035509995082370294
1987-02-28,49,-0.03889999999999999,0.04393750000000001,0.0828375,1.1854780386673736,0.0011854780386673736,-0.04008547803866736
1987-03-31,49,0.010075000000000014,0.0213625,0.011287499999999989,2.21285506190823,0.00221285506190823,0.007862144938091785
1987-04-30,49,0.04558749999999998,0.002212499999999987,-0.043375,1.5441798876321062,0.0015441798876321062,0.044043320112367876
1987-05-31,49,0.003862499999999972,0.009337499999999976,0.005475000000000001,0.8284008990161033,0.0008284008990161033,0.0030340991009838686
1987-06-30,49,-0.039987500000000016,0.0025749999999999883,0.0425625,0.8091434334881521,0.0008091434334881521,-0.04079664343348817
1987-07-31,49,0.038325,0.07292499999999996,0.03459999999999998,1.1391843856199788,0.0011391843856199788,0.037185815614380016
1987-08-31,49,-0.01839999999999999,0.018599999999999985,0.03699999999999998,1.0815556304625238,0.0010815556304625239,-0.019481555630462513
1987-09-30,49,0.03559999999999998,0.0110625,-0.024537499999999976,0.6105847595762021,0.0006105847595762021,0.034989415240423774
1987-10-31,49,-0.027849999999999975,-0.276275,-0.248425,1.5184675550405564,0.0015184675550405564,-0.029368467555040533
1987-11-30,49,0.04977500000000001,-0.017424999999999996,-0.0672,1.4218999125649334,0.0014218999125649335,0.048353100087435076
1987-12-31,49,-0.010262500000000011,0.08639999999999998,0.09666249999999998,1.5571967802624371,0.0015571967802624372,-0.011819696780262448
1988-01-31,49,-0.08573750000000001,-0.01885,0.0668875,0.9556984806577502,0.0009556984806577502,-0.08669319848065776
1988-02-29,49,0.011049999999999987,0.07632499999999998,0.065275,0.7621819499323226,0.0007621819499323226,0.010287818050067664
1988-03-31,49,-0.011274999999999986,0.001925000000000013,0.013199999999999998,1.3681939567776074,0.0013681939567776074,-0.012643193956777593
1988-04-30,49,-0.010450000000000039,0.0072249999999999745,0.017675000000000014,1.5591671091557309,0.0015591671091557309,-0.01200916710915577
1988-05-31,49,0.006775,-0.004200000000000013,-0.010975000000000013,1.2995048254256985,0.0012995048254256984,0.0054754951745743016
1988-06-30,49,-0.04559999999999999,0.056124999999999994,0.10172499999999998,0.7702503041891186,0.0007702503041891185,-0.046370250304189106
1988-07-31,49,0.04198749999999998,0.004037499999999987,-0.03795,0.7609492875104777,0.0007609492875104778,0.041226550712489506
1988-08-31,49,0.005787500000000023,-0.022512499999999977,-0.028299999999999995,1.5557648244340743,0.0015557648244340742,0.004231735175565948
1988-09-30,49,-0.007837500000000008,0.03654999999999997,0.04438749999999999,1.0308060847843106,0.0010308060847843106,-0.008868306084784318
1988-10-31,49,0.0546875,0.04591249999999999,-0.008775000000000012,1.8473756819069456,0.0018473756819069457,0.052840124318093054
1988-11-30,49,-0.003374999999999991,-0.02351249999999999,-0.0201375,1.7809659259259258,0.0017809659259259258,-0.005155965925925917
1988-12-31,49,-0.010412500000000007,0.024074999999999992,0.0344875,1.2792236297504076,0.0012792236297504075,-0.011691723629750414
1989-01-31,49,0.0155375,0.06735,0.051812499999999984,0.33906173026639896,0.000339061730266399,0.0151984382697336
1989-02-28,49,-0.011075,-0.0028124999999999886,0.008262500000000013,1.091992540895831,0.0010919925408958311,-0.012166992540895831
1989-03-31,49,0.026787500000000013,0.0354125,0.008624999999999985,0.7992769926940869,0.0007992769926940869,0.025988223007305924
1989-04-30,49,0.006937499999999985,0.04634999999999999,0.0394125,0.5534799069914662,0.0005534799069914663,0.006384020093008519
1989-05-31,49,0.03797500000000001,0.060725,0.02274999999999999,1.3381447458258329,0.0013381447458258328,0.03663685525417418
1989-06-30,49,0.024625000000000025,0.013962500000000024,-0.010662499999999998,0.5495797104939906,0.0005495797104939906,0.024075420289506034
1989-07-31,49,0.07313749999999997,0.10344999999999997,0.03031250000000001,0.07780895449554717,7.780895449554717e-05,0.07305969104550442
1989-08-31,49,-0.03256249999999999,-0.0024624999999999994,0.030099999999999988,0.5681529626911742,0.0005681529626911742,-0.03313065296269116
1989-09-30,49,0.021575000000000004,0.009625,-0.01195,0.6014342011757864,0.0006014342011757864,0.020973565798824218
1989-10-31,49,0.0261125,-0.031462500000000004,-0.057575,1.0249063945378458,0.0010249063945378459,0.025087593605462154
1989-11-30,49,0.020362499999999974,0.008812499999999987,-0.011549999999999987,1.2992575131869069,0.0012992575131869069,0.019063242486813067
1989-12-31,49,0.015112499999999975,0.009349999999999987,-0.005762499999999989,0.2972809908243394,0.0002972809908243394,0.014815219009175635
1990-01-31,49,-0.024700000000000003,-0.0964,-0.07169999999999999,0.8023494932827643,0.0008023494932827643,-0.025502349493282766
1990-02-28,49,-0.015474999999999973,-0.0032874999999999875,0.012187499999999987,0.8412796062749922,0.0008412796062749922,-0.016316279606274964
1990-03-31,49,-0.028075000000000024,0.03483749999999998,0.0629125,0.8139839008658997,0.0008139839008658997,-0.028888983900865924
1990-04-30,49,-0.0163625,-0.03799999999999999,-0.021637500000000004,1.6746598245749413,0.0016746598245749413,-0.01803715982457494
1990-05-31,49,0.04452500000000001,0.1144625,0.06993749999999999,1.0590696521838585,0.0010590696521838585,0.04346593034781615
1990-06-30,49,0.0005375000000000098,0.002375,0.001837499999999987,0.8587037170005506,0.0008587037170005506,-0.0003212037170005408
1990-07-31,49,0.033599999999999984,-0.014162500000000001,-0.047762499999999986,0.7929800232375098,0.0007929800232375099,0.032807019976762476
1990-08-31,49,0.019687499999999983,-0.08922499999999998,-0.10891249999999997,0.8372678018575853,0.0008372678018575854,0.018850232198142396
1990-09-30,49,0.0539375,-0.04648749999999999,-0.100425,1.1102788844621516,0.0011102788844621517,0.05282722111553785
1990-10-31,49,0.07173749999999998,-0.011274999999999999,-0.08301249999999999,0.876842791911285,0.000876842791911285,0.07086065720808869
1990-11-30,49,-0.0597125,0.040587499999999985,0.10029999999999999,0.9031858314186076,0.0009031858314186077,-0.06061568583141861
1990-12-31,49,-0.02135,0.028699999999999996,0.05005,0.7768435186046823,0.0007768435186046822,-0.022126843518604684
1991-01-31,49,0.0275375,0.07101249999999998,0.04347499999999999,0.8740995248556684,0.0008740995248556685,0.02666340047514433
1991-02-28,49,-0.023800000000000036,0.09018749999999996,0.1139875,1.1091839713879057,0.0011091839713879058,-0.024909183971387944
1991-03-31,49,0.02073749999999997,0.06366249999999998,0.04292500000000001,0.7579133374308544,0.0007579133374308544,0.019979586662569118
1991-04-30,49,-0.0292375,-0.020524999999999974,0.008712500000000026,0.8464743628993743,0.0008464743628993743,-0.030083974362899373
1991-05-31,49,0.00962499999999998,0.04717499999999997,0.03755000000000001,0.30232356008807515,0.00030232356008807516,0.009322676439911906
1991-06-30,49,-0.024824999999999986,-0.044874999999999984,-0.020050000000000012,1.3368763154636625,0.0013368763154636624,-0.02616187631546365
1991-07-31,49,0.05539999999999999,0.07514999999999997,0.019749999999999986,0.32024380239444206,0.00032024380239444207,0.05507975619760555
1991-08-31,49,0.055662500000000004,0.05084999999999999,-0.0048124999999999965,0.5530604510138336,0.0005530604510138337,0.05510943954898617
1991-09-30,49,0.023299999999999998,-0.0075875000000000005,-0.0308875,0.8169425597669708,0.0008169425597669708,0.022483057440233028
1991-10-31,49,0.008262500000000015,0.020675,0.012412499999999988,1.0289015928857619,0.001028901592885762,0.007233598407114253
1991-11-30,49,0.012675000000000002,-0.0327,-0.045375,1.0502101387287537,0.0010502101387287537,0.011624789861271249
1991-12-31,49,0.052437499999999984,0.13376249999999998,0.081325,0.8155750857876416,0.0008155750857876417,0.051621924914212344
1992-01-31,49,-0.03169999999999997,0.015412499999999989,0.04711249999999996,0.8765781816022329,0.0008765781816022329,-0.03257657818160221
1992-02-29,49,-0.030487499999999973,0.025587500000000023,0.056075,0.8800475059382422,0.0008800475059382423,-0.03136754750593822
1992-03-31,49,0.018699999999999998,-0.019512500000000002,-0.0382125,1.1531600933458828,0.0011531600933458828,0.017546839906654114
1992-04-30,49,-0.032299999999999975,-0.005937499999999986,0.02636249999999999,0.8160155099636791,0.0008160155099636792,-0.03311601550996365
1992-05-31,49,0.0319375,0.010225000000000014,-0.02171249999999999,0.6132582411904516,0.0006132582411904516,0.031324241758809546
1992-06-30,49,-0.0047375000000000125,-0.0326375,-0.02789999999999999,1.0170522681848464,0.0010170522681848464,-0.005754552268184859
1992-07-31,49,0.001612500000000002,0.03664999999999999,0.035037499999999985,0.8315708167443263,0.0008315708167443264,0.0007809291832556756
1992-08-31,49,-0.0073875,-0.03387499999999999,-0.026487499999999987,0.5828351782750316,0.0005828351782750316,-0.007970335178275032
1992-09-30,49,-0.004300000000000002,0.02498750000000001,0.029287500000000015,0.7973497966225491,0.0007973497966225491,-0.005097349796622551
1992-10-31,49,0.0020624999999999875,0.017899999999999975,0.015837499999999987,0.8417947172843224,0.0008417947172843224,0.001220705282715665
1992-11-30,49,0.02811249999999998,0.05461249999999998,0.0265,1.289477951724568,0.001289477951724568,0.026823022048275413
1992-12-31,49,0.021237499999999975,0.0298875,0.008650000000000024,1.5565751559289476,0.0015565751559289476,0.019680924844071027
1993-01-31,49,0.08283750000000001,0.04805,-0.0347875,0.541487655907661,0.000541487655907661,0.08229601234409235
1993-02-28,49,0.06307499999999996,0.012337499999999975,-0.0507375,1.5356672861809828,0.0015356672861809829,0.06153933271381898
1993-03-31,49,0.005487499999999975,0.04699999999999997,0.041512499999999994,0.8277637984149755,0.0008277637984149755,0.004659736201585
1993-04-30,49,0.012537499999999997,-0.013537500000000001,-0.026075,0.8408545605987147,0.0008408545605987147,0.011696645439401281
1993-05-31,49,-0.03272499999999999,0.03197500000000002,0.06470000000000001,0.8419873338024517,0.0008419873338024517,-0.033566987333802444
1993-06-30,49,0.06454999999999998,0.034325,-0.030224999999999988,0.6676100385102479,0.000667610038510248,0.06388238996148973
1993-07-31,49,0.04,0.009087500000000012,-0.03091249999999999,1.0556690620449953,0.0010556690620449954,0.038944330937955005
1993-08-31,49,0.010849999999999999,0.049850000000000005,0.03899999999999999,0.8323317307692307,0.0008323317307692308,0.010017668269230768
1993-09-30,49,0.041812499999999975,0.02597499999999999,-0.015837499999999987,0.8257036157689073,0.0008257036157689073,0.04098679638423107
1993-10-31,49,-0.024512500000000027,0.016737499999999985,0.04125000000000001,0.8054562361269424,0.0008054562361269424,-0.02531795623612697
1993-11-30,49,-0.05342499999999997,-0.02643749999999999,0.026987499999999987,0.6298613513755944,0.0006298613513755944,-0.05405486135137557
1993-12-31,49,0.02009999999999996,0.03844999999999999,0.018350000000000023,0.3650925705834191,0.00036509257058341913,0.019734907429416543
1994-01-31,49,-0.011737499999999991,0.0338125,0.04554999999999999,0.5408783452602687,0.0005408783452602687,-0.01227837834526026
1994-02-28,49,0.04544999999999999,0.010812499999999987,-0.0346375,1.1057190017834329,0.0011057190017834328,0.04434428099821656
1994-03-31,49,0.007862500000000012,-0.037299999999999986,-0.0451625,0.8128796212157444,0.0008128796212157444,0.007049620378784267
1994-04-30,49,-0.025962499999999986,-0.0062375,0.01972499999999999,1.0573987027000211,0.0010573987027000212,-0.027019898702700006
1994-05-31,49,0.004175000000000013,0.0044375,0.00026249999999998735,1.0674479935320766,0.0010674479935320767,0.003107552006467936
1994-06-30,49,-0.0017874999999999727,-0.03471249999999997,-0.032925,1.0492755246844423,0.0010492755246844423,-0.002836775524684415
1994-07-31,49,-0.005287500000000013,0.017562499999999988,0.02285,1.5369347709029892,0.0015369347709029892,-0.006824434770903002
1994-08-31,49,0.029700000000000018,0.070075,0.04037499999999997,1.0549624891614409,0.001054962489161441,0.028645037510838578
1994-09-30,49,0.002612500000000014,-0.013437499999999988,-0.016050000000000002,1.3168884141011943,0.0013168884141011943,0.0012956115858988198
1994-10-31,49,0.0025249999999999995,0.004875,0.002350000000000001,1.0369441085165008,0.0010369441085165008,0.0014880558914834986
1994-11-30,49,-0.02313749999999999,-0.053299999999999986,-0.030162500000000002,1.2821999451385255,0.0012821999451385255,-0.024419699945138516
1994-12-31,49,0.0024750000000000223,0.02692499999999999,0.024449999999999965,0.7887848852832411,0.0007887848852832411,0.0016862151147167812
1995-01-31,49,0.02429999999999997,0.012724999999999986,-0.011574999999999988,1.551404025038031,0.001551404025038031,0.02274859597496194
1995-02-28,49,0.020087500000000008,0.0468875,0.026799999999999984,1.0465927950795666,0.0010465927950795667,0.01904090720492044
1995-03-31,49,0.009987499999999993,0.03893749999999997,0.028949999999999986,1.0343689879544646,0.0010343689879544647,0.008953131012045527
1995-04-30,49,0.05954999999999997,0.05238749999999999,-0.007162499999999989,1.0650069926608001,0.0010650069926608002,0.05848499300733917
1995-05-31,49,0.0022374999999999756,0.03152499999999998,0.0292875,0.8019088292199519,0.0008019088292199519,0.0014355911707800238
1995-06-30,49,0.0480125,0.0647875,0.016774999999999988,0.5575431222639347,0.0005575431222639346,0.047454956877736064
1995-07-31,49,0.01015000000000001,0.0603875,0.05023749999999999,0.8001514772008922,0.0008001514772008922,0.009349848522799117
1995-08-31,49,-0.011750000000000002,0.0021624999999999878,0.013912499999999987,0.3434885908033459,0.0003434885908033459,-0.012093488590803348
1995-09-30,49,0.053899999999999934,0.045024999999999975,-0.008874999999999961,0.54227169238553,0.00054227169238553,0.053357728307614406
1995-10-31,49,0.0684,-0.0012374999999999999,-0.06963750000000002,1.047347945725401,0.0010473479457254009,0.0673526520542746
1995-11-30,49,-0.03731250000000001,0.032637499999999986,0.06995,0.8514133283414452,0.0008514133283414453,-0.03816391332834146
1995-12-31,49,-0.013550000000000008,0.0006374999999999888,0.0141875,0.6848568460689474,0.0006848568460689474,-0.014234856846068955
1996-01-31,49,-0.012625000000000004,0.031574999999999985,0.04419999999999999,0.8032338182371128,0.0008032338182371128,-0.013428233818237116
1996-02-29,49,0.009049999999999971,0.034799999999999984,0.025750000000000012,0.8597480693758704,0.0008597480693758704,0.008190251930624101
1996-03-31,49,-0.03234999999999999,0.0014500000000000016,0.03379999999999998,0.8036519498538228,0.0008036519498538228,-0.03315365194985381
1996-04-30,49,-0.0070624999999999525,0.014450000000000025,0.021512499999999973,0.6153955459101947,0.0006153955459101948,-0.0076778955459101475
1996-05-31,49,-0.015625000000000038,0.029687499999999964,0.0453125,1.3044753572102976,0.0013044753572102976,-0.016929475357210337
1996-06-30,49,-0.03285000000000001,-0.016987500000000013,0.0158625,1.8591492063492063,0.0018591492063492064,-0.03470914920634922
1996-07-31,49,0.018637500000000015,-0.04381249999999999,-0.06245,2.0667683399679473,0.0020667683399679475,0.01657073166003207
1996-08-31,49,0.0004999999999999866,0.03977499999999999,0.039275000000000004,1.098268520450111,0.001098268520450111,-0.0005982685204501245
1996-09-30,49,0.004575000000000001,0.05868749999999999,0.05411249999999999,0.32846076961519244,0.00032846076961519247,0.004246539230384808
1996-10-31,49,0.0145625,0.005062499999999988,-0.009500000000000012,1.3531779608292063,0.0013531779608292062,0.013209322039170794
1996-11-30,49,-0.023712500000000004,0.049112499999999996,0.072825,1.263688166081439,0.001263688166081439,-0.024976188166081444
1996-12-31,49,0.026312500000000003,0.02328749999999999,-0.0030250000000000125,1.423476050855921,0.001423476050855921,0.024889023949144082
1997-01-31,49,0.051687500000000004,0.0756125,0.023924999999999988,2.012885938736983,0.002012885938736983,0.04967461406126302
1997-02-28,49,-0.026262499999999998,0.0031500000000000018,0.029412499999999998,1.2984905211861888,0.0012984905211861888,-0.027560990521186185
1997-03-31,49,0.02418750000000002,-0.04031249999999997,-0.0645,0.6055276704450634,0.0006055276704450634,0.02358197232955496
1997-04-30,49,0.034024999999999986,0.044625,0.010600000000000012,1.5355220601696469,0.001535522060169647,0.03248947793983034
1997-05-31,49,-0.025537499999999977,0.0490875,0.07462499999999997,1.7865078213776264,0.0017865078213776264,-0.027324007821377602
1997-06-30,49,0.01091250000000001,0.0456875,0.034774999999999986,1.4319753197275418,0.0014319753197275418,0.00948052468027247
1997-07-31,49,0.09238750000000001,0.1198,0.027412500000000003,1.322255264426941,0.001322255264426941,0.09106524473557306
1997-08-31,49,-0.041450000000000015,-0.051325,-0.009874999999999988,1.0479339977800919,0.0010479339977800919,-0.0424979339977801
1997-09-30,49,0.011575000000000009,0.05901249999999998,0.04743749999999998,0.8120598821136091,0.0008120598821136091,0.0107629401178864
1997-10-31,49,0.0057999999999999614,-0.05264999999999999,-0.058449999999999946,1.332482762029508,0.0013324827620295081,0.004467517237970453
1997-11-30,49,0.024437499999999987,0.022387499999999987,-0.002049999999999997,1.0736975541857228,0.001073697554185723,0.023363802445814263
1997-12-31,49,0.052999999999999964,0.04318749999999999,-0.009812499999999976,1.5412268928070283,0.0015412268928070283,0.051458773107192934
1998-01-31,49,0.021274999999999974,-0.01315,-0.034424999999999976,1.3164292497625831,0.0013164292497625833,0.01995857075023739
1998-02-28,49,0.005600000000000023,0.07367499999999999,0.06807499999999998,1.0622322586962376,0.0010622322586962376,0.0045377677413037856
1998-03-31,49,0.014337499999999987,0.07492499999999998,0.06058749999999999,1.3798229912490054,0.0013798229912490054,0.012957677008750982
1998-04-30,49,0.0006124999999999985,0.022862499999999984,0.022249999999999985,1.1053273688491259,0.0011053273688491259,-0.0004928273688491274
1998-05-31,49,0.03466250000000001,-0.018649999999999986,-0.0533125,1.3216311259353648,0.0013216311259353648,0.03334086887406465
1998-06-30,49,0.08184999999999998,0.051887499999999975,-0.029962500000000003,0.5976556364998249,0.000597655636499825,0.08125234436350015
1998-07-31,49,-0.006087499999999971,-0.03638749999999999,-0.03030000000000001,0.8586911309331238,0.0008586911309331238,-0.006946191130933095
1998-08-31,49,0.03671250000000002,-0.14164999999999997,-0.17836249999999998,1.3106504596732609,0.0013106504596732608,0.03540184954032676
1998-09-30,49,-0.07793749999999998,0.043774999999999994,0.12171249999999997,1.050833765388186,0.0010508337653881861,-0.07898833376538816
1998-10-31,49,-0.021662500000000008,0.04387499999999997,0.06553749999999998,1.3485257235816444,0.0013485257235816444,-0.023011025723581654
1998-11-30,49,0.04314999999999998,0.07428749999999999,0.0311375,1.156119437310744,0.001156119437310744,0.04199388056268923
1998-12-31,49,0.054025,0.0759625,0.0219375,1.0341393855150267,0.0010341393855150267,0.05299086061448497
1999-01-31,49,0.0984625,0.06956249999999999,-0.028900000000000016,0.8171295747254571,0.0008171295747254571,0.09764537042527453
1999-02-28,49,-0.0051374999999999876,-0.05487499999999998,-0.04973749999999999,0.8289000534838468,0.0008289000534838468,-0.005966400053483835
1999-03-31,49,0.0935625,0.0744,-0.019162500000000013,0.6161309980022365,0.0006161309980022365,0.09294636900199776
1999-04-30,49,-0.10391249999999999,0.045624999999999985,0.1495375,0.40615534091558547,0.0004061553409155855,-0.10431865534091557
1999-05-31,49,-0.0003749999999999882,-0.027262499999999988,-0.0268875,0.6997189169584442,0.0006997189169584443,-0.0010747189169584325
1999-06-30,49,0.014837499999999993,0.028775000000000002,0.013937500000000012,0.7710766537451543,0.0007710766537451544,0.014066423346254839
1999-07-31,49,0.0168125,-0.036449999999999996,-0.0532625,0.8894496655868549,0.0008894496655868549,0.015923050334413148
1999-08-31,49,0.07318749999999995,0.013787499999999972,-0.059399999999999974,1.0566937119675457,0.0010566937119675457,0.0721308062880324
1999-09-30,49,0.046049999999999994,-0.019637500000000002,-0.06568750000000001,1.2807844621745967,0.0012807844621745969,0.044769215537825396
1999-10-31,49,0.15227499999999997,0.059224999999999986,-0.09305,1.1042971177285978,0.0011042971177285979,0.15117070288227136
1999-11-30,49,0.048999999999999995,0.060162499999999994,0.0111625,1.1699084419951835,0.0011699084419951836,0.047830091558004814
1999-12-31,49,0.14582499999999995,0.1590125,0.013187500000000013,0.3641086749285033,0.0003641086749285033,0.14546089132507145
2000-01-31,49,0.0584,0.0376125,-0.020787499999999997,0.8688063185914079,0.0008688063185914079,0.05753119368140859
2000-02-29,49,0.16328750000000003,0.11547500000000001,-0.04781250000000002,0.9214616402116403,0.0009214616402116404,0.16236603835978838
2000-03-31,49,-0.053025,0.042987499999999984,0.0960125,0.6835342724820821,0.0006835342724820821,-0.05370853427248209
2000-04-30,49,-0.08661249999999998,-0.056274999999999985,0.030337499999999996,1.0138599223844347,0.0010138599223844347,-0.08762635992238442
2000-05-31,49,-0.087,-0.06933750000000001,0.017662499999999987,1.1896340545496846,0.0011896340545496846,-0.08818963405454967
2000-06-30,49,0.08262499999999999,0.08549999999999999,0.0028750000000000004,0.9096659364731653,0.0009096659364731653,0.08171533406352682
2000-07-31,49,-0.057912499999999985,-0.023762499999999985,0.03415,0.8546588153792865,0.0008546588153792864,-0.05876715881537927
2000-08-31,49,0.06702500000000006,0.129175,0.06214999999999995,0.6628862764870567,0.0006628862764870567,0.066362113723513
2000-09-30,49,-0.08459999999999997,-0.09888749999999996,-0.014287500000000002,1.3390501628359222,0.001339050162835922,-0.08593905016283589
2000-10-31,49,-0.039200000000000006,-0.03535000000000001,0.0038499999999999993,1.1509449421018134,0.0011509449421018135,-0.04035094494210182
2000-11-30,49,-0.11671249999999998,-0.108525,0.0081875,1.6444629475437136,0.0016444629475437136,-0.11835696294754369
2000-12-31,49,0.080375,0.1446625,0.0642875,1.2008972163649998,0.0012008972163649997,0.079174102783635
2001-01-31,49,-0.16889999999999997,-0.04632499999999999,0.12257499999999998,1.8636873770681477,0.0018636873770681477,-0.17076368737706812
2001-02-28,49,0.18641249999999995,0.06311249999999997,-0.12329999999999999,1.4981951630369388,0.001498195163036939,0.18491430483696303
2001-03-31,49,0.10925000000000001,0.003962500000000002,-0.1052875,1.2002439075785192,0.0012002439075785192,0.1080497560924215
2001-04-30,49,-0.07213750000000002,0.06903749999999997,0.141175,1.40386522425062,0.00140386522425062,-0.07354136522425064
2001-05-31,49,0.015912499999999975,0.0021374999999999745,-0.013774999999999997,0.8820474477630035,0.0008820474477630035,0.015030452552236971
2001-06-30,49,-0.0018625000000000152,-0.0357625,-0.033899999999999986,0.8180576575246392,0.0008180576575246392,-0.0026805576575246546
2001-07-31,49,0.04349999999999999,-0.004575000000000011,-0.048075,0.5879794867941541,0.0005879794867941541,0.042912020513205834
2001-08-31,49,0.07148750000000001,0.0008125000000000111,-0.070675,0.6189506468615238,0.0006189506468615238,0.07086854935313848
2001-09-30,49,0.12406250000000002,-0.043824999999999975,-0.1678875,0.683150760041531,0.000683150760041531,0.12337934923995848
2001-10-31,49,-0.039012500000000006,0.040062499999999994,0.079075,0.7807728662774533,0.0007807728662774534,-0.03979327286627746
2001-11-30,49,-0.14473750000000002,-0.01600000000000002,0.12873749999999995,0.9700633462974284,0.0009700633462974284,-0.14570756334629745
2001-12-31,49,0.024687499999999998,0.04074999999999998,0.016062499999999983,1.2202795925227634,0.0012202795925227634,0.023467220407477233
2002-01-31,49,0.05261249999999999,0.06059999999999999,0.007987499999999998,1.0681854223848735,0.0010681854223848735,0.051544314577615116
2002-02-28,49,0.0895375,0.027662500000000003,-0.06187500000000001,1.0621667517723759,0.001062166751772376,0.08847533324822764
2002-03-31,49,-0.004599999999999974,0.05565,0.06024999999999997,1.4982073815724561,0.0014982073815724562,-0.00609820738157243
2002-04-30,49,0.10798749999999999,0.03766249999999999,-0.070325,0.8772855133614625,0.0008772855133614626,0.10711021448663853
2002-05-31,49,0.014874999999999985,0.0071,-0.007774999999999987,0.9241868703392411,0.0009241868703392411,0.013950813129660745
2002-06-30,49,0.07081249999999997,-0.020587500000000016,-0.0914,1.0346594408178347,0.0010346594408178348,0.06977784055918214
2002-07-31,49,-0.026925000000000004,-0.1408625,-0.1139375,0.9145712951613842,0.0009145712951613842,-0.02783957129516139
2002-08-31,49,0.051537500000000014,0.047487499999999995,-0.004050000000000025,0.4362009608714642,0.00043620096087146424,0.05110129903912855
2002-09-30,49,0.07019999999999997,-0.05162499999999999,-0.12182499999999996,1.2746662624965823,0.0012746662624965825,0.06892533373750338
2002-10-31,49,-0.07822499999999999,0.022912500000000002,0.10113749999999999,1.1644552420108392,0.001164455242010839,-0.07938945524201083
2002-11-30,49,-0.15137499999999998,0.002300000000000012,0.153675,1.320529684575954,0.001320529684575954,-0.15269552968457595
2002-12-31,49,0.11844999999999997,0.01177499999999999,-0.10667499999999998,1.0405508911474444,0.0010405508911474444,0.11740944910885252
2003-01-31,49,-0.0057999999999999875,-0.045712499999999975,-0.03991249999999998,0.7491059054942106,0.0007491059054942107,-0.006549105905494198
2003-02-28,49,-0.04061249999999997,-0.040874999999999974,-0.0002625000000000123,1.0417421042043853,0.0010417421042043854,-0.041654242104204355
2003-03-31,49,0.005174999999999996,-0.0010875000000000164,-0.006262500000000013,1.5656668968482494,0.0015656668968482494,0.003609333103151746
2003-04-30,49,-0.05687499999999999,0.051562500000000004,0.10843749999999999,1.5722573183773971,0.0015722573183773972,-0.05844725731837738
2003-05-31,49,-0.07284999999999997,0.054587500000000004,0.12743749999999998,1.2902584493041749,0.0012902584493041749,-0.07414025844930415
2003-06-30,49,-0.015337500000000014,0.0100875,0.02542500000000001,1.353475705117834,0.0013534757051178342,-0.01669097570511785
2003-07-31,49,-0.035512499999999975,0.023725,0.05923749999999997,1.828827770936742,0.001828827770936742,-0.03734132777093672
2003-08-31,49,-0.007837500000000037,0.04306249999999996,0.050899999999999994,0.9329825425420235,0.0009329825425420235,-0.008770482542542061
2003-09-30,49,0.005812500000000012,-0.011362500000000001,-0.01717500000000001,1.3639461781714184,0.0013639461781714184,0.004448553821828594
2003-10-31,49,0.07769999999999999,0.12216249999999997,0.044462499999999974,1.3106133101348414,0.0013106133101348414,0.07638938668986515
2003-11-30,49,0.03535,0.04995,0.0146,1.2918483808109862,0.0012918483808109862,0.034058151619189014
2003-12-31,49,-0.02593749999999998,0.05271250000000001,0.07864999999999998,1.2792413193606027,0.0012792413193606028,-0.027216741319360586
2004-01-31,49,-0.001687499999999992,0.005787500000000011,0.007475000000000001,1.1898780879050368,0.0011898780879050369,-0.0028773780879050286
2004-02-29,49,0.016399999999999988,0.03768749999999999,0.021287499999999997,1.3354191448068615,0.0013354191448068616,0.015064580855193126
2004-03-31,49,-0.003275000000000013,-0.00785,-0.004574999999999987,0.8173701298701299,0.0008173701298701299,-0.004092370129870143
2004-04-30,49,-0.091775,-0.07758750000000002,0.014187499999999987,1.0501893701873635,0.0010501893701873634,-0.09282518937018736
2004-05-31,49,0.018137499999999994,0.029412499999999984,0.011274999999999986,0.9308403754576233,0.0009308403754576234,0.017206659624542372
2004-06-30,49,0.02746249999999999,0.055212499999999984,0.02775,1.5586364808289646,0.0015586364808289645,0.025903863519171025
2004-07-31,49,-0.016800000000000016,-0.056425,-0.039624999999999994,0.819725780746256,0.000819725780746256,-0.017619725780746272
2004-08-31,49,-0.017987499999999976,0.004750000000000013,0.022737499999999987,2.0169090724165986,0.0020169090724165986,-0.020004409072416574
2004-09-30,49,0.0377625,0.05213749999999999,0.014374999999999987,1.0728255750308673,0.0010728255750308672,0.03668967442496913
2004-10-31,49,-0.040175,-0.007799999999999987,0.03237500000000001,1.0351356885607257,0.0010351356885607258,-0.04121013568856073
2004-11-30,49,0.07487499999999998,0.10503749999999999,0.030162500000000002,1.60931680254213,0.0016093168025421301,0.07326568319745785
2004-12-31,49,-0.01437499999999999,0.016437499999999997,0.030812499999999986,1.2914466798464939,0.001291446679846494,-0.015666446679846485
2005-01-31,49,0.059224999999999986,0.009687499999999998,-0.04953749999999999,0.8507799619530755,0.0008507799619530755,0.05837422003804691
2005-02-28,49,0.07101249999999999,0.079375,0.008362500000000012,1.5213245533290851,0.0015213245533290851,0.06949117544667091
2005-03-31,49,0.0011624999999999617,-0.022600000000000016,-0.02376249999999997,0.8118223410090919,0.0008118223410090919,0.0003506776589908699
2005-04-30,49,-0.02784999999999999,-0.0495,-0.02165000000000001,1.0373316020126602,0.0010373316020126603,-0.02888733160201265
2005-05-31,49,-0.004275000000000003,0.04741249999999999,0.05168749999999999,0.787931389188911,0.0007879313891889111,-0.005062931389188913
2005-06-30,49,0.03064999999999999,0.0398875,0.009237500000000015,1.1100768284415878,0.0011100768284415879,0.029539923171558402
2005-07-31,49,0.009912500000000012,0.0541875,0.04427499999999999,0.5507325474215301,0.0005507325474215302,0.009361767452578482
2005-08-31,49,0.02117500000000001,0.01843750000000001,-0.0027375000000000017,1.108644932110455,0.001108644932110455,0.020066355067889556
2005-09-30,49,0.030975000000000013,0.0439375,0.012962499999999988,0.5529904276935882,0.0005529904276935882,0.030422009572306424
2005-10-31,49,-0.027799999999999967,-0.06494999999999998,-0.037150000000000016,0.5782269211183589,0.0005782269211183589,-0.028378226921118327
2005-11-30,49,-0.022475000000000023,0.026574999999999974,0.049049999999999996,0.5923163958033326,0.0005923163958033327,-0.023067316395803356
2005-12-31,49,-0.002737500000000016,0.013149999999999974,0.01588749999999999,1.124248740441421,0.001124248740441421,-0.0038617487404414372
2006-01-31,49,0.04371250000000001,0.08162499999999999,0.037912499999999974,0.5483981148393728,0.0005483981148393729,0.043164101885160636
2006-02-28,49,-0.06272499999999999,-0.05004999999999999,0.012674999999999999,0.8378624381714314,0.0008378624381714314,-0.06356286243817141
2006-03-31,49,0.030712499999999986,0.053462499999999996,0.022750000000000013,1.8705155904083646,0.0018705155904083647,0.028841984409591622
2006-04-30,49,0.07095,0.0728125,0.0018625000000000004,1.0510387232133112,0.001051038723213311,0.06989896127678669
2006-05-31,49,-0.06409999999999999,-0.058362499999999984,0.0057375,1.2951701760119523,0.0012951701760119524,-0.06539517017601194
2006-06-30,49,-0.0061375,-0.0072499999999999995,-0.0011125000000000002,1.1096538091676462,0.0011096538091676462,-0.007247153809167646
2006-07-31,49,-0.019412499999999985,-0.0441,-0.02468750000000001,1.0320561194330202,0.0010320561194330203,-0.020444556119433004
2006-08-31,49,-0.037925000000000014,-0.013575000000000012,0.024350000000000004,0.8216502861804786,0.0008216502861804787,-0.03874665028618049
2006-09-30,49,-0.014049999999999986,-0.001837499999999985,0.0122125,1.095854013460489,0.001095854013460489,-0.015145854013460476
2006-10-31,49,-0.001462500000000021,0.04831249999999999,0.04977500000000001,1.3076728028804705,0.0013076728028804706,-0.0027701728028804917
2006-11-30,49,0.00043750000000000126,0.03988749999999999,0.039449999999999985,0.866802073031809,0.0008668020730318091,-0.0004293020730318078
2006-12-31,49,0.0147125,0.007362499999999999,-0.007350000000000001,1.3284281876678952,0.001328428187667895,0.013384071812332105
2007-01-31,49,0.019750000000000018,0.054762499999999985,0.035012499999999974,0.5553235522377028,0.0005553235522377028,0.019194676447762314
2007-02-28,49,-0.018887499999999936,-0.01831249999999999,0.0005749999999999506,0.5685829860259869,0.0005685829860259869,-0.019456082986025924
2007-03-31,49,0.0475,0.0317375,-0.015762500000000002,1.5385022105008344,0.0015385022105008344,0.045961497789499164
2007-04-30,49,-0.019187500000000017,0.03539999999999999,0.0545875,1.0452505966587111,0.0010452505966587111,-0.020232750596658727
2007-05-31,49,-0.00037499999999997605,0.05393749999999997,0.05431249999999995,0.6308736379277387,0.0006308736379277386,-0.0010058736379277146
2007-06-30,49,0.007774999999999998,-0.009837500000000002,-0.0176125,1.1175253219957484,0.0011175253219957485,0.00665747467800425
2007-07-31,49,0.027462499999999987,-0.008675000000000013,-0.0361375,0.5587804817543599,0.0005587804817543599,0.026903719518245627
2007-08-31,49,-0.0086625,0.00505,0.0137125,1.3156258744236407,0.0013156258744236407,-0.00997812587442364
2007-09-30,49,0.04923749999999998,0.08149999999999999,0.03226250000000001,1.0576746062768736,0.0010576746062768735,0.04817982539372311
2007-10-31,49,0.023712499999999994,0.05213749999999998,0.02842499999999999,0.8310231239352387,0.0008310231239352387,0.022881476876064757
2007-11-30,49,0.014199999999999987,-0.05514999999999999,-0.06934999999999997,0.8186716241132153,0.0008186716241132153,0.013381328375886771
2007-12-31,49,0.057875,0.02807500000000001,-0.02979999999999999,1.093817787418655,0.001093817787418655,0.05678118221258135
2008-01-31,49,-0.05904999999999998,-0.08184999999999998,-0.0228,1.3188526527236204,0.0013188526527236205,-0.0603688526527236
2008-02-29,49,0.1245875,0.052500000000000005,-0.0720875,1.0708990913438545,0.0010708990913438545,0.12351660090865615
2008-03-31,49,-0.041362500000000024,-0.0316875,0.009675000000000026,1.362313403803617,0.001362313403803617,-0.042724813403803644
2008-04-30,49,0.05739999999999998,0.09118749999999998,0.0337875,0.8495423191769569,0.0008495423191769569,0.05655045768082302
2008-05-31,49,0.0834,0.07266249999999999,-0.0107375,1.063126536788349,0.001063126536788349,0.08233687346321165
2008-06-30,49,0.16633749999999997,0.031700000000000006,-0.13463749999999997,0.8278798227801365,0.0008278798227801366,0.16550962017721985
2008-07-31,49,-0.08543749999999999,-0.0726,0.012837499999999988,0.9667683024853443,0.0009667683024853443,-0.08640426830248533
2008-08-31,49,-0.05664999999999999,-0.04055,0.0161,0.4464429713660901,0.0004464429713660901,-0.05709644297136608
2008-09-30,49,-0.098775,-0.17627500000000002,-0.07749999999999999,1.1063762124344092,0.0011063762124344093,-0.09988137621243441
2008-10-31,49,0.07682500000000005,-0.19892499999999996,-0.27575,1.1661419179450194,0.0011661419179450194,0.07565885808205502
2008-11-30,49,0.03525000000000002,-0.0985875,-0.1338375,1.6785457246999282,0.0016785457246999284,0.03357145427530009
2008-12-31,49,-0.07123749999999998,-0.0010499999999999993,0.07018749999999999,0.8854503743057234,0.0008854503743057234,-0.0721229503743057
2009-01-31,49,0.02902499999999996,-0.0657875,-0.09481249999999997,0.7278435014333587,0.0007278435014333587,0.0282971564985666
2009-02-28,49,0.008249999999999993,-0.10656249999999999,-0.11481249999999997,0.6389543499914967,0.0006389543499914967,0.007611045650008497
2009-03-31,49,-0.06195,0.051424999999999985,0.11337499999999998,0.7008926357550211,0.0007008926357550212,-0.06265089263575502
2009-04-30,49,-0.3859875,0.008050000000000014,0.3940375,1.557766110548478,0.0015577661105484778,-0.38754526611054846
2009-05-31,49,-0.0030624999999999958,0.07447499999999999,0.07753749999999998,1.9121149813725287,0.0019121149813725287,-0.0049746149813725245
2009-06-30,49,0.027562499999999993,-0.0010124999999999995,-0.028574999999999996,0.9167168202620524,0.0009167168202620524,0.02664578317973794
2009-07-31,49,-0.09510000000000002,0.053737499999999966,0.14883749999999998,0.5985098230034669,0.0005985098230034669,-0.09569850982300349
2009-08-31,49,-0.03541250000000001,0.025137499999999986,0.06055,1.1840534865731018,0.001184053486573102,-0.03659655348657311
2009-09-30,49,-0.04319999999999999,0.053699999999999984,0.09689999999999997,0.9122584783651044,0.0009122584783651045,-0.04411225847836509
2009-10-31,49,0.057225000000000005,-0.0194125,-0.0766375,1.997700668896321,0.001997700668896321,0.05522729933110369
2009-11-30,49,-0.014837500000000009,0.07814999999999998,0.0929875,1.9882238880087018,0.0019882238880087016,-0.01682572388800871
2009-12-31,49,0.025125,0.04173749999999999,0.01661249999999999,1.2038369304556356,0.0012038369304556355,0.023921163069544366
2010-01-31,49,-0.046949999999999985,-0.052374999999999984,-0.005424999999999999,1.0619558590415803,0.0010619558590415803,-0.04801195585904156
2010-02-28,49,0.08677499999999999,0.09584999999999999,0.009075000000000001,1.3327343790986832,0.0013327343790986831,0.0854422656209013
2010-03-31,49,0.042925000000000005,0.08723749999999998,0.04431249999999999,1.066636378275172,0.001066636378275172,0.041858363621724834
2010-04-30,49,0.0608,0.08603749999999999,0.025237500000000003,0.8112520075748495,0.0008112520075748495,0.05998874799242515
2010-05-31,49,-0.01024999999999996,-0.09682499999999995,-0.08657499999999999,1.3237415158371042,0.0013237415158371042,-0.011573741515837064
2010-06-30,49,-0.078875,-0.1062375,-0.0273625,1.7826976509219499,0.00178269765092195,-0.08065769765092196
2010-07-31,49,0.01939999999999999,0.09744999999999997,0.07804999999999998,1.1160265979101642,0.0011160265979101643,0.018283973402089825
2010-08-31,49,0.06052500000000003,-0.020612499999999975,-0.0811375,1.6340984893074353,0.0016340984893074353,0.058890901510692595
2010-09-30,49,0.032825,0.114625,0.0818,1.5619799156078358,0.0015619799156078359,0.03126302008439216
2010-10-31,49,0.022575000000000005,0.06402500000000001,0.04145,1.1484097015467283,0.0011484097015467282,0.02142659029845328
2010-11-30,49,0.01874999999999999,0.026987499999999973,0.008237499999999986,1.113139623010537,0.001113139623010537,0.01763686037698945
2010-12-31,49,-0.062337500000000004,0.044037499999999986,0.10637499999999998,1.0351042944785276,0.0010351042944785275,-0.06337260429447854
2011-01-31,49,-0.04685,-0.015700000000000002,0.03115,1.543375814858758,0.001543375814858758,-0.04839337581485876
2011-02-28,49,-0.0005874999999999873,0.02825000000000001,0.028837500000000002,1.630685096784347,0.001630685096784347,-0.002218185096784334
2011-03-31,49,0.0328,0.0453375,0.0125375,0.818584043125336,0.000818584043125336,0.03198141595687467
2011-04-30,49,-0.0064624999999999995,0.015512500000000002,0.021975,0.30935321456235465,0.00030935321456235465,-0.006771853214562354
2011-05-31,49,-0.0247125,-0.0287625,-0.00405,1.5686844985720216,0.0015686844985720217,-0.02628118449857202
2011-06-30,49,0.011012499999999988,-0.013649999999999985,-0.024662499999999976,0.80233392717532,0.00080233392717532,0.010210166072824668
2011-07-31,49,-0.0001500000000000251,-0.015662500000000013,-0.015512499999999988,0.7912643266032814,0.0007912643266032814,-0.0009412643266033065
2011-08-31,49,-0.025387500000000014,-0.07311250000000001,-0.04772499999999999,0.5703105465819873,0.0005703105465819873,-0.025957810546582003
2011-09-30,49,-0.1029,-0.16494999999999999,-0.062049999999999966,1.0852037348176837,0.0010852037348176838,-0.10398520373481769
2011-10-31,49,-0.012962499999999995,0.14563749999999998,0.1586,2.2989354587002566,0.002298935458700257,-0.015261435458700252
2011-11-30,49,0.045137499999999976,0.020099999999999986,-0.02503749999999999,2.0844984359763434,0.0020844984359763433,0.043053001564023634
2011-12-31,49,0.03351249999999997,-0.0030374999999999985,-0.03654999999999998,0.8347795146571624,0.0008347795146571624,0.03267772048534281
2012-01-31,49,-0.07105,0.026462499999999976,0.09751249999999999,0.8105943324342957,0.0008105943324342957,-0.0718605943324343
2012-02-29,49,0.025112500000000013,0.04538749999999998,0.020274999999999974,1.0364255342052857,0.0010364255342052858,0.02407607446579473
2012-03-31,49,0.04012499999999998,0.039337499999999984,-0.000787499999999989,0.8173157824141253,0.0008173157824141253,0.039307684217585855
2012-04-30,49,0.03289999999999998,0.007700000000000001,-0.025199999999999976,0.5647338060329288,0.0005647338060329288,0.03233526619396705
2012-05-31,49,0.08004999999999997,-0.036487500000000006,-0.11653749999999999,0.8087665795333526,0.0008087665795333527,0.07924123342046661
2012-06-30,49,-0.0382875,0.009187499999999998,0.047475,0.5226146937641776,0.0005226146937641776,-0.03881011469376418
2012-07-31,49,0.07199999999999995,0.020637499999999996,-0.051362499999999964,0.6565111714779626,0.0006565111714779626,0.07134348882852198
2012-08-31,49,-0.044675000000000006,0.007262499999999998,0.0519375,1.0904151119402985,0.0010904151119402986,-0.04576541511194031
2012-09-30,49,-0.03217499999999998,0.026025000000000003,0.05819999999999999,0.6620718080234476,0.0006620718080234476,-0.03283707180802343
2012-10-31,49,-0.03488749999999999,-0.005924999999999998,0.028962499999999988,1.653514323353912,0.001653514323353912,-0.0365410143233539
2012-11-30,49,0.026350000000000002,0.01675,-0.009600000000000004,1.3647955549223534,0.0013647955549223533,0.02498520444507765
2012-12-31,49,-0.013787500000000012,0.030274999999999986,0.0440625,1.5546597164709897,0.0015546597164709896,-0.015342159716471002
2013-01-31,49,0.046287499999999974,0.07286249999999997,0.026575,1.6033372625068127,0.0016033372625068128,0.04468416273749316
2013-02-28,49,0.031612499999999995,0.0044875,-0.027124999999999996,1.062482826183052,0.0010624828261830519,0.030550017173816942
2013-03-31,49,0.018287499999999974,0.05772499999999997,0.0394375,1.2649916998873123,0.0012649916998873124,0.017022508300112663
2013-04-30,49,0.028875,-0.007087499999999999,-0.035962499999999994,0.8118777850066901,0.0008118777850066901,0.02806312221499331
2013-05-31,49,-0.007962499999999997,0.015537499999999989,0.023499999999999986,0.3521443324018952,0.0003521443324018952,-0.008314644332401892
2013-06-30,49,0.04339999999999998,-0.02346250000000001,-0.06686249999999999,1.0661485830928767,0.0010661485830928768,0.042333851416907105
2013-07-31,49,0.03827500000000001,0.077025,0.03874999999999999,1.3593779950162928,0.0013593779950162928,0.03691562200498372
2013-08-31,49,-0.018137500000000008,-0.028987499999999982,-0.010849999999999978,0.5669138715658182,0.0005669138715658182,-0.018704413871565826
2013-09-30,49,0.053924999999999994,0.06443749999999998,0.010512499999999987,0.8011655145195993,0.0008011655145195993,0.053123834485480394
2013-10-31,49,-0.005887500000000026,0.03351249999999997,0.039400000000000004,0.5628661906682165,0.0005628661906682165,-0.006450366190668243
2013-11-30,49,0.06016249999999997,0.04024999999999998,-0.019912499999999986,0.35287442316639217,0.00035287442316639216,0.05980962557683358
2013-12-31,49,0.0036625000000000112,0.038575,0.034912499999999985,0.5859066416704986,0.0005859066416704986,0.0030765933583295126
2014-01-31,49,0.014987500000000003,-0.0229375,-0.037925,0.5832637963458833,0.0005832637963458833,0.014404236203654119
2014-02-28,49,0.021675000000000003,0.06542499999999998,0.04374999999999997,0.5686738752940307,0.0005686738752940307,0.021106326124705973
2014-03-31,49,-0.026025,-0.016175,0.00985,1.0676768541855284,0.0010676768541855283,-0.027092676854185527
2014-04-30,49,-0.0333625,-0.002687500000000013,0.030674999999999987,0.3124246002207448,0.0003124246002207448,-0.03367492460022075
2014-05-31,49,0.03911249999999999,0.024087499999999998,-0.015024999999999985,0.8505773881108482,0.0008505773881108482,0.03826192261188914
2014-06-30,49,-0.01908750000000001,0.03218749999999999,0.051275,1.0360042825006917,0.0010360042825006918,-0.020123504282500704
2014-07-31,49,0.03915,-0.014262500000000001,-0.0534125,1.3740044346463116,0.0013740044346463116,0.03777599556535369
2014-08-31,49,-0.0022125000000000027,0.050312499999999996,0.052525,0.5900736178607516,0.0005900736178607517,-0.0028025736178607544
2014-09-30,49,0.03842499999999998,-0.022887500000000012,-0.0613125,1.1230033950114628,0.0011230033950114628,0.037301996604988515
2014-10-31,49,0.039675,0.026099999999999998,-0.013575,1.0975937116305943,0.0010975937116305943,0.038577406288369406
2014-11-30,49,0.034574999999999974,0.03502499999999999,0.0004500000000000129,0.8123211580541996,0.0008123211580541996,0.033762678841945774
2014-12-31,49,0.033412499999999984,0.0011499999999999995,-0.03226249999999999,0.5613416137061111,0.0005613416137061111,0.03285115838629387
2015-01-31,49,0.010912500000000006,-0.016724999999999997,-0.027637500000000002,0.8283054927243476,0.0008283054927243476,0.010084194507275658
2015-02-28,49,-0.025700000000000018,0.07024999999999995,0.09594999999999998,0.8865845214101122,0.0008865845214101123,-0.02658658452141013
2015-03-31,49,0.02643749999999999,-0.0087875,-0.035224999999999985,1.473339833726778,0.001473339833726778,0.02496416016627321
2015-04-30,49,-0.05596249999999997,-0.018574999999999984,0.03738749999999999,1.0646227851184313,0.0010646227851184313,-0.0570271227851184
2015-05-31,49,0.07519999999999995,0.03214999999999996,-0.04304999999999999,1.142797558359705,0.001142797558359705,0.07405720244164024
2015-06-30,49,0.041749999999999995,0.0085,-0.03325,0.8608863467261904,0.0008608863467261903,0.04088911365327381
2015-07-31,49,0.12313750000000002,0.034425000000000025,-0.0887125,0.351451883849292,0.000351451883849292,0.12278604811615074
2015-08-31,49,-0.036824999999999955,-0.05548749999999996,-0.0186625,1.1916506215846234,0.0011916506215846234,-0.03801665062158458
2015-09-30,49,0.11151249999999997,-0.019612499999999998,-0.13112499999999996,0.5349819607028836,0.0005349819607028836,0.11097751803929709
2015-10-31,49,0.0113375,0.039075,0.0277375,0.7762508293878835,0.0007762508293878835,0.010561249170612116
2015-11-30,49,-0.03804999999999994,-0.01114999999999995,0.026899999999999986,1.1428461072589515,0.0011428461072589516,-0.03919284610725889
2015-12-31,49,0.05223750000000001,-0.0031499999999999874,-0.055387500000000006,0.6018374135869846,0.0006018374135869847,0.05163566258641303
2016-01-31,49,0.04847500000000001,-0.02378749999999999,-0.0722625,0.8445455517409329,0.0008445455517409329,0.04763045444825908
2016-02-29,49,-0.09344999999999998,-0.005674999999999987,0.08777499999999999,1.526049738906507,0.0015260497389065072,-0.09497604973890648
2016-03-31,49,-0.07123750000000001,0.050387499999999974,0.12162499999999998,1.5467293585571673,0.0015467293585571674,-0.07278422935855718
2016-04-30,49,-0.05523749999999997,0.03816250000000001,0.09339999999999998,1.0886091708052383,0.0010886091708052384,-0.0563261091708052
2016-05-31,49,0.005099999999999966,0.006699999999999977,0.0016000000000000111,1.0061887246794827,0.0010061887246794827,0.004093811275320483
2016-06-30,49,0.09603749999999994,0.07484999999999997,-0.021187499999999974,1.2784797532583825,0.0012784797532583824,0.09475902024674156
2016-07-31,49,-0.0456625,0.0341375,0.0798,1.0629911157236864,0.0010629911157236864,-0.04672549111572369
2016-08-31,49,-0.031599999999999996,-0.03209999999999999,-0.0004999999999999883,0.7150837622958336,0.0007150837622958336,-0.03231508376229583
2016-09-30,49,0.0002874999999999874,-0.0023124999999999995,-0.0025999999999999895,1.078144361833953,0.001078144361833953,-0.0007906443618339656
2016-10-31,49,-0.016524999999999988,-0.048824999999999986,-0.032299999999999995,1.7804131312247728,0.0017804131312247728,-0.01830541313122476
2016-11-30,49,0.00411250000000001,0.07662499999999998,0.07251249999999998,0.8002618266859858,0.0008002618266859858,0.0033122381733140245
2016-12-31,49,-0.020550000000000023,-0.0011125000000000132,0.019437500000000014,1.1695433778585569,0.0011695433778585568,-0.02171954337785858
2017-01-31,49,0.01651250000000005,0.03528750000000001,0.018774999999999962,0.8319720251161367,0.0008319720251161367,0.015680527974883916
2017-02-28,49,-0.047424999999999995,0.0015749999999999983,0.049,1.0479365723490854,0.0010479365723490854,-0.04847293657234908
2017-03-31,49,-0.020675000000000023,-0.01255000000000001,0.00812500000000001,0.6836928850746662,0.0006836928850746662,-0.02135869288507469
2017-04-30,49,-0.0190625,-0.006625000000000013,0.012437499999999987,0.8061802772317668,0.0008061802772317668,-0.019868680277231765
2017-05-31,49,0.009162500000000011,0.0071500000000000105,-0.0020124999999999995,2.0447913348200064,0.0020447913348200066,0.007117708665180004
2017-06-30,49,-0.019562499999999997,0.0088375,0.028399999999999998,1.539296198580506,0.001539296198580506,-0.021101796198580502
2017-07-31,49,-0.0006374999999999981,0.033224999999999984,0.03386249999999999,1.3342194173519477,0.0013342194173519477,-0.001971719417351946
2017-08-31,49,0.03822499999999997,0.007837499999999987,-0.030387499999999987,0.8297539681546985,0.0008297539681546985,0.03739524603184527
2017-09-30,49,0.016725000000000004,0.040862499999999996,0.0241375,0.5792036889884177,0.0005792036889884177,0.016145796311011585
2017-10-31,49,0.04582500000000002,0.0345875,-0.011237500000000013,0.5628181169932873,0.0005628181169932873,0.04526218188300673
2017-11-30,49,-0.021650000000000013,0.027174999999999987,0.04882500000000001,1.5484844500752994,0.0015484844500752994,-0.023198484450075312
2017-12-31,49,-0.031949999999999985,-0.0024625000000000007,0.029487499999999986,1.8719400010221292,0.0018719400010221293,-0.033821940001022115
2018-01-31,49,0.027987500000000005,0.06546249999999999,0.03747499999999999,0.8502918237694334,0.0008502918237694334,0.02713720817623057
2018-02-28,49,0.03591249999999998,-0.017224999999999987,-0.05313749999999997,0.8112665523656657,0.0008112665523656657,0.035101233447634314
2018-03-31,49,1.214306433183765e-17,-0.019349999999999985,-0.01935,1.5314638060647014,0.0015314638060647016,-0.0015314638060646894
2018-04-30,49,0.004000000000000009,-0.005174999999999975,-0.009174999999999985,1.044225,0.001044225,0.0029557750000000086
2018-05-31,49,0.06099999999999997,0.05537499999999997,-0.005625,1.0745268924302789,0.0010745268924302789,0.05992547310756969
2018-06-30,49,-0.022912499999999975,0.011200000000000014,0.03411249999999999,1.0562441093308201,0.0010562441093308202,-0.023968744109330795
2018-07-31,49,0.0003250000000000076,0.01992499999999999,0.01959999999999999,0.6024281346348203,0.0006024281346348202,-0.00027742813463481266
2018-08-31,49,0.03741250000000002,0.053087500000000024,0.015674999999999998,0.3396958488491242,0.0003396958488491242,0.0370728041511509
2018-09-30,49,0.009274999999999973,0.008299999999999988,-0.0009749999999999869,0.8168188883399805,0.0008168188883399805,0.008458181111659992
2018-10-31,49,-0.046087499999999976,-0.08682499999999997,-0.040737499999999996,1.0483825022912487,0.0010483825022912488,-0.047135882502291226
2018-11-30,49,-0.013899999999999982,0.006062500000000013,0.019962499999999987,1.378090888839385,0.0013780908888393851,-0.015278090888839368
2018-12-31,49,-0.005937499999999986,-0.08679999999999996,-0.08086249999999999,1.305724571544468,0.001305724571544468,-0.0072432245715444545
2019-01-31,49,-0.01304999999999998,0.09545000000000001,0.10849999999999999,1.1144388557057527,0.0011144388557057527,-0.014164438855705733
2019-02-28,49,-0.013100000000000011,0.04293749999999998,0.056037500000000004,1.4830918486245503,0.0014830918486245504,-0.01458309184862456
2019-03-31,49,0.023924999999999988,0.011675,-0.012249999999999985,0.6326122200830885,0.0006326122200830885,0.0232923877799169
2019-04-30,49,0.008825000000000013,0.017987500000000014,0.009162500000000002,1.2788045999462851,0.0012788045999462853,0.007546195400053728
2019-05-31,49,0.02826249999999997,-0.053075000000000004,-0.08133749999999998,0.804971129779694,0.000804971129779694,0.027457528870220276
2019-06-30,49,-0.045625000000000006,0.06637499999999999,0.11199999999999999,1.280190491241293,0.001280190491241293,-0.0469051904912413
2019-07-31,49,0.0454875,0.013537500000000001,-0.03195,1.0325147347740669,0.001032514734774067,0.044454985265225934
2019-08-31,49,0.07743749999999998,-0.0024125000000000014,-0.07984999999999998,0.5929919056899291,0.0005929919056899292,0.07684450809431005
2019-09-30,49,-0.03611249999999999,-0.014074999999999987,0.0220375,1.5605429549277803,0.0015605429549277803,-0.03767304295492777
2019-10-31,49,-0.014075,0.0013375000000000001,0.015412499999999999,1.3503553319241095,0.0013503553319241094,-0.01542535533192411
2019-11-30,49,0.006374999999999988,0.022224999999999998,0.01585000000000001,1.5835763369424651,0.0015835763369424652,0.004791423663057523
2019-12-31,49,-0.0003000000000000294,0.031412499999999975,0.031712500000000005,1.5686188051173766,0.0015686188051173766,-0.001868618805117406
2020-01-31,49,0.11479999999999999,0.022475000000000002,-0.09232499999999999,1.3234720416124837,0.0013234720416124837,0.1134765279583875
2020-02-29,49,0.004937500000000004,-0.09802499999999999,-0.1029625,1.3875358808754934,0.0013875358808754935,0.0035499641191245107
2020-03-31,49,0.16478749999999998,-0.1298125,-0.2946,1.1060513713539402,0.0011060513713539403,0.16368144862864603
2020-04-30,49,0.044500000000000005,0.18345,0.13894999999999996,1.4556839766910272,0.0014556839766910273,0.04304431602330898
2020-05-31,49,-0.012924999999999992,0.0394,0.05232499999999999,1.9734561991383437,0.0019734561991383436,-0.014898456199138335
2020-06-30,49,0.010100000000000026,0.0485625,0.038462499999999976,0.8691145556315376,0.0008691145556315377,0.009230885444368488
2020-07-31,49,0.0882125,0.0948625,0.006649999999999996,0.10573210573210574,0.00010573210573210575,0.0881067678942679
2020-08-31,49,0.05987500000000001,0.11230000000000001,0.052425,0.6338318572889027,0.0006338318572889027,0.05924116814271111
2020-09-30,49,-0.016412500000000003,-0.044025,-0.027612499999999988,0.8474171482486141,0.0008474171482486142,-0.017259917148248618
2020-10-31,49,-0.010324999999999989,-0.02283749999999999,-0.0125125,0.5857860891888113,0.0005857860891888113,-0.010910786089188801
2020-11-30,49,-0.1063875,0.1166125,0.22299999999999998,0.5773486245484628,0.0005773486245484628,-0.10696484862454846
2020-12-31,49,-0.017550000000000014,0.07711249999999997,0.09466249999999998,0.8681510442165926,0.0008681510442165927,-0.018418151044216607
2021-01-31,49,0.018799999999999973,0.024762499999999986,0.005962500000000013,0.9605705124942747,0.0009605705124942748,0.0178394294875057
2021-02-28,49,-0.05025000000000002,0.027112499999999998,0.0773625,0.8118129171574402,0.0008118129171574402,-0.05106181291715746
2021-03-31,49,-0.058225000000000006,-0.0010375000000000002,0.0571875,0.7288891813635168,0.0007288891813635168,-0.058953889181363524
2021-04-30,49,0.0221875,0.048674999999999975,0.026487499999999976,1.9385203472166919,0.0019385203472166918,0.020248979652783307
2021-05-31,49,-0.01553749999999998,0.021337500000000013,0.03687499999999999,0.5419443595230816,0.0005419443595230816,-0.016079444359523062
2021-06-30,49,0.0097625,-0.0075875,-0.017349999999999997,0.3631264522518633,0.0003631264522518633,0.009399373547748138
2021-07-31,49,0.03739999999999998,0.039975,0.002575000000000013,0.5846176699966575,0.0005846176699966576,0.036815382330003324
2021-08-31,49,0.05036249999999998,0.0437625,-0.006599999999999976,0.3166329284750336,0.00031663292847503363,0.050045867071524947
2021-09-30,49,-0.005224999999999987,-0.03968749999999999,-0.03446250000000001,0.8536636161325255,0.0008536636161325255,-0.006078663616132512
2021-10-31,49,0.031587499999999984,0.06298749999999997,0.031399999999999983,0.5809982156769119,0.0005809982156769119,0.03100650178432307
2021-11-30,49,-0.0452875,-0.058737499999999984,-0.013449999999999988,0.8306978322246055,0.0008306978322246055,-0.04611819783222461
2021-12-31,49,-0.008787500000000024,0.050299999999999984,0.059087500000000015,1.3248130981840083,0.0013248130981840082,-0.010112313098184033
2022-01-31,49,-0.026937499999999996,-0.0611375,-0.03419999999999999,1.152310301776864,0.001152310301776864,-0.02808981030177686
2022-02-28,49,0.08506249999999999,0.0722625,-0.012799999999999997,1.8196415954781937,0.0018196415954781938,0.0832428584045218
2022-03-31,49,0.09236250000000001,0.0903375,-0.002025000000000012,1.5661367432751572,0.0015661367432751572,0.09079636325672485
2022-04-30,49,0.02338750000000003,-0.07752499999999997,-0.1009125,1.1054938264541305,0.0011054938264541305,0.0222820061735459
2022-05-31,49,-0.0157875,-0.003550000000000001,0.012237499999999998,0.9059312821389748,0.0009059312821389748,-0.016693431282138974
2022-06-30,49,-0.010662500000000005,-0.1130875,-0.10242499999999999,1.0855760315988672,0.0010855760315988672,-0.011748076031598872
2022-07-31,49,-0.050549999999999984,0.067425,0.11797499999999997,0.8865054897848308,0.0008865054897848309,-0.05143650548978482
2022-08-31,49,0.07561249999999997,0.022224999999999988,-0.05338749999999999,0.8017536468481752,0.0008017536468481752,0.0748107463531518
2022-09-30,49,0.03915,-0.0775,-0.11664999999999999,0.6446414252344594,0.0006446414252344595,0.03850535857476554
2022-10-31,49,0.07433749999999999,0.14792499999999997,0.0735875,0.9224847230909878,0.0009224847230909878,0.073415015276909
2022-11-30,49,-0.03615,0.042412499999999985,0.07856249999999998,0.8420567326375558,0.0008420567326375558,-0.03699205673263756
2022-12-31,49,0.03669999999999997,-0.0432125,-0.07991249999999997,0.950523940447165,0.000950523940447165,0.0357494760595528
2023-01-31,49,-0.11567499999999997,0.044125,0.15979999999999997,0.893677052184817,0.000893677052184817,-0.1165686770521848
2023-02-28,49,-0.0079375,-0.016474999999999986,-0.008537499999999986,0.9922115737992251,0.0009922115737992252,-0.008929711573799225
2023-03-31,49,-0.06248750000000003,-0.012050000000000012,0.05043750000000001,1.2830025830025829,0.001283002583002583,-0.06377050258300261
2023-04-30,49,0.020299999999999985,0.0011125000000000006,-0.019187499999999986,1.1742510099865338,0.0011742510099865338,0.01912574899001345
2023-05-31,49,0.03132500000000005,-0.027912499999999948,-0.0592375,1.788836616681368,0.0017888366166813681,0.02953616338331868
2023-06-30,49,-0.056975,0.077575,0.13455,1.1169490703706395,0.0011169490703706395,-0.05809194907037064
2023-07-31,49,-0.001399999999999975,0.04417499999999999,0.04557499999999998,1.345775562683916,0.0013457755626839162,-0.0027457755626838914
2023-08-31,49,-0.0005749999999999991,-0.024624999999999987,-0.024049999999999988,0.8426797516523132,0.0008426797516523132,-0.0014176797516523123
2023-09-30,49,-0.021,-0.0733625,-0.05236249999999999,0.537671661205193,0.000537671661205193,-0.021537671661205196
2023-10-31,49,0.02304999999999999,-0.03910000000000001,-0.06215,1.285214504596527,0.0012852145045965271,0.021764785495403463
2023-11-30,49,0.0601625,0.115175,0.055012499999999985,1.5434485118029422,0.0015434485118029423,0.05861905148819706
2023-12-31,49,-0.006487499999999969,0.071025,0.07751249999999997,1.3295956987725939,0.0013295956987725939,-0.007817095698772564
2024-01-31,49,0.0452125,0.0016500000000000126,-0.04356249999999998,0.9125671544142624,0.0009125671544142624,0.04429993284558574
2024-02-29,49,0.03561249999999998,0.06288749999999999,0.02727500000000001,1.3256245739502732,0.0013256245739502732,0.034286875426049704
2024-03-31,49,-0.029825,0.03265,0.062475,1.3349708505835918,0.0013349708505835918,-0.031159970850583592
2024-04-30,49,-0.05182499999999997,-0.042362499999999956,0.009462499999999999,1.4127219316102764,0.0014127219316102764,-0.05323772193161024
2024-05-31,49,0.02019999999999999,0.05444999999999996,0.03424999999999997,0.8358820892767687,0.0008358820892767686,0.01936411791072322
2024-06-30,49,-0.03052500000000001,-0.054312499999999986,-0.023787499999999975,1.5720937071162517,0.0015720937071162517,-0.03209709370711626
2024-07-31,49,-0.009050000000000053,0.05318749999999996,0.0622375,1.5488408674798215,0.0015488408674798216,-0.010598840867479874
2024-08-31,49,-0.0013499999999999996,0.0022125,0.0035625000000000006,1.1384151571724102,0.0011384151571724101,-0.0024884151571724095
2024-09-30,49,-0.007875,0.026574999999999998,0.034449999999999995,1.7844089520853152,0.0017844089520853152,-0.009659408952085315
2024-10-31,49,-0.0181625,-0.04061249999999999,-0.02244999999999999,1.08043971273781,0.00108043971273781,-0.01924293971273781
2024-11-30,49,0.017425,0.0683,0.050875000000000004,1.3225361885240685,0.0013225361885240686,0.016102463811475932
2024-12-31,49,-0.018862500000000004,-0.06217499999999997,-0.043312499999999976,1.3408297908936777,0.0013408297908936778,-0.020203329790893683
2025-01-31,49,0.04861250000000003,0.042475,-0.006137500000000038,1.5646985004650216,0.0015646985004650216,0.04704780149953501
2025-02-28,49,-0.0025875000000000203,-0.043450000000000016,-0.040862499999999996,1.0588992597360796,0.0010588992597360795,-0.0036463992597360996
2025-03-31,49,-0.005700000000000014,-0.044075,-0.038374999999999986,0.8790714724349253,0.0008790714724349253,-0.006579071472434939
2025-04-30,49,0.03709999999999998,0.01696249999999998,-0.0201375,1.5447048174595193,0.0015447048174595194,0.03555529518254046
2025-05-31,49,0.014812499999999982,0.05982499999999998,0.0450125,1.288954777745637,0.001288954777745637,0.013523545222254345
2025-06-30,49,-0.007375000000000004,0.029099999999999984,0.03647499999999999,1.096467943585638,0.0010964679435856379,-0.008471467943585642
2025-07-31,49,-0.0566625,-0.021,0.0356625,1.1020211560256894,0.0011020211560256895,-0.057764521156025685
2025-08-31,49,-0.035287500000000006,0.03442499999999999,0.0697125,0.644308108179734,0.0006443081081797341,-0.03593180810817974
2025-09-30,49,0.02994999999999996,0.033462499999999964,0.0035125000000000017,1.431103178408075,0.001431103178408075,0.028518896821591883
2025-10-31,49,-0.022700000000000012,-0.041437499999999995,-0.018737499999999987,1.1128452837516385,0.0011128452837516386,-0.02381284528375165
2025-11-30,49,-0.035724999999999986,-0.011524999999999987,0.0242,1.7794945257341654,0.0017794945257341656,-0.03750449452573415
2025-12-31,49,0.01061249999999999,0.007199999999999989,-0.0034125000000000015,0.8519224287677272,0.0008519224287677272,0.009760577571232262
2026-01-31,49,0.083475,0.10747499999999999,0.024,1.0536153817610607,0.0010536153817610608,0.08242138461823893
2026-02-28,49,0.011975,0.044362500000000006,0.0323875,1.0867867278894299,0.00108678672788943,0.01088821327211057
2026-03-31,49,0.008462499999999987,-0.07318749999999999,-0.08164999999999997,1.3653869907853453,0.0013653869907853454,0.007097113009214642
2026-04-30,49,0.10998749999999999,0.12942499999999998,0.019437499999999986,0.8957664514049852,0.0008957664514049852,0.109091733548595
2026-05-31,49,0.07774999999999997,0.0629375,-0.014812499999999989,0.6630508226443992,0.0006630508226443992,0.07708694917735558
2026-06-30,49,0.0008750000000000042,0.0042624999999999955,0.0033875,0.843191834841104,0.0008431918348411041,3.180816515890015e-05
2026-07-31,49,-0.14144999999999996,-0.10136249999999997,0.0400875,0.38631197702010744,0.00038631197702010747,-0.14183631197702007
