model,benchmark,period,start,end,n,r2_oos_pct,cw_t,cw_p_one_sided,share_lambda_at_max,max_abs_forecast_diff,label
A_noVIX_1970_ridgecv,histmean,full_oos,1990-01,2026-07,439,-1.224361856344558e-06,0.0,0.5,1.0,1.9703658251431916e-08,primary
A_noVIX_1970_ridgecv,histmean,post2010,2010-01,2026-07,199,6.738997693211957e-07,0.0,0.5,1.0,1.3282422049439111e-08,primary
A_noVIX_1970_ridgecv,histmean,validation,2010-01,2022-07,151,6.873396296569467e-07,0.0,0.5,1.0,1.3282422049439111e-08,exploratory
A_noVIX_1970_ridgecv,histmean,holdout,2022-08,2026-07,48,6.441324806871762e-07,0.0,0.5,1.0,7.674376123061348e-09,exploratory
A_noVIX_1970_ridgecv,histmean,covid,2020-01,2021-12,24,-1.3204724202964258e-06,0.0,0.5,1.0,1.3282422049439111e-08,exploratory
A_noVIX_1970_ridgecv,histmean,inflation_rates,2022-01,2024-12,36,4.323558155938656e-06,0.0,0.5,1.0,7.674376123061348e-09,exploratory
A_noVIX_1970_ridgecv,histmean,last18,2025-02,2026-07,18,1.4646473922574899e-06,0.0,0.5,1.0,6.51310191402462e-09,exploratory
A_noVIX_1970_ridgecv,histmean,last12,2025-08,2026-07,12,2.3884515254479766e-06,0.0,0.5,1.0,6.51310191402462e-09,exploratory
B_full_1990_ridgecv,histmean,full_oos,2000-01,2026-07,319,4.456328750457317e-07,0.0,0.5,1.0,2.975774989583905e-08,primary
B_full_1990_ridgecv,histmean,post2010,2010-01,2026-07,199,2.900515794213021e-06,0.0,0.5,1.0,2.5478098178953468e-08,primary
B_full_1990_ridgecv,histmean,validation,2010-01,2022-07,151,5.103485667401486e-06,0.0,0.5,1.0,2.5478098178953468e-08,exploratory
B_full_1990_ridgecv,histmean,holdout,2022-08,2026-07,48,-2.0045807236357405e-06,0.0,0.5,1.0,2.068717690597091e-08,exploratory
B_full_1990_ridgecv,histmean,covid,2020-01,2021-12,24,3.43398433022557e-06,0.0,0.5,1.0,2.0369599724892693e-08,exploratory
B_full_1990_ridgecv,histmean,inflation_rates,2022-01,2024-12,36,1.3011404498275425e-05,0.0,0.5,1.0,2.5478098178953468e-08,exploratory
B_full_1990_ridgecv,histmean,last18,2025-02,2026-07,18,-3.0966263775411562e-06,0.0,0.5,1.0,9.270991959808156e-09,exploratory
B_full_1990_ridgecv,histmean,last12,2025-08,2026-07,12,-1.2433312823745268e-06,0.0,0.5,1.0,9.270991959808156e-09,exploratory
B_full_1990_ridgecv,B0_noATTN_1990_ridgecv,full_oos,2000-01,2026-07,319,-9.018361390999985e-07,0.0,0.5,,5.4327164739510075e-09,primary
B_full_1990_ridgecv,B0_noATTN_1990_ridgecv,post2010,2010-01,2026-07,199,-6.112363948318489e-08,0.0,0.5,,4.074733901096757e-09,primary
B_full_1990_ridgecv,B0_noATTN_1990_ridgecv,validation,2010-01,2022-07,151,3.3992917369829456e-07,0.0,0.5,,2.669985414564032e-09,exploratory
B_full_1990_ridgecv,B0_noATTN_1990_ridgecv,holdout,2022-08,2026-07,48,-9.541012202518573e-07,0.0,0.5,,4.074733901096757e-09,exploratory
B_full_1990_ridgecv,B0_noATTN_1990_ridgecv,covid,2020-01,2021-12,24,1.0498638292055773e-06,0.0,0.5,,1.8624606592750927e-09,exploratory
B_full_1990_ridgecv,B0_noATTN_1990_ridgecv,inflation_rates,2022-01,2024-12,36,1.7375901828486917e-07,0.0,0.5,,2.2201506992428413e-09,exploratory
B_full_1990_ridgecv,B0_noATTN_1990_ridgecv,last18,2025-02,2026-07,18,-9.90477921902766e-07,0.0,0.5,,4.074733901096757e-09,exploratory
B_full_1990_ridgecv,B0_noATTN_1990_ridgecv,last12,2025-08,2026-07,12,-3.5989315971818314e-07,0.0,0.5,,1.7533885063271068e-09,exploratory
