candidate,family,variant,N,V,SR0,z,DSR_iid,DSR_NW,DSR_gov
book (X_unc),S-full,N = Li-Ji,14.000000000000009,0.002461531754720149,0.08625108492013682,0.7585126646873848,0.7759279329095845,0.7931128273818684,0.7759279329095845
book (X_unc),S-full,N = raw M,58.0,0.002461531754720149,0.11573043918069834,-0.007781629884359938,0.4968956101591399,0.49665513892413893,0.49665513892413893
book (X_unc),S-full,"V = 1/(T-1), N = Nyholt",42.382524937147856,0.0014749262536873156,0.08496092542878658,0.7920494188703592,0.7858340692874308,0.8032824253234774,0.7858340692874308
book (X_unc),S-full,"N = Li-Ji, V = 1/(T-1)",14.000000000000009,0.0014749262536873156,0.06676471482437535,1.2650466306050987,0.8970726937093217,0.9135652800562286,0.8970726937093217
book (X_unc),S-full,"N = raw M, V = 1/(T-1)",58.0,0.0014749262536873156,0.0895839139363116,0.6718782073209076,0.7491693824648908,0.765443862144219,0.7491693824648908
EPA 5v5 spread,S-full,N = Li-Ji,14.000000000000009,0.002461531754720149,0.08625108492013682,0.5718831936800675,0.71629944469963,0.7090350233705018,0.7090350233705018
EPA 5v5 spread,S-full,N = raw M,58.0,0.002461531754720149,0.11573043918069834,-0.18383820633287723,0.4270701912957394,0.4297596334033046,0.4270701912957394
EPA 5v5 spread,S-full,"V = 1/(T-1), N = Nyholt",42.382524937147856,0.0014749262536873156,0.08496092542878658,0.604957226727921,0.7273962912330317,0.7198544370347522,0.7198544370347522
EPA 5v5 spread,S-full,"N = Li-Ji, V = 1/(T-1)",14.000000000000009,0.0014749262536873156,0.06676471482437535,1.0714282908954613,0.8580115510842707,0.848845343588104,0.848845343588104
EPA 5v5 spread,S-full,"N = raw M, V = 1/(T-1)",58.0,0.0014749262536873156,0.0895839139363116,0.4864440694765581,0.6866738243042716,0.6802196954628132,0.6802196954628132
book (X_unc),S-post,N = Li-Ji,26.999999999999993,0.005834153081191041,0.15502420088373395,0.0818744606923337,0.5326267281730525,0.5330170789646049,0.5326267281730525
book (X_unc),S-post,N = raw M,89.0,0.005834153081191041,0.19013883256740538,-0.4177536052368978,0.33806363751080326,0.33623407314860027,0.33623407314860027
book (X_unc),S-post,"V = 1/(T-1), N = Nyholt",74.81606452474296,0.005050505050505051,0.17246382274893057,-0.1662649651042663,0.43397421802422087,0.43318987611982546,0.43318987611982546
book (X_unc),S-post,"N = Li-Ji, V = 1/(T-1)",26.999999999999993,0.005050505050505051,0.14423743679399942,0.2353537888635316,0.593032925065078,0.5941277081249231,0.593032925065078
book (X_unc),S-post,"N = raw M, V = 1/(T-1)",89.0,0.005050505050505051,0.17690875158965957,-0.22950957549609866,0.4092364395359173,0.4081673730306715,0.4081673730306715
EPA 5v5 spread,S-post,N = Li-Ji,26.999999999999993,0.005834153081191041,0.15502420088373395,-0.5200352105034882,0.30151951706246594,0.3093958284903131,0.30151951706246594
EPA 5v5 spread,S-post,N = raw M,89.0,0.005834153081191041,0.19013883256740538,-1.0170331119419385,0.1545688389109769,0.1652554311234583,0.1545688389109769
EPA 5v5 spread,S-post,"V = 1/(T-1), N = Nyholt",74.81606452474296,0.005050505050505051,0.17246382274893057,-0.7668683695969173,0.22157989073830614,0.23155644406104203,0.22157989073830614
EPA 5v5 spread,S-post,"N = Li-Ji, V = 1/(T-1)",26.999999999999993,0.005050505050505051,0.14423743679399942,-0.36736383510066417,0.35667382197992303,0.3626106027722866,0.35667382197992303
EPA 5v5 spread,S-post,"N = raw M, V = 1/(T-1)",89.0,0.005050505050505051,0.17690875158965957,-0.8297800448719512,0.2033315776047967,0.2136198824570837,0.2033315776047967
