item,value
n,462
df,457
alpha,0.01952620483582832
se,0.007977088431551866
t,2.4477859313425823
p1,0.007374456861009184
p2,0.014748913722018368
t_crit_90,1.6481947243782795
U,0.03267399990461111
L,0.006378409767045533
resid_vol,0.051375584433984635
delta,0.012843896108496159
b_UMD,0.2285261615433006
t_UMD,12.1205450618852
b_Mkt,0.030105204673806146
r2,0.41538067708331916
ar,0.3800677900008833
h1_window,1931-07 to 1950-09
h1_n,231
h1_alpha,0.0171003742253123
h1_t,1.437069138173463
h2_window,1950-10 to 1969-12
h2_n,231
h2_alpha,0.009026089001698337
h2_t,0.8303577785759563
verdict,PASS
S1_n,78
S1_alpha,0.0325775187174408
S1_se,0.018464697009854973
S1_t,1.7643137442251848
S2_d_ir,-0.005687625588842837
S2_d_ir_lo,-0.1941531054037262
S2_d_ir_hi,0.2283711576378392
S2_p,0.9574
S2_d_alpha,-0.00035975252056438524
S2_d_alpha_lo,-0.013792921411481406
S2_d_alpha_hi,0.013605369494718562
S2_no_carbon_cost,False
S2_fallback_months,38
S2_binding_share,0.7792207792207793
S3_worst_month,-0.112088932825378
S3_worst_month_date,1932-07
S3_worst_3m,-0.216232456771132
S3_worst_3m_end,1932-09
S3_max_dd,-0.30173357971136316
S3_max_dd_trough,1939-09
S4_alpha_25bp,0.015538107793090733
S4_t_25bp,1.9403571479723336
S5_ic_mean,0.08045826821103279
S5_ic_t,6.7849569699619785
S5_ic_p,3.577532423234615e-11
S5_ic_t_vs_0.05,2.5685121465624645
S5_n,462
net_ann,0.03416784131986747
vol_ann,0.06690026373518772
turnover_ann,2.6812135747978982
n_elig_min,34
n_elig_max,39
inaccurate_months,0
fallback_months,0
first_month,1931-07
last_month,1969-12
reproduces_first_run,True
first_run_utc,2026-09-26 15:53:41 UTC
