date,gross,turnover,cost,net,n_elig,exante_te_ann,inaccurate,fallback,net_25bp,net_b-1
1931-07-31,0.02284263428120618,0.7255234297246665,0.0007255234297246666,0.022117110851481513,34,0.0500000493613306,False,False,0.021028825706894513,0.03082774664899338
1931-08-31,-0.009538236661807954,0.1890399892378106,0.0001890399892378106,-0.009727276651045764,34,0.050000009043487996,False,False,-0.01001083663490248,0.010472458226457862
1931-09-30,0.015471902707755295,0.03437547481156806,3.437547481156806e-05,0.015437527232943726,34,0.050000086049239265,False,False,0.015385964020726374,0.0034755310106371526
1931-10-31,0.009675399248260694,0.2830574733772435,0.0002830574733772435,0.009392341774883451,34,0.050000024699085655,False,False,0.008967755564817586,0.015005380774262965
1931-11-30,0.052066626690316975,0.15305100914224593,0.00015305100914224593,0.05191357568117473,34,0.05000018243024457,False,False,0.05168399916746136,0.033177668886754094
1931-12-31,0.045966230726971216,0.15531565733014438,0.0001553156573301444,0.04581091506964107,34,0.05000010066009182,False,False,0.04557794158364586,0.04327841923722395
1932-01-31,0.017037352856770726,0.16473697731172643,0.00016473697731172644,0.016872615879459,34,0.050000048426721094,False,False,0.01662551041349141,0.004496678164334207
1932-02-29,-0.0024991511616934228,0.04189844973005198,4.1898449730051984e-05,-0.002541049611423475,34,0.05000003450474582,False,False,-0.0026038972860185526,-0.0003867327650282667
1932-03-31,0.019648855709095806,0.04534894557155235,4.534894557155235e-05,0.019603506763524254,34,0.05000015707876609,False,False,0.019535483345166926,0.024034307008532686
1932-04-30,0.026436660130852548,0.21161447960117338,0.0002116144796011734,0.026225045651251375,34,0.0500000758055487,False,False,0.025907623931849616,0.020493532565137515
1932-05-31,0.006493019609023329,0.15371791638562685,0.00015371791638562685,0.006339301692637703,34,0.05000002789977956,False,False,0.006108724818059262,-0.02289838200762043
1932-06-30,0.04724260700020947,0.2953537378019459,0.0002953537378019459,0.04694725326240753,34,0.05000000848499363,False,False,0.046504222655704607,0.018171330178163258
1932-07-31,-0.11190087257519868,0.18806025017933178,0.0001880602501793318,-0.112088932825378,35,0.050000014740938147,False,False,-0.11237102320064701,-0.13789126681502992
1932-08-31,-0.09775348192980937,0.6718948671258951,0.0006718948671258951,-0.09842537679693526,35,0.05000001365321304,False,False,-0.0994332190976241,-0.06751942651325951
1932-09-30,-0.0203243933129343,0.600233992198425,0.000600233992198425,-0.020924627305132726,35,0.05000001491986912,False,False,-0.02182497829343036,-0.03345851176795061
1932-10-31,0.020220863412007656,0.24151556348819894,0.00024151556348819895,0.019979347848519458,35,0.05000018765056147,False,False,0.01961707450328716,0.0008323118831626963
1932-11-30,-0.007736080369739055,0.2522431912232791,0.0002522431912232791,-0.007988323560962334,35,0.05000007095386958,False,False,-0.008366688347797252,0.0062398000805806994
1932-12-31,0.037256476148196986,0.11079660545557475,0.00011079660545557476,0.03714567954274141,35,0.05000007909689799,False,False,0.03697948463455805,0.0009205034923742558
1933-01-31,0.01978131239162457,0.168789091910608,0.000168789091910608,0.019612523299713962,35,0.050000013336437756,False,False,0.01935933966184805,-0.01840467571305644
1933-02-28,0.02296283689328093,0.20343544294508747,0.00020343544294508748,0.02275940145033584,35,0.050000079030291814,False,False,0.02245424828591821,0.010582488864231623
1933-03-31,0.038329880081612484,0.19287365361084471,0.0001928736536108447,0.03813700642800164,35,0.05000004955391894,False,False,0.03784769594758537,-0.010971670732908497
1933-04-30,-0.06075998391628931,0.1056172245879883,0.0001056172245879883,-0.0608656011408773,35,0.0500000494543674,False,False,-0.061024026977759285,0.002735522020394969
1933-05-31,-0.066278350851913,0.5868412752162386,0.0005868412752162386,-0.06686519212712924,35,0.050000053956405714,False,False,-0.06774545403995359,-0.05673329282358457
1933-06-30,0.006265445289187053,0.4557627491367197,0.00045576274913671974,0.0058096825400503335,35,0.05000001141598122,False,False,0.005126038416345254,0.010982631145191941
1933-07-31,0.009184192517731388,0.1641890001285013,0.0001641890001285013,0.009020003517602886,35,0.05000005840633353,False,False,0.008773720017410135,0.009853174841712352
1933-08-31,0.017272125911802338,0.17936039437682452,0.00017936039437682454,0.017092765517425515,35,0.050000142191357545,False,False,0.016823724925860276,0.01665875530485272
1933-09-30,0.0056293355233325276,0.21097170715302732,0.00021097170715302733,0.0054183638161795005,35,0.05000002572205582,False,False,0.00510190625544996,0.011268307555839394
1933-10-31,0.01596004289914788,0.12478087745237579,0.0001247808774523758,0.015835262021695502,35,0.05000017931088463,False,False,0.01564809070551694,0.011648039038318342
1933-11-30,-0.0026074572148935137,0.06039670155938321,6.0396701559383215e-05,-0.002667853916452897,35,0.05000008375710599,False,False,-0.0027584489687919717,0.010210793850263284
1933-12-31,-0.0027127981433779586,0.048646108175256865,4.864610817525687e-05,-0.0027614442515532154,35,0.05000004461880663,False,False,-0.0028344134138161008,-0.01931574908779328
1934-01-31,-0.03906390590004733,0.1099879699291035,0.0001099879699291035,-0.03917389386997643,35,0.05000011665866371,False,False,-0.03933887582487009,-0.01943665922021551
1934-02-28,-0.00046153993836641003,0.21909008789241247,0.00021909008789241247,-0.0006806300262588225,35,0.050000033335487165,False,False,-0.0010092651580974412,0.006893737467374765
1934-03-31,0.0023867073739573166,0.14284862920954478,0.0001428486292095448,0.0022438587447477717,35,0.05000003511895234,False,False,0.0020295858009334545,0.008122528092827949
1934-04-30,-0.002053854361043781,0.24836515603515052,0.0002483651560351505,-0.0023022195170789316,35,0.05000023855436161,False,False,-0.0026747672511316573,0.003815605698481957
1934-05-31,1.2589606205188827e-05,0.17509023238672577,0.00017509023238672578,-0.00016250062618153695,35,0.05000027658279754,False,False,-0.0004251359747616256,0.006996517721868606
1934-06-30,-0.008241342592970593,0.19649590699257188,0.00019649590699257188,-0.008437838499963166,35,0.05000012907555135,False,False,-0.008732582360452023,-0.01222345445496352
1934-07-31,0.009919241784929624,0.30020486659182355,0.00030020486659182357,0.009619036918337799,36,0.05000002255655964,False,False,0.009168729618450064,0.007720057953426703
1934-08-31,0.012911094455969902,0.2371642641574037,0.00023716426415740368,0.012673930191812498,36,0.050000042762145244,False,False,0.012318183795576393,0.005528563125515255
1934-09-30,0.005564245509702508,0.18686881667705377,0.00018686881667705378,0.005377376693025454,36,0.05000001717888313,False,False,0.005097073468009874,0.0069787226781443615
1934-10-31,-0.0056335074363491975,0.1166707072422109,0.0001166707072422109,-0.005750178143591409,36,0.050000027545878435,False,False,-0.005925184204454725,0.008582658241538242
1934-11-30,-0.010573972725888312,0.07410287973958157,7.410287973958157e-05,-0.010648075605627893,36,0.05000003928928026,False,False,-0.010759229925237266,0.002929490401501208
1934-12-31,0.013193908631588524,0.22493840382818348,0.00022493840382818348,0.01296897022776034,36,0.0500001597715548,False,False,0.012631562622018064,0.0068638937453482565
1935-01-31,0.002130356849888505,0.24080552730156599,0.000240805527301566,0.001889551322586939,36,0.050000017348914634,False,False,0.00152834303163459,-0.0009683570496116454
1935-02-28,0.017108638093573204,0.17229679309485413,0.00017229679309485415,0.01693634130047835,36,0.05000001604921347,False,False,0.016677896110836067,0.018183574654807248
1935-03-31,0.0014951546034639653,0.0883452696191781,8.834526961917811e-05,0.001406809333844787,36,0.050000120085401396,False,False,0.00127429142941602,-0.008852791860891782
1935-04-30,-0.009736954329406392,0.17675260957497158,0.00017675260957497157,-0.009913706938981363,36,0.05000005094514687,False,False,-0.010178835853343822,-0.001959266892977762
1935-05-31,-0.016478892404710073,0.12009084793713212,0.00012009084793713213,-0.016598983252647206,36,0.05000026940705138,False,False,-0.016779119524552903,0.00878675397102303
1935-06-30,0.007396887319409164,0.07725613504326811,7.725613504326812e-05,0.007319631184365896,36,0.05000003512998856,False,False,0.007203746981800993,-0.005184779615892851
1935-07-31,-0.04966585796870913,0.3512656728883562,0.0003512656728883562,-0.05001712364159749,37,0.05000007532400987,False,False,-0.05054402215093002,-0.00747764968809643
1935-08-31,-0.0047809272308487515,0.23486927269343408,0.0002348692726934341,-0.005015796503542186,37,0.0500001502521179,False,False,-0.005368100412582337,0.003471300736694651
1935-09-30,0.02372724315122739,0.21548938259405367,0.00021548938259405368,0.023511753768633337,37,0.05000002812981016,False,False,0.023188519694742254,0.011109894849857336
1935-10-31,-0.028464614250860245,0.16529444774378474,0.00016529444774378475,-0.02862990869860403,37,0.05000000779907535,False,False,-0.028877850370219706,0.011706659695813646
1935-11-30,-0.02065955298486431,0.14259776354991308,0.00014259776354991308,-0.02080215074841422,37,0.050000068043258045,False,False,-0.021016047393739093,0.005257276772871811
1935-12-31,0.015568197591496715,0.4696617563012844,0.0004696617563012844,0.01509853583519543,37,0.0500000373996791,False,False,0.014394043200743504,-0.0040963655337771165
1936-01-31,0.00043287358318579096,0.33352159914525276,0.00033352159914525276,9.93519840405382e-05,37,0.0500001345071444,False,False,-0.00040093041467734094,-0.007130466382867762
1936-02-29,-0.011527970389652253,0.12317340480290892,0.00012317340480290893,-0.011651143794455162,37,0.05000026911495475,False,False,-0.011835903901659525,-0.0016029993353859255
1936-03-31,0.007365632891611417,0.2772666061341976,0.00027726660613419765,0.00708836628547722,37,0.05000002088785353,False,False,0.006672466376275923,-0.0016956307428688836
1936-04-30,-0.005980242130529935,0.07514456631468819,7.514456631468819e-05,-0.006055386696844623,37,0.05000014145178455,False,False,-0.006168103546316655,-0.002633036150934674
1936-05-31,0.0073556311152307334,0.07582281311598986,7.582281311598986e-05,0.007279808302114743,37,0.050000157635317746,False,False,0.007166074082440759,-0.007834681653468093
1936-06-30,-0.0015828537026613184,0.38553708001739173,0.0003855370800173917,-0.00196839078267871,37,0.05000024701140724,False,False,-0.0025466964027047977,0.0033976831693621552
1936-07-31,0.004717747040283852,0.08235789146491133,8.235789146491134e-05,0.004635389148818941,37,0.05000009631861788,False,False,0.004511852311621574,-0.018916305819012963
1936-08-31,-0.008864938692916286,0.1660342398778312,0.0001660342398778312,-0.009030972932794118,37,0.05000025123298647,False,False,-0.009280024292610864,0.0002265666052865663
1936-09-30,0.011716377364395136,0.15916884867158165,0.00015916884867158166,0.011557208515723554,37,0.05000001252877294,False,False,0.011318455242716182,5.71260822075556e-05
1936-10-31,0.009795627791887343,0.18608074629861693,0.00018608074629861693,0.009609547045588727,37,0.050000255929479966,False,False,0.009330425926140801,-0.0006149901372500959
1936-11-30,-0.0059709869332947646,0.2482258079871401,0.0002482258079871401,-0.006219212741281905,37,0.05000006454884628,False,False,-0.006591551453262615,0.014415600221162372
1936-12-31,0.0031679929962132734,0.16378116035315973,0.00016378116035315973,0.003004211835860114,37,0.050000037898029814,False,False,0.002758540095330374,-0.002980306641722402
1937-01-31,0.004529821504201757,0.08001430420854663,8.001430420854663e-05,0.0044498071999932096,37,0.05000007002282125,False,False,0.00432978574368039,0.00031387568478944447
1937-02-28,0.0022619810086277987,0.06686803880663919,6.686803880663919e-05,0.0021951129698211595,37,0.05000026565849451,False,False,0.002094810911611201,-0.005144688922706291
1937-03-31,0.0035316621353942423,0.04058750371626287,4.058750371626287e-05,0.0034910746316779793,37,0.05000025037270967,False,False,0.003430193376103585,-0.009091314816831383
1937-04-30,-0.0011637575493899728,0.057952957763737045,5.795295776373704e-05,-0.0012217105071537099,37,0.05000001622042773,False,False,-0.0013086399437993155,0.009841230137307524
1937-05-31,0.004218716755729472,0.08771444241697574,8.771444241697574e-05,0.0041310023133124965,37,0.05000004298240209,False,False,0.0039994306496870325,-0.0032160968324554083
1937-06-30,-0.0015299721876377863,0.057340220100583005,5.7340220100583006e-05,-0.0015873124077383693,37,0.050000253302016594,False,False,-0.0016733227378892437,-0.001472780525435961
1937-07-31,-0.010086110281068171,0.04114450861486433,4.114450861486433e-05,-0.010127254789683035,37,0.050000232813099774,False,False,-0.010188971552605331,0.0017123147491321842
1937-08-31,0.0006305110211105644,0.1398181856100963,0.0001398181856100963,0.0004906928355004681,37,0.05000027219549201,False,False,0.00028096555708532366,0.0009037814387881724
1937-09-30,-0.007085070927472101,0.182378636346285,0.000182378636346285,-0.007267449563818386,37,0.05000009424494626,False,False,-0.007541017518337813,0.011921926572473424
1937-10-31,0.00015028788215515863,0.24395336071629029,0.0002439533607162903,-9.366547856113166e-05,37,0.05000002721480362,False,False,-0.00045959551963556714,0.0015571263535691265
1937-11-30,-0.002821169929208239,0.27221352899989865,0.00027221352899989867,-0.003093383458208138,37,0.050000039337694514,False,False,-0.003501703751707986,-0.01390455852167359
1937-12-31,-0.00587981135301278,0.24972988738607654,0.00024972988738607653,-0.006129541240398857,37,0.05000017056433734,False,False,-0.006504136071477972,-0.016652125807137343
1938-01-31,-0.004055358851278985,0.2811911038837576,0.00028119110388375763,-0.004336549955162743,37,0.05000002731927186,False,False,-0.004758336610988379,0.014391001632177523
1938-02-28,0.0059033186324136434,0.21577887443216798,0.00021577887443216797,0.0056875397579814755,37,0.050000182137152516,False,False,0.005363871446333223,-0.007162474121655586
1938-03-31,0.01986291342799814,0.09220048795465052,9.220048795465053e-05,0.01977071294004349,37,0.05000010516316646,False,False,0.019632412208111513,0.009329652037912521
1938-04-30,0.0015812843609383884,0.1608165707516574,0.0001608165707516574,0.001420467790186731,37,0.05000003000633598,False,False,0.001179242934059245,0.0038251870685110053
1938-05-31,0.02632021969712299,0.16426358741404423,0.00016426358741404424,0.026155956109708944,37,0.05000004793329865,False,False,0.02590956072858788,0.019522994898326717
1938-06-30,-0.06509244993862151,0.18421189306655708,0.00018421189306655708,-0.06527666183168807,37,0.05000000662393523,False,False,-0.0655529796712879,-0.06173114172561381
1938-07-31,-0.009676458552262365,0.43120297723017015,0.00043120297723017015,-0.010107661529492535,37,0.05000006325293191,False,False,-0.01075446599533779,-0.001085716587110447
1938-08-31,0.0020898191419632143,0.18019769372861358,0.00018019769372861359,0.0019096214482346007,37,0.05000021612040368,False,False,0.0016393249076416803,0.018097384348217286
1938-09-30,0.011060449695193231,0.19613228393574803,0.00019613228393574803,0.010864317411257483,37,0.0500000816437596,False,False,0.010570118985353861,0.00761879461887685
1938-10-31,0.023255492238068966,0.2540014123423171,0.0002540014123423171,0.02300149082572665,37,0.0500000766697356,False,False,0.022620488707213175,0.012243431532050267
1938-11-30,0.012481920626735163,0.2484368848633405,0.0002484368848633405,0.012233483741871823,37,0.050000030060215535,False,False,0.01186082841457681,0.009737358968112876
1938-12-31,0.012153874279695852,0.27856426388957944,0.00027856426388957943,0.011875310015806273,37,0.050000070542389294,False,False,0.011457463619971903,-0.006879699918925909
1939-01-31,-0.0209998325756876,0.3779005690860788,0.0003779005690860788,-0.02137773314477368,37,0.05000004334232851,False,False,-0.021944583998402798,-0.015387392460540645
1939-02-28,0.001182908792490321,0.19646988125498593,0.00019646988125498593,0.000986438911235335,37,0.05000017870408702,False,False,0.0006917340893528562,0.0029626049394228587
1939-03-31,-0.013322196233104718,0.1608342398758401,0.0001608342398758401,-0.013483030472980558,37,0.05000006806591576,False,False,-0.013724281832794318,-0.007071256692133882
1939-04-30,0.0054392754010796,0.2368442171948088,0.00023684421719480882,0.005202431183884791,37,0.0500000710335361,False,False,0.004847164858092577,0.0025799387743397914
1939-05-31,0.00929684260924991,0.4694659460800552,0.0004694659460800552,0.008827376663169855,37,0.05000004192809594,False,False,0.008123177744049772,0.012770479000938572
1939-06-30,0.013884366634842653,0.22903587991809216,0.00022903587991809216,0.01365533075492456,37,0.05000002333949302,False,False,0.013311776935047422,0.00690837131948597
1939-07-31,0.016993771278787883,0.20618656146480624,0.00020618656146480626,0.016787584717323077,37,0.050000051113485676,False,False,0.016478304875125867,0.015569259545387366
1939-08-31,-0.012355644158978267,0.30781075878632713,0.0003078107587863271,-0.012663454917764595,37,0.050000066586526795,False,False,-0.013125171055944084,-0.026142873007769435
1939-09-30,-0.08209768765398312,0.1853692556334614,0.0001853692556334614,-0.08228305690961658,37,0.050000188275668225,False,False,-0.08256111079306677,-0.1416470822958565
1939-10-31,0.018050045293515678,0.6800794248889926,0.0006800794248889927,0.017369965868626686,37,0.05000005108687171,False,False,0.016349846731293197,0.01594429618138853
1939-11-30,0.01265614015334396,0.23222427242579777,0.00023222427242579777,0.012423915880918162,37,0.05000024015851212,False,False,0.012075579472279467,0.005374718429030963
1939-12-31,0.009843578178452134,0.11248854163117761,0.00011248854163117761,0.009731089636820955,37,0.05000003498845649,False,False,0.00956235682437419,0.000713981919575294
1940-01-31,-0.014461004844851183,0.1636268584795314,0.0001636268584795314,-0.014624631703330714,37,0.05000003304640943,False,False,-0.014870071991050011,-0.012274748322236887
1940-02-29,-0.0014863674229666135,0.13090261943536158,0.00013090261943536158,-0.001617270042401975,37,0.05000016967829786,False,False,-0.0018136239715550175,-0.003884769954173769
1940-03-31,-0.0017298168412576765,0.19597812410676133,0.00019597812410676133,-0.001925794965364438,37,0.05000015350282947,False,False,-0.00221976215152458,-0.0005622375424499695
1940-04-30,0.01323008369529372,0.19515867315556407,0.00019515867315556408,0.013034925022138157,37,0.050000036053387445,False,False,0.01274218701240481,-0.0032515540562237533
1940-05-31,0.023730590361243177,0.12664077679726113,0.00012664077679726114,0.023603949584445914,37,0.050000177675000514,False,False,0.023413988419250024,0.0028096653876858208
1940-06-30,-0.010228209889800312,0.18525248886557638,0.0001852524888655764,-0.010413462378665889,37,0.05000015786318031,False,False,-0.010691341111964252,-0.002422362205855461
1940-07-31,0.02407102251661101,0.13508512518985652,0.0001350851251898565,0.023935937391421153,37,0.05000003210410849,False,False,0.023733309703636365,0.013929203158486251
1940-08-31,0.0033117678926513727,0.18846981123874348,0.0001884698112387435,0.0031232980814126293,37,0.05000013290618302,False,False,0.002840593364554514,-0.004757637666822982
1940-09-30,-0.03218306681677235,0.057155162439080705,5.7155162439080705e-05,-0.03224022197921143,37,0.05000003071757488,False,False,-0.03232595472287005,-0.02578797148424908
1940-10-31,0.0013645320292943247,0.30282901292867326,0.0003028290129286733,0.0010617030163656515,37,0.05000000833300317,False,False,0.0006074594969726415,0.014611242948445336
1940-11-30,-0.026801309830481564,0.43950875026161085,0.00043950875026161083,-0.027240818580743176,37,0.05000014124972067,False,False,-0.02790008170613559,-0.012043721138616084
1940-12-31,0.004054115014066337,0.35581644689195024,0.00035581644689195027,0.003698298567174387,37,0.05000004673311679,False,False,0.0031645738968364614,0.01455374594597415
1941-01-31,-0.013256188788107777,0.6628303905606712,0.0006628303905606711,-0.01391901917866845,37,0.05000001666354995,False,False,-0.014913264764509455,-0.007469058647225996
1941-02-28,0.000626213972704231,0.3931512230933377,0.00039315122309333775,0.00023306274961089324,37,0.05000017117191177,False,False,-0.00035666408502911333,0.001359576281606623
1941-03-31,0.007663102066845818,0.41671083107715123,0.00041671083107715126,0.007246391235768666,37,0.05000003922301916,False,False,0.00662132498915294,0.01043012313305991
1941-04-30,0.012778660968558198,0.1840753022423447,0.0001840753022423447,0.012594585666315853,37,0.0500000087143325,False,False,0.012318472712952337,0.003355393453486494
1941-05-31,0.013884145577610888,0.35430630644141076,0.00035430630644141075,0.013529839271169478,37,0.05000003473171922,False,False,0.012998379811507362,0.005272211547354515
1941-06-30,0.022051677616776746,0.3871080635231686,0.00038710806352316865,0.021664569553253576,37,0.05000000929621692,False,False,0.021083907457968825,0.02067032238919582
1941-07-31,-0.016949978966317787,0.2593133721458111,0.00025931337214581113,-0.0172092923384636,37,0.05000003118399206,False,False,-0.017598262396682315,-0.007213184043212429
1941-08-31,0.016887833860793167,0.28440855763434764,0.00028440855763434765,0.01660342530315882,37,0.050000014558874456,False,False,0.016176812466707297,0.01764352718572892
1941-09-30,-0.005550041692256784,0.29408751904550323,0.00029408751904550325,-0.005844129211302287,37,0.050000010473055245,False,False,-0.0062852604898705425,0.0011666967474728471
1941-10-31,0.02269944336809772,0.19421193143930066,0.00019421193143930065,0.02250523143665842,37,0.050000009531125336,False,False,0.022213913539499468,0.027344945729157927
1941-11-30,0.009840386932900467,0.17627234212328702,0.00017627234212328703,0.00966411459077718,37,0.050000094795566094,False,False,0.00939970607759225,0.0054245106262186815
1941-12-31,0.029479083582732074,0.14566853041748196,0.00014566853041748197,0.02933341505231459,37,0.05000001726422159,False,False,0.029114912256688368,0.017865534269671288
1942-01-31,-0.017092733351003624,0.23122113272394304,0.00023122113272394304,-0.017323954483727567,37,0.05000007018497332,False,False,-0.01767078618281348,-0.018383314044936396
1942-02-28,-0.0036758857192931045,0.14629497290883592,0.00014629497290883592,-0.0038221806922019404,37,0.0500000306330906,False,False,-0.004041623151565195,0.0017321233132055872
1942-03-31,0.0013903809665810473,0.10511342444355612,0.00010511342444355612,0.0012852675421374912,37,0.05000012286517087,False,False,0.0011275974054721569,0.011105997130308866
1942-04-30,-0.012899701563392907,0.12276698332131948,0.00012276698332131948,-0.013022468546714227,37,0.05000000877911472,False,False,-0.013206619021696205,-0.008756640585456766
1942-05-31,-0.005596271595052866,0.14737663636190332,0.0001473766363619033,-0.00574364823141477,37,0.050000035154530574,False,False,-0.005964713185957624,0.008984229017019665
1942-06-30,0.0003561048743267258,0.14411403561110508,0.00014411403561110508,0.00021199083871562073,37,0.0500000093368742,False,False,-4.180214701036901e-06,0.002309318556212152
1942-07-31,0.02065789876849482,0.23608419480844797,0.00023608419480844798,0.020421814573686373,37,0.050000009688477155,False,False,0.020067688281473702,0.017312018672969463
1942-08-31,0.025866681296585647,0.38616271912972633,0.0003861627191297263,0.02548051857745592,37,0.05000001053438583,False,False,0.024901274498761332,0.02488983310795292
1942-09-30,-0.01026917408313917,0.09295957155865664,9.295957155865665e-05,-0.010362133654697826,37,0.0500000477561288,False,False,-0.010501573012035812,-0.011627808215337217
1942-10-31,0.005311391129225864,0.08568208456450158,8.568208456450158e-05,0.0052257090446613625,37,0.050000009959348876,False,False,0.00509718591781461,0.007662404340520769
1942-11-30,-0.02989013182508061,0.2108794373504414,0.0002108794373504414,-0.03010101126243105,37,0.050000041535037364,False,False,-0.030417330418456713,-0.024011386655511797
1942-12-31,0.019504157864406412,0.4117856200746906,0.0004117856200746906,0.01909237224433172,37,0.05000002396982702,False,False,0.018474693814219685,0.02216262315620037
1943-01-31,0.009709069456845024,0.44991568204727395,0.00044991568204727397,0.009259153774797751,37,0.05000017123969336,False,False,0.008584280251726839,0.003817838180952438
1943-02-28,-0.007138225419124717,0.24255946813932927,0.00024255946813932927,-0.0073807848872640466,37,0.0500001842211784,False,False,-0.00774462408947304,0.0010531033608327666
1943-03-31,0.0016992759439054769,0.2443681882324575,0.0002443681882324575,0.0014549077556730195,37,0.05000006788406007,False,False,0.0010883554733243331,0.00404774453970622
1943-04-30,0.02596093513093213,0.16644713479538706,0.00016644713479538705,0.025794487996136744,37,0.05000007226138881,False,False,0.025544817293943662,0.025152413009419252
1943-05-31,0.02132812709001806,0.21138629715048643,0.00021138629715048644,0.021116740792867576,37,0.05000001650679291,False,False,0.020799661347141844,0.023249316827840396
1943-06-30,-0.009629343344473705,0.1527102920969397,0.0001527102920969397,-0.009782053636570644,37,0.05000002234257126,False,False,-0.010011119074716055,-0.012879469454990546
1943-07-31,-0.012056052869547222,0.12045965408910331,0.00012045965408910331,-0.012176512523636326,36,0.05000003828071965,False,False,-0.01235720200476998,-0.014698974676418324
1943-08-31,0.01919257202305435,0.11130481370629229,0.00011130481370629229,0.01908126720934806,36,0.050000078834056924,False,False,0.01891430998878862,0.013772821421208949
1943-09-30,-0.0036747951791881463,0.15097624130077722,0.00015097624130077722,-0.0038257714204889236,36,0.05000004646310161,False,False,-0.00405223578244009,-0.001320874801617173
1943-10-31,0.0013475413034112606,0.015684336417876595,1.5684336417876596e-05,0.001331856966993384,36,0.05000002643364256,False,False,0.0013083304623665692,-0.004026375182989346
1943-11-30,-0.0001880826745226156,0.07424926408418867,7.424926408418867e-05,-0.0002623319386068043,36,0.05000002637610906,False,False,-0.0003737058347330873,-0.003914214862949205
1943-12-31,0.017337311771312792,0.09361581210275442,9.361581210275442e-05,0.017243695959210038,36,0.05000007847376463,False,False,0.017103272241055907,0.017721174445890577
1944-01-31,0.004188955478063524,0.1306036142241315,0.00013060361422413151,0.004058351863839392,36,0.05000004473678335,False,False,0.003862446442503195,0.0003635586763908688
1944-02-29,-0.006875157882169244,0.1089100398555939,0.00010891003985559391,-0.006984067922024838,36,0.05000003236894028,False,False,-0.007147432981808229,-0.0038339032197492596
1944-03-31,0.00892997613482131,0.25174453443827294,0.00025174453443827297,0.008678231600383036,36,0.050000196749064155,False,False,0.008300614798725627,0.007608254726687408
1944-04-30,-0.003253258316948577,0.141640438356549,0.00014164043835654898,-0.003394898755305126,36,0.05000012651999657,False,False,-0.0036073594128399494,-0.003044490888886839
1944-05-31,0.012003036267142737,0.16082381019470532,0.0001608238101947053,0.011842212456948031,36,0.050000078622049936,False,False,0.011600976741655973,0.010051262610622632
1944-06-30,-0.02497470425009938,0.3477934669703884,0.0003477934669703884,-0.025322497717069768,36,0.0500001907418727,False,False,-0.02584418791752535,-0.014652194229501243
1944-07-31,0.01950386956070836,0.22258587158495557,0.00022258587158495557,0.019281283689123404,36,0.05000001685448841,False,False,0.01894740488174597,0.010648670353121226
1944-08-31,0.008374963689740294,0.304836732690481,0.000304836732690481,0.008070126957049813,36,0.05000001822356412,False,False,0.0076128718580140906,0.0016711562048726935
1944-09-30,-0.011240230415797064,0.10932231533066092,0.00010932231533066092,-0.011349552731127725,36,0.05000016737048464,False,False,-0.011513536204123716,-0.014048691772171332
1944-10-31,0.0016560880400587209,0.18589050642976768,0.0001858905064297677,0.0014701975336289532,36,0.0500000601288625,False,False,0.0011913617739843017,0.002551462129774683
1944-11-30,0.004512284865907434,0.1996627111279361,0.0001996627111279361,0.004312622154779499,36,0.05000003738273145,False,False,0.004013128088087594,0.0018792302587223241
1944-12-31,0.003155940512917259,0.3575232428805123,0.0003575232428805123,0.0027984172700367465,36,0.050000021067885765,False,False,0.002262132405715978,0.0006561393539677644
1945-01-31,0.00673344479693454,0.1993443476994744,0.00019934434769947442,0.006534100449235065,36,0.05000002840261712,False,False,0.006235083927685854,-0.006380941223480351
1945-02-28,-0.0027961498132788635,0.2804525984319386,0.0002804525984319386,-0.003076602411710802,36,0.050000087329722324,False,False,-0.00349728130935871,-0.004308996731853082
1945-03-31,-0.013837712648650621,0.3758347495836412,0.0003758347495836412,-0.014213547398234263,36,0.05000002319387691,False,False,-0.014777299522609724,-0.013404730921501094
1945-04-30,0.012313383919243658,0.10705226130928473,0.00010705226130928473,0.012206331657934373,36,0.05000006729015479,False,False,0.012045753265970446,0.0022291830222881557
1945-05-31,-0.007792347699420357,0.13463272453448832,0.00013463272453448832,-0.007926980423954845,36,0.050000103096607504,False,False,-0.008128929510756578,0.0009600350044761236
1945-06-30,0.028183971971086467,0.2555434098449089,0.00025554340984490894,0.02792842856124156,36,0.050000052471013176,False,False,0.027545113446474194,0.014129061274335669
1945-07-31,-0.006216457666578298,0.5860816479381288,0.0005860816479381288,-0.006802539314516427,36,0.05000000757654032,False,False,-0.00768166178642362,-0.0022593443670666535
1945-08-31,-0.0016252807320760892,0.10546711532369665,0.00010546711532369665,-0.001730747847399786,36,0.05000002285195469,False,False,-0.0018889485203853308,0.000499000429787123
1945-09-30,0.03968721999492504,0.128001480589244,0.000128001480589244,0.039559218514335796,36,0.050000132281613326,False,False,0.03936721629345193,0.02785515566652685
1945-10-31,0.04072481453790547,0.2397741138461755,0.00023977411384617551,0.040485040424059295,36,0.050000118587280255,False,False,0.04012537925329003,0.058191818654259764
1945-11-30,0.017372555781841263,0.18332768435347008,0.00018332768435347008,0.017189228097487793,36,0.050000041289094244,False,False,0.01691423657095759,0.02678873293197904
1945-12-31,0.015477919550391404,0.10103105202534209,0.00010103105202534209,0.015376888498366062,36,0.05000000509225667,False,False,0.015225341920328048,0.016486320293592104
1946-01-31,0.0066871148527215315,0.19013662980097562,0.00019013662980097562,0.006496978222920556,36,0.05000005687137658,False,False,0.006211773278219092,0.0020635659020901286
1946-02-28,-0.0038619618046923775,0.1476202466861447,0.0001476202466861447,-0.004009582051378522,36,0.05000004752835714,False,False,-0.00423101242140774,-0.007818835193394285
1946-03-31,0.027034567247896647,0.16705608669044675,0.00016705608669044674,0.0268675111612062,36,0.05000000391424461,False,False,0.02661692703117053,0.024701901281658493
1946-04-30,0.02176646252057924,0.08041336495410316,8.041336495410316e-05,0.021686049155625137,36,0.05000000449139685,False,False,0.021565429108193982,0.02782367930029246
1946-05-31,-0.008271609943387461,0.09334476881810029,9.33447688181003e-05,-0.008364954712205561,36,0.050000005465329116,False,False,-0.008504971865432712,-0.0027511620673299577
1946-06-30,-0.00615331252740849,0.1659556521234824,0.0001659556521234824,-0.006319268179531973,36,0.05000000815405674,False,False,-0.006568201657717196,-0.002090398778725265
1946-07-31,0.005636462833508831,0.1566396603920741,0.00015663966039207412,0.005479823173116756,36,0.05000007724240452,False,False,0.005244863682528645,0.010532528491492181
1946-08-31,-0.0035892288431295634,0.08194867473451337,8.194867473451337e-05,-0.003671177517864077,36,0.05000003243334985,False,False,-0.0037941005299658467,-0.007439654513831607
1946-09-30,-0.01734321652497935,0.10131773882403033,0.00010131773882403034,-0.01744453426380338,36,0.05000000454023295,False,False,-0.017596510872039426,-0.015133350407636874
1946-10-31,-0.012239237821450052,0.24579974381794162,0.00024579974381794164,-0.012485037565267993,36,0.05000000365783043,False,False,-0.012853737180994907,-0.01422562722100974
1946-11-30,-0.010727423737179193,0.2557438788803685,0.0002557438788803685,-0.010983167616059561,36,0.05000013913782783,False,False,-0.011366783434380114,-0.007668649125273222
1946-12-31,-0.023087619449600503,0.34664638126050457,0.0003466463812605046,-0.023434265830861008,36,0.05000008719101212,False,False,-0.023954235402751763,-0.020435402133247193
1947-01-31,-0.02163354318283749,0.4795827981611926,0.0004795827981611926,-0.022113125980998682,36,0.050000019169244944,False,False,-0.02283250017824047,-0.01884673688295025
1947-02-28,0.0007020096835294956,0.21650082391551514,0.00021650082391551514,0.0004855088596139804,36,0.05000008021479475,False,False,0.00016075762374070772,-0.004294899655776888
1947-03-31,0.017927997767781194,0.2371387601074501,0.00023713876010745012,0.017690859007673743,36,0.05000012014271073,False,False,0.01733515086751257,0.01896012969183491
1947-04-30,0.006492447164028076,0.18213494239135541,0.0001821349423913554,0.0063103122216367205,36,0.05000012162615941,False,False,0.006037109808049688,0.006777211468607492
1947-05-31,-0.004963882893249948,0.21001413354861254,0.00021001413354861253,-0.005173897026798561,36,0.05000002733174691,False,False,-0.005488918227121479,-0.0019689814217816095
1947-06-30,0.024505636725409452,0.12048459975282427,0.00012048459975282427,0.024385152125656628,36,0.05000008379297072,False,False,0.024204425226027393,0.015849652322123254
1947-07-31,0.014151743095045985,0.17484575460410517,0.00017484575460410516,0.01397689734044188,36,0.050000049168958824,False,False,0.013714628708535721,0.00867324017115628
1947-08-31,-0.0024765410643607113,0.14589989329842967,0.00014589989329842967,-0.002622440957659141,36,0.050000035230103684,False,False,-0.0028412907976067855,-0.01876097469757882
1947-09-30,0.0006404925459749358,0.04697264544660942,4.6972645446609426e-05,0.0005935199005283264,36,0.05000000264506565,False,False,0.0005230609323584123,0.0048759773890039645
1947-10-31,0.013396329563611354,0.2669428810006664,0.0002669428810006664,0.013129386682610688,36,0.050000049432261176,False,False,0.012728972361109689,0.018998622469598988
1947-11-30,0.0077225526690654816,0.17925532250982967,0.00017925532250982968,0.007543297346555652,36,0.05000005611733924,False,False,0.0072744143627909074,0.016003473450433445
1947-12-31,0.011359340473668234,0.25831923753650504,0.000258319237536505,0.01110102123613173,36,0.05000003051613613,False,False,0.010713542379826971,0.0024836898090652344
1948-01-31,0.0037189578469177193,0.22537644099656598,0.00022537644099656598,0.0034935814059211534,36,0.05000006369811648,False,False,0.003155516744426304,-0.006394884186657607
1948-02-29,0.00034331939656905876,0.1569089945321483,0.0001569089945321483,0.00018641040203691046,36,0.05000000195319382,False,False,-4.895308976131201e-05,0.0025700714177792914
1948-03-31,-0.026838747677503452,0.1146656533072408,0.0001146656533072408,-0.026953413330810694,36,0.05000000717626927,False,False,-0.027125411810771553,-0.02656712491860269
1948-04-30,0.00971180757424004,0.24025858619630797,0.00024025858619630797,0.009471548988043732,36,0.05000008062974171,False,False,0.00911116110874927,0.015260581099455956
1948-05-31,-0.001493824920915817,0.429420094379394,0.000429420094379394,-0.0019232450152952111,36,0.05000001639433788,False,False,-0.002567375156864302,0.010192157188290085
1948-06-30,0.01838009021200166,0.22048055109443954,0.00022048055109443954,0.01815960966090722,36,0.05000011458035169,False,False,0.01782888883426556,0.005097232433628785
1948-07-31,-0.0014664684994265247,0.12280684423373374,0.00012280684423373375,-0.0015892753436602585,36,0.05000002791360642,False,False,-0.001773485610010859,0.003550231114528596
1948-08-31,0.0011118229835482113,0.19543592474021698,0.00019543592474021698,0.0009163870588079943,36,0.05000001741189519,False,False,0.0006232331716976688,0.0015200288572863353
1948-09-30,0.000671103115640761,0.09128602364367969,9.128602364367969e-05,0.0005798170919970813,36,0.050000019690490685,False,False,0.00044288805653156177,-0.0053423923184774975
1948-10-31,0.021522588900857117,0.18746497249252417,0.00018746497249252418,0.02133512392836459,36,0.05000002067830486,False,False,0.021053926469625808,0.019146117651577487
1948-11-30,-0.02387693174844094,0.15659930305940517,0.00015659930305940518,-0.024033531051500346,36,0.05000005240864021,False,False,-0.024268430006089456,-0.0077131218821960175
1948-12-31,0.00872965726065029,0.118681149175524,0.000118681149175524,0.008610976111474766,36,0.05000006312950315,False,False,0.00843295438771148,0.017442168304437646
1949-01-31,-0.00844535416468532,0.4784266990801176,0.0004784266990801176,-0.008923780863765437,36,0.05000001027524468,False,False,-0.009641420912385613,-0.00836717783023224
1949-02-28,0.013717042493446923,0.24543957309027942,0.0002454395730902794,0.013471602920356643,36,0.050000122526954724,False,False,0.013103443560721224,0.0131222514175233
1949-03-31,-0.006959542378323655,0.2619509014664614,0.00026195090146646137,-0.007221493279790117,36,0.050000009365551566,False,False,-0.0076144196319898085,0.0006053086335412835
1949-04-30,-0.0002369923573717967,0.3015957662246377,0.0003015957662246377,-0.0005385881235964344,36,0.0500000372682145,False,False,-0.0009909817729333908,-0.0030796612327053316
1949-05-31,0.011261713215943103,0.5717616423155119,0.0005717616423155118,0.010689951573627591,36,0.05000001711657253,False,False,0.009832309110154324,0.0031557506706776867
1949-06-30,-0.005215322288249633,0.3072273358540318,0.0003072273358540318,-0.0055225496241036644,36,0.05000005819228513,False,False,-0.005983390627884713,-0.004012082477077103
1949-07-31,0.0006300662742140639,0.2754151911273661,0.00027541519112736615,0.0003546510830866977,37,0.050000025875863316,False,False,-5.8471703604351475e-05,-0.001339806982453731
1949-08-31,0.013143763753620086,0.11213485565915579,0.00011213485565915579,0.01303162889796093,37,0.05000003625865226,False,False,0.012863426614472196,0.010922363603626303
1949-09-30,0.016893897076804408,0.07618950992749139,7.61895099274914e-05,0.016817707566876918,37,0.05000003597393641,False,False,0.016703423301985678,0.012709416272642101
1949-10-31,0.008043266183818511,0.11136874844268174,0.00011136874844268174,0.00793189743537583,37,0.05000005037412908,False,False,0.007764844312711807,0.011798094221762687
1949-11-30,0.026270695156267745,0.08780243009295853,8.780243009295853e-05,0.026182892726174786,37,0.05000006938949651,False,False,0.026051189081035347,0.02178121297762587
1949-12-31,0.030917760042747978,0.10904550166485527,0.00010904550166485527,0.030808714541083124,37,0.05000002776713678,False,False,0.03064514628858584,0.0378736262864944
1950-01-31,-0.012150584132525033,0.22307934674279192,0.00022307934674279192,-0.012373663479267825,37,0.05000002700686773,False,False,-0.012708282499382013,-0.010856561057925602
1950-02-28,0.01087895287519821,0.13587496529130913,0.00013587496529130915,0.0107430779099069,37,0.05000000839772999,False,False,0.010539265461969937,0.007788138373347465
1950-03-31,0.014609910937674367,0.17206005125490953,0.00017206005125490953,0.014437850886419457,37,0.050000004873376636,False,False,0.014179760809537093,0.009579967239982529
1950-04-30,-0.015087285103020124,0.07491377439634672,7.491377439634672e-05,-0.015162198877416471,37,0.05000007478106431,False,False,-0.01527456953901099,-0.02131902471154931
1950-05-31,0.03263950900387754,0.37341636259272454,0.00037341636259272457,0.03226609264128482,37,0.05000001147224687,False,False,0.03170596809739573,0.02526723024476018
1950-06-30,-0.007373930918760606,0.38743993609736094,0.0003874399360973609,-0.007761370854857967,37,0.05000005451128584,False,False,-0.008342530759004008,-0.005781681021815185
1950-07-31,-0.059427561733642796,0.12172139179154641,0.00012172139179154641,-0.059549283125434345,37,0.05000000871958958,False,False,-0.05973186521312166,-0.06846015893175202
1950-08-31,0.008986586633262761,0.4072481919419523,0.00040724819194195227,0.008579338441320809,37,0.050000124081226546,False,False,0.00796846615340788,0.005628593509743308
1950-09-30,-0.03313287159751311,0.3480105927521723,0.00034801059275217227,-0.03348088219026528,37,0.050000045107622876,False,False,-0.03400289807939354,-0.03665535206083758
1950-10-31,0.006669996542637475,0.3046006056983549,0.0003046006056983549,0.00636539593693912,37,0.050000005597433915,False,False,0.005908495028391587,0.0012659675754924996
1950-11-30,0.02157663803238695,0.14180715279083878,0.00014180715279083877,0.02143483087959611,37,0.0500000051803173,False,False,0.021222120150409852,0.006927310565534624
1950-12-31,0.015467536308270056,0.3071295082190184,0.0003071295082190184,0.015160406800051037,37,0.05000000424947432,False,False,0.014699712537722509,0.01348737052838603
1951-01-31,0.014805123006875446,0.24805316346517317,0.0002480531634651732,0.014557069843410273,37,0.05000000997468263,False,False,0.014184990098212513,-0.000244887921225288
1951-02-28,-0.02085439201580609,0.1882123145447637,0.0001882123145447637,-0.021042604330350854,37,0.05000010488352638,False,False,-0.021324922802168,-0.02403387285520335
1951-03-31,-0.012475063084819178,0.14042521344431794,0.00014042521344431795,-0.012615488298263495,37,0.05000001589285818,False,False,-0.012826126118429973,0.0023268545119134805
1951-04-30,0.02864254271638019,0.13297707590089677,0.00013297707590089678,0.028509565640479295,37,0.050000014650478125,False,False,0.028310100026627948,0.0205077927587934
1951-05-31,-0.004400500410834469,0.41026940141961504,0.00041026940141961505,-0.004810769812254084,37,0.05000010861569432,False,False,-0.005426173914383507,0.004342411699358956
1951-06-30,-0.002340714411753477,0.18647376378746475,0.00018647376378746474,-0.0025271881755409417,37,0.050000107623749575,False,False,-0.002806898821222139,0.0071160543752242875
1951-07-31,0.013758804842403194,0.22589199808602597,0.00022589199808602597,0.013532912844317168,37,0.050000013118180954,False,False,0.013194074847188129,0.004679439680734866
1951-08-31,0.007593166861311333,0.7417525769935377,0.0007417525769935377,0.006851414284317795,37,0.050000118342291504,False,False,0.005738785418827489,0.014552214861140729
1951-09-30,-0.0033395417513394404,0.23320788173344942,0.00023320788173344942,-0.0035727496330728897,37,0.050000002225077556,False,False,-0.003922561455673064,0.004457448523547342
1951-10-31,-0.019803501048457097,0.13822697146049434,0.00013822697146049435,-0.01994172801991759,37,0.05000011040911699,False,False,-0.020149068477108335,-0.025376723971330277
1951-11-30,0.005820564794257541,0.386509199382732,0.000386509199382732,0.005434055594874809,37,0.050000003881233865,False,False,0.004854291795800711,0.010361378216495229
1951-12-31,0.006195588338558405,0.34671081175391266,0.00034671081175391264,0.005848877526804493,37,0.050000057218622815,False,False,0.0053288113091736235,0.00418747250397082
1952-01-31,-0.01192958161146593,0.37261141023634764,0.0003726114102363477,-0.012302193021702278,37,0.05000002173371064,False,False,-0.012861110137056798,-0.006314988119023565
1952-02-29,0.014103138295590342,0.2731240473867419,0.0002731240473867419,0.0138300142482036,37,0.05000003253158597,False,False,0.013420328177123486,0.01566998486956484
1952-03-31,-0.006658755528605715,0.22902334329522522,0.00022902334329522522,-0.006887778871900941,37,0.05000013389569339,False,False,-0.007231313886843779,-0.005391952555105386
1952-04-30,-0.013079758465780501,0.11752208033011917,0.00011752208033011917,-0.01319728054611062,37,0.05000010567846108,False,False,-0.0133735636666058,-0.010111857195663593
1952-05-31,-0.010471573661555966,0.26807412403117103,0.00026807412403117106,-0.010739647785587137,37,0.050000046655975745,False,False,-0.011141758971633893,-0.014822607803996976
1952-06-30,0.007494469040889441,0.4403778056509543,0.0004403778056509543,0.007054091235238487,37,0.050000083402649276,False,False,0.006393524526762055,0.009404133676902016
1952-07-31,0.011369661798446614,0.5017521737817983,0.0005017521737817983,0.010867909624664815,37,0.05000000924360035,False,False,0.010115281363992118,0.005119941984147772
1952-08-31,0.010347415369896253,0.2703458355805214,0.0002703458355805214,0.010077069534315732,37,0.05000009035355174,False,False,0.009671550780944949,0.012398559025260112
1952-09-30,0.028599920658476802,0.047535702431534245,4.753570243153425e-05,0.028552384956045267,37,0.05000004786780966,False,False,0.028481081402397967,0.032492004349987044
1952-10-31,-0.002599371336222253,0.292057730944033,0.000292057730944033,-0.0028914290671662856,37,0.05000006518523596,False,False,-0.0033295156635823353,-0.005258916828091874
1952-11-30,0.011524978454158192,0.03546242609431545,3.546242609431545e-05,0.011489516028063876,37,0.05000002887138621,False,False,0.011436322388922403,0.01744681408290431
1952-12-31,0.01743660895575279,0.1685172188282984,0.0001685172188282984,0.01726809173692449,37,0.05000002539476654,False,False,0.017015315908682042,0.02113405981671127
1953-01-31,0.014240009005437003,0.13494186317444606,0.00013494186317444606,0.014105067142262557,37,0.05000002445098495,False,False,0.013902654347500888,0.004604094155048798
1953-02-28,-0.007046972761505439,0.07598581724415499,7.598581724415498e-05,-0.007122958578749594,37,0.050000020893031086,False,False,-0.007236937304615826,0.005420535501557437
1953-03-31,-0.017158471893142704,0.14064952249502055,0.00014064952249502054,-0.017299121415637723,37,0.05000004247177013,False,False,-0.017510095699380255,-0.010944235628085382
1953-04-30,0.003473964672026437,0.24163047310897215,0.00024163047310897217,0.003232334198917465,37,0.05000001094632678,False,False,0.002869888489254007,0.004226576770614457
1953-05-31,-0.004019952597083814,0.16826693244044966,0.00016826693244044967,-0.004188219529524264,37,0.050000051834887496,False,False,-0.0044406199281849384,-0.0030053651433390007
1953-06-30,-0.00337143696151063,0.3341784190674013,0.0003341784190674013,-0.0037056153805780315,37,0.05000008317970236,False,False,-0.004206883009179133,0.00040850690535916865
1953-07-31,-0.0015897681872085127,0.3922187966962705,0.00039221879669627054,-0.001981986983904783,37,0.05000000303814656,False,False,-0.002570315178949189,-0.004737215903919446
1953-08-31,-0.007362310761836014,0.3367425836607881,0.00033674258366078806,-0.007699053345496802,37,0.050000027561793524,False,False,-0.008204167220987985,-0.01196044122789309
1953-09-30,0.014312205342077486,0.13435080902014776,0.00013435080902014776,0.014177854533057338,37,0.050000037746822414,False,False,0.013976328319527116,0.0154526556615715
1953-10-31,0.04016319501070286,0.411747237019667,0.000411747237019667,0.039751447773683196,37,0.050000011782920864,False,False,0.039133826918153695,0.0406042828392548
1953-11-30,0.0013151512824153002,0.1597397988679803,0.00015973979886798028,0.0011554114835473199,37,0.05000011487819178,False,False,0.0009158017852453495,0.0011370078432113135
1953-12-31,0.035296621931955804,0.07153798022055434,7.153798022055435e-05,0.03522508395173525,37,0.05000006824249707,False,False,0.03511777698140442,0.031104932247683306
1954-01-31,-0.02455293693571089,0.1255298237763915,0.00012552982377639149,-0.02467846675948728,37,0.05000003422171205,False,False,-0.024866761495151872,-0.021963267746819965
1954-02-28,0.010740754438039244,0.27490930061851593,0.0002749093006185159,0.010465845137420727,37,0.050000092657101966,False,False,0.010053481186492954,0.012502674562135475
1954-03-31,0.041980916797867834,0.16252081544075136,0.00016252081544075136,0.041818395982427085,37,0.050000008124709096,False,False,0.04157461475926596,0.04060917331542175
1954-04-30,0.009023696278630816,0.1587426246122477,0.0001587426246122477,0.008864953654018569,37,0.050000006765222614,False,False,0.008626839717100196,0.013499730407991236
1954-05-31,-0.002430397025575927,0.12099994118024568,0.00012099994118024568,-0.002551396966756173,37,0.050000021142820664,False,False,-0.0027328968785265413,-0.004909132364209521
1954-06-30,0.00696667212830157,0.15912111418442434,0.00015912111418442434,0.006807551014117146,37,0.050000076570563774,False,False,0.006568869342840509,0.004883071889829206
1954-07-31,-0.013164117367059304,0.1856022399441558,0.00018560223994415581,-0.01334971960700346,37,0.0500000797600863,False,False,-0.013628122966919693,-0.00837908718710019
1954-08-31,0.012529952102552077,0.18793378654464626,0.00018793378654464627,0.01234201831600743,37,0.05000001200103437,False,False,0.01206011763619046,0.020790230864468306
1954-09-30,0.015330431378686378,0.22619057701601025,0.00022619057701601025,0.015104240801670367,37,0.050000005901341384,False,False,0.014764954936146352,0.011349216036874358
1954-10-31,0.009747510350798197,0.15311799715752225,0.00015311799715752225,0.009594392353640674,37,0.05000001786413465,False,False,0.009364715357904391,0.009720846900106007
1954-11-30,0.002762492853282473,0.21445688609996078,0.0002144568860999608,0.002548035967182512,37,0.05000008205276906,False,False,0.002226350638032571,-0.0013839010412902927
1954-12-31,0.004103920148975837,0.16421384622998725,0.00016421384622998726,0.00393970630274585,37,0.05000004754445569,False,False,0.003693385533400869,0.010117521736164089
1955-01-31,0.01361637269900834,0.20756282473383653,0.00020756282473383654,0.013408809874274504,37,0.05000001929019095,False,False,0.013097465637173749,0.006672317584581732
1955-02-28,0.009919305749218224,0.1184395863856078,0.0001184395863856078,0.009800866162832616,37,0.05000006807462829,False,False,0.009623206783254205,0.00550768106593845
1955-03-31,-0.014890530200255528,0.1412938680661725,0.0001412938680661725,-0.0150318240683217,37,0.05000003547156762,False,False,-0.01524376487042096,-0.01672225191756626
1955-04-30,0.01220347260336155,0.14796949206858073,0.00014796949206858073,0.01205550311129297,37,0.050000054171804684,False,False,0.011833548873190098,0.0059091737416083175
1955-05-31,0.001827237279674705,0.2814005222829317,0.0002814005222829317,0.0015458367573917733,37,0.05000008497809625,False,False,0.0011237359739673758,-0.00307804067896618
1955-06-30,0.028093467259092883,0.22619710592148323,0.00022619710592148323,0.0278672701531714,37,0.050000023194104355,False,False,0.027527974494289176,0.023730414663113448
1955-07-31,-0.013046824876036596,0.33636394613403553,0.00033636394613403554,-0.013383188822170631,37,0.05000004070136853,False,False,-0.013887734741371685,-0.011178549797352506
1955-08-31,0.0006497833260338406,0.23046030744393442,0.00023046030744393442,0.0004193230185899062,37,0.05000010563537783,False,False,7.363255742400454e-05,-0.01597532952551608
1955-09-30,0.01551727286300667,0.32580936381123,0.00032580936381123,0.01519146349919544,37,0.05000006434286207,False,False,0.014702749453478594,0.003595261260108518
1955-10-31,-0.02227369154947243,0.297266387352058,0.000297266387352058,-0.02257095793682449,37,0.05000010026711201,False,False,-0.023016857517852575,-0.023056163372868435
1955-11-30,0.006997876892453015,0.1593410527514205,0.0001593410527514205,0.0068385358397015945,37,0.050000045119022625,False,False,0.006599524260574464,-0.005746530477685059
1955-12-31,0.00434343916533992,0.4140768629694685,0.0004140768629694685,0.003929362302370451,37,0.05000001719616892,False,False,0.0033082470079162487,0.002891843767483102
1956-01-31,-0.0023523979831948415,0.14020238342529728,0.0001402023834252973,-0.002492600366620139,37,0.05000002542818549,False,False,-0.0027029039417580847,0.0058740482199325615
1956-02-29,-0.0014513631506168998,0.09348126417079825,9.348126417079824e-05,-0.001544844414787698,37,0.05000000358379731,False,False,-0.0016850663110438953,0.011831233831282387
1956-03-31,0.02082646266197883,0.17307510652171507,0.00017307510652171508,0.020653387555457113,37,0.05000007392084837,False,False,0.02039377489567454,0.02947591516910093
1956-04-30,0.012629412669429439,0.29021722370897,0.00029021722370897,0.012339195445720468,37,0.05000000554910396,False,False,0.011903869610157013,0.025588961197863223
1956-05-31,-0.016454150040827037,0.33316363153219486,0.00033316363153219485,-0.016787313672359232,37,0.050000003583753505,False,False,-0.017287059119657524,-0.012566444348302059
1956-06-30,0.029865935025355377,0.31427744678291863,0.0003142774467829186,0.02955165757857246,37,0.050000032045475144,False,False,0.02908024140839808,0.030773339579109944
1956-07-31,0.018496591791319586,0.399837418240156,0.000399837418240156,0.01809675437307943,37,0.050000050627728755,False,False,0.017496998245719195,0.011797753622111261
1956-08-31,-0.012079462858729533,0.05211020277468627,5.211020277468627e-05,-0.01213157306150422,37,0.05000006166035592,False,False,-0.012209738365666249,-0.009040150312219258
1956-09-30,-0.01900142494552043,0.14643055711464267,0.0001464305571146427,-0.01914785550263507,37,0.05000007261164886,False,False,-0.019367501338307034,-0.015341661230457942
1956-10-31,0.015083644224659803,0.060864507840228434,6.086450784022843e-05,0.015022779716819574,37,0.05000001379871867,False,False,0.014931482955059232,0.013750155233304404
1956-11-30,-0.010060812531989673,0.1449011889646239,0.0001449011889646239,-0.010205713720954298,37,0.050000019362481274,False,False,-0.010423065504401233,0.001879861822992129
1956-12-31,9.001383387019946e-05,0.3441026469185607,0.0003441026469185607,-0.00025408881304836125,37,0.05000003650687037,False,False,-0.0007702427834262023,0.00015309574853547125
1957-01-31,-0.02003061435667808,0.1866755874507623,0.0001866755874507623,-0.020217289944128844,37,0.0500000154256978,False,False,-0.020497303325304986,-0.007276464833349851
1957-02-28,-0.02133193806783797,0.18959184157360326,0.00018959184157360325,-0.02152152990941157,37,0.05000001298227667,False,False,-0.02180591767177198,-0.015863261234564576
1957-03-31,-0.001680077162938084,0.2966633163115195,0.0002966633163115195,-0.0019767404792496034,37,0.05000008526883631,False,False,-0.0024217354537168826,0.006295683608058594
1957-04-30,0.0160826380676224,0.5330298703148418,0.0005330298703148419,0.015549608197307559,37,0.050000012897494735,False,False,0.014750063391835296,0.021602742403567545
1957-05-31,0.013510105140605109,0.4865238519748363,0.00048652385197483626,0.013023581288630272,37,0.05000001667317821,False,False,0.012293795510668018,0.013432689895959743
1957-06-30,0.0066667037780876156,0.07088629173953136,7.088629173953136e-05,0.0065958174863480845,37,0.05000001043530659,False,False,0.006489488048738787,0.011694297251052473
1957-07-31,0.01155345411993516,0.1599166653599942,0.0001599166653599942,0.011393537454575166,37,0.050000011881370335,False,False,0.011153662456535174,0.008782467769214819
1957-08-31,0.0016966284010272712,0.28819233235654435,0.00028819233235654435,0.001408436068670727,37,0.05000000461555568,False,False,0.0009761475701359104,0.0057726324837849095
1957-09-30,0.013397679314005081,0.16909862172627438,0.00016909862172627437,0.013228580692278807,37,0.05000001967611247,False,False,0.012974932759689396,0.004935714927066463
1957-10-31,-0.00030812744604356325,0.11294515243296308,0.00011294515243296307,-0.00042107259847652635,37,0.05000001532200288,False,False,-0.000590490327125971,-0.007820228670019167
1957-11-30,0.0038496360801137386,0.19301772447909327,0.00019301772447909328,0.0036566183556346454,37,0.05000010831149685,False,False,0.0033670917689160055,0.0026435731751433813
1957-12-31,0.010513683235246318,0.18229642803928178,0.00018229642803928178,0.010331386807207037,37,0.050000021330842234,False,False,0.010057942165148114,0.003930465719372523
1958-01-31,-0.009292082956485266,0.15432903331708808,0.00015432903331708808,-0.009446411989802355,37,0.050000017893921424,False,False,-0.009677905539777987,-0.00797948251660159
1958-02-28,0.004060615718763427,0.24155153675171598,0.000241551536751716,0.0038190641820117113,37,0.05000001651976205,False,False,0.0034567368768841375,0.0021028532590997287
1958-03-31,0.021190191051810164,0.2602827130828539,0.0002602827130828539,0.02092990833872731,37,0.050000010989640076,False,False,0.02053948426910303,0.017862038689274457
1958-04-30,-0.012347266631898987,0.15990643875000038,0.00015990643875000038,-0.012507173070648988,37,0.05000008889524833,False,False,-0.012747032728773987,-0.017028871424753556
1958-05-31,-0.02910066805191297,0.1478225963881405,0.0001478225963881405,-0.02924849064830111,37,0.05000000588252015,False,False,-0.02947022454288332,-0.03163051558066742
1958-06-30,-0.0022094273519192367,0.2555933904884806,0.0002555933904884806,-0.0024650207424077174,37,0.05000003553561707,False,False,-0.002848410828140438,0.0018332298037018054
1958-07-31,-0.02633878714704103,0.40787008616834575,0.00040787008616834574,-0.026746657233209375,37,0.050000093123882955,False,False,-0.027358462362461894,-0.03156809872977687
1958-08-31,0.007095034009633528,0.30582024246895145,0.00030582024246895143,0.006789213767164577,37,0.05000008589682634,False,False,0.0063304834034611495,0.009505577274943387
1958-09-30,0.0013145924815352109,0.4173485304248423,0.00041734853042484234,0.0008972439511103685,37,0.05000001269523258,False,False,0.00027122115547310497,0.003637089264850197
1958-10-31,0.0012190147200953141,0.33977089294064644,0.0003397708929406464,0.0008792438271546677,37,0.050000012056815625,False,False,0.0003695874877436981,0.00036598306259882164
1958-11-30,0.013939441332863841,0.37231308487781317,0.0003723130848778132,0.013567128247986027,37,0.05000007451554154,False,False,0.013008658620669309,0.012010660156492364
1958-12-31,-0.0052722402170779,0.43520438760315416,0.0004352043876031542,-0.005707444604681054,37,0.05000009357858076,False,False,-0.006360251186085786,0.005165793575735317
1959-01-31,-0.011547278829803425,0.2698068497175789,0.0002698068497175789,-0.011817085679521003,37,0.05000000233180836,False,False,-0.012221795954097373,-0.010606929287434183
1959-02-28,0.0054867781956361265,0.24789363452808466,0.00024789363452808465,0.005238884561108042,37,0.050000080571694014,False,False,0.004867044109315915,0.010666153895261375
1959-03-31,0.04104234503826104,0.4153046320717504,0.0004153046320717504,0.040627040406189294,37,0.050000072671757684,False,False,0.040004083458081666,0.033898609020592364
1959-04-30,0.021208763024496324,0.31295094615278335,0.00031295094615278334,0.02089581207834354,37,0.05000010500272107,False,False,0.020426385659114366,0.024567532092308518
1959-05-31,0.008462524439889482,0.25890731779102005,0.00025890731779102007,0.008203617122098461,37,0.05000000648984824,False,False,0.007815256145411932,0.005964382905528904
1959-06-30,0.016372212745330305,0.2872743396787174,0.0002872743396787174,0.01608493840565159,37,0.050000049247680874,False,False,0.015654026896133513,0.022920223000836237
1959-07-31,-0.010683937464290215,0.10731331479337097,0.00010731331479337097,-0.010791250779083586,37,0.05000010783331866,False,False,-0.010952220751273643,-0.010085302284912424
1959-08-31,0.01020713599500363,0.20207673034961365,0.00020207673034961367,0.010005059264654018,37,0.050000033530058205,False,False,0.009701944169129596,0.008854575515506235
1959-09-30,0.003338845415008887,0.06643147968715396,6.643147968715396e-05,0.0032724139353217333,37,0.050000016693652706,False,False,0.003172766715791002,0.0033707602834730952
1959-10-31,-0.0016406141839067634,0.22696783901231812,0.00022696783901231813,-0.0018675820229190816,37,0.050000037585971116,False,False,-0.0022080337814375586,-0.0003180807647389667
1959-11-30,-0.00528822098108525,0.11573273002277411,0.0001157327300227741,-0.005403953711108024,37,0.05000007135987466,False,False,-0.0055775528061421855,-0.006801335433524612
1959-12-31,-0.021557822978224218,0.27780351165969325,0.00027780351165969326,-0.02183562648988391,37,0.05000012576938934,False,False,-0.022252331757373452,-0.012601342487564398
1960-01-31,-0.006342410557083073,0.261434676655438,0.000261434676655438,-0.006603845233738511,37,0.050000013633733714,False,False,-0.006995997248721668,-0.005330715298905092
1960-02-29,0.015302825794090362,0.21283119246666665,0.00021283119246666665,0.015089994601623696,37,0.050000038732890016,False,False,0.014770747812923696,0.016849435575208068
1960-03-31,0.023190143924028253,0.28849368917717905,0.00028849368917717905,0.022901650234851075,37,0.050000097448931975,False,False,0.022468909701085307,0.016645956656679034
1960-04-30,0.027229566538593868,0.2588392248206678,0.0002588392248206678,0.0269707273137732,37,0.05000001377207439,False,False,0.0265824684765422,0.024515360494905283
1960-05-31,0.07266798747616973,0.2475805789781277,0.0002475805789781277,0.0724204068971916,37,0.050000002664153116,False,False,0.07204903602872441,0.07382751634321895
1960-06-30,-0.015597635080966583,0.25012021672066914,0.00025012021672066913,-0.01584775529768725,37,0.05000008284415788,False,False,-0.016222935622768254,-0.016647426308390872
1960-07-31,-0.010114850087869824,0.10779244847363235,0.00010779244847363236,-0.010222642536343456,37,0.05000002018668528,False,False,-0.010384331209053905,-0.009303247008198094
1960-08-31,-0.01758193608107298,0.11435216191093424,0.00011435216191093424,-0.017696288242983915,37,0.05000007255521949,False,False,-0.017867816485850316,-0.012105097761471386
1960-09-30,-0.013269571141071617,0.28955681435200503,0.00028955681435200505,-0.013559127955423623,37,0.050000101059240715,False,False,-0.01399346317695163,-0.014533296240471191
1960-10-31,0.0008779420210750636,0.20047671547360768,0.00020047671547360768,0.000677465305601456,37,0.05000000448501429,False,False,0.00037675023239104437,-0.0017177823749928763
1960-11-30,0.009662494416851446,0.37851739587065136,0.00037851739587065134,0.009283977020980796,37,0.05000008478427528,False,False,0.008716200927174818,0.019742462535945412
1960-12-31,0.017189931322252355,0.35122307981693507,0.0003512230798169351,0.01683870824243542,37,0.05000004264898036,False,False,0.016311873622710017,0.022097209545073427
1961-01-31,-0.00786142821797332,0.22272702949292006,0.00022272702949292005,-0.00808415524746624,37,0.05000002893529406,False,False,-0.00841824579170562,-0.0061726320808766595
1961-02-28,0.0030894367484084403,0.11763520811367523,0.00011763520811367523,0.002971801540294765,37,0.05000005863237565,False,False,0.0027953487281242523,0.004732006468636142
1961-03-31,0.0030000270066855572,0.21375400359257035,0.00021375400359257036,0.002786273003092987,37,0.050000057717523166,False,False,0.0024656419977041313,0.013860929444930357
1961-04-30,-0.01282874188375332,0.21112671463461702,0.000211126714634617,-0.013039868598387938,37,0.050000060475272425,False,False,-0.013356558670339863,-0.012871589774974664
1961-05-31,-0.009520058716593588,0.3112918039952237,0.00031129180399522375,-0.009831350520588812,37,0.05000003047780563,False,False,-0.010298288226581647,-0.009365379822720194
1961-06-30,0.007414516535287149,0.3297641693082365,0.0003297641693082365,0.007084752365978913,37,0.05000003715544704,False,False,0.006590106112016558,0.008976510773771552
1961-07-31,0.006373318935796036,0.29722583431254035,0.00029722583431254036,0.006076093101483496,37,0.050000092267359415,False,False,0.005630254350014685,0.006005969587073047
1961-08-31,-0.003053897301747566,0.09358169573878863,9.358169573878864e-05,-0.003147478997486355,37,0.050000067918265174,False,False,-0.0032878515410945377,0.001764309473095317
1961-09-30,0.00874178721100503,0.1860961214756952,0.00018609612147569521,0.008555691089529334,37,0.05000004986172287,False,False,0.008276546907315793,0.008908105971108755
1961-10-31,0.045573365653371584,0.2462579796675179,0.0002462579796675179,0.04532710767370406,37,0.05000001245233355,False,False,0.044957720704202786,0.048092143127502464
1961-11-30,0.0004414477076783189,0.2105658719835819,0.0002105658719835819,0.00023088183569473702,37,0.050000056281450475,False,False,-8.496697228063579e-05,0.00800068569940019
1961-12-31,-0.015287880503862561,0.2704971134687441,0.00027049711346874413,-0.015558377617331306,37,0.05000002054571562,False,False,-0.01596412328753442,-0.016990960675902937
1962-01-31,-0.019565298763495817,0.24244002038139684,0.00024244002038139684,-0.019807738783877215,37,0.05000003635772682,False,False,-0.02017139881444931,-0.02174233133473521
1962-02-28,0.015316834502838089,0.16180577247225222,0.00016180577247225223,0.015155028730365836,37,0.05000002388762347,False,False,0.014912320071657457,0.012503818935411191
1962-03-31,0.006102153909476575,0.2829797385761843,0.0002829797385761843,0.00581917417090039,37,0.05000005440247394,False,False,0.0053947045630361136,0.005822333857984494
1962-04-30,-0.02785208918316109,0.2099825602521471,0.0002099825602521471,-0.028062071743413238,37,0.05000002443236716,False,False,-0.02837704558379146,-0.028832069328239427
1962-05-31,-0.0036966531539222164,0.2238347425105513,0.0002238347425105513,-0.003920487896432768,37,0.050000003837996916,False,False,-0.004256240010198595,-0.0037903872869431547
1962-06-30,0.01279810512817471,0.42721652614255573,0.00042721652614255575,0.012370888602032153,37,0.05000004153446949,False,False,0.01173006381281832,0.006359523713497245
1962-07-31,0.007855896720274726,0.2775539696091771,0.0002775539696091771,0.007578342750665549,37,0.05000006341528726,False,False,0.0071620117962517835,0.011860459428436668
1962-08-31,-0.01907572795768959,0.24364440490668038,0.0002436444049066804,-0.01931937236259627,37,0.050000010312097144,False,False,-0.019684838969956292,-0.020823505457490312
1962-09-30,0.015673315372937497,0.2701602567909501,0.00027016025679095013,0.015403155116146547,37,0.05000000898709943,False,False,0.014997914730960122,0.013373373739616001
1962-10-31,0.02822926966497438,0.4663938164168991,0.0004663938164168991,0.02776287584855748,37,0.05000005071518082,False,False,0.02706328512393213,0.02000578353085584
1962-11-30,-0.022588311165740196,0.12058932314499686,0.00012058932314499687,-0.022708900488885193,37,0.050000002267601526,False,False,-0.022889784473602688,-0.008523666630549273
1962-12-31,0.0058615437551967405,0.27243913927200003,0.00027243913927200005,0.00558910461592474,37,0.05000006218578921,False,False,0.00518044590701674,0.01296282749902699
1963-01-31,0.0010380403973131664,0.14859324874436913,0.00014859324874436913,0.0008894471485687973,37,0.05000000959524265,False,False,0.0006665572754522435,-0.002778141867485505
1963-02-28,0.017476796078539244,0.20255316136470936,0.00020255316136470937,0.017274242917174533,37,0.050000021165959786,False,False,0.01697041317512747,0.01754803257122719
1963-03-31,-0.00315918796669713,0.10618119017433363,0.00010618119017433363,-0.0032653691568714635,37,0.050000113801009057,False,False,-0.0034246409421329637,-0.00237898334324616
1963-04-30,0.0024940949385069172,0.25994876657145116,0.00025994876657145114,0.002234146171935466,37,0.05000000197317004,False,False,0.0018442230220782892,-0.009157321308519373
1963-05-31,-0.012527711961900738,0.20114223863535874,0.00020114223863535875,-0.012728854200536098,37,0.050000043812493976,False,False,-0.013030567558489135,-0.007678318417135916
1963-06-30,0.010696646148682638,0.384241201622675,0.000384241201622675,0.010312404947059962,37,0.05000006797315237,False,False,0.00973604314462595,0.008894812683023813
1963-07-31,0.015872071070340544,0.8268991997807439,0.0008268991997807439,0.015045171870559801,37,0.0500000235586522,False,False,0.013804823070888685,0.014431228382615069
1963-08-31,0.017615864992418434,0.36850360013631345,0.0003685036001363135,0.01724736139228212,37,0.05000003903046899,False,False,0.01669460599207765,0.02324080002514737
1963-09-30,0.011784238028632217,0.11985560379976168,0.00011985560379976168,0.011664382424832455,37,0.05000000428032922,False,False,0.011484599019132813,0.009502220920675162
1963-10-31,0.012391398666537283,0.14172566239885653,0.00014172566239885654,0.012249673004138427,37,0.050000075668381744,False,False,0.012037084510540141,0.01561712552288198
1963-11-30,0.001522692146121972,0.1567753469662327,0.00015677534696623268,0.0013659167991557392,37,0.05000008282703693,False,False,0.0011307537787063901,0.0030805847329875816
1963-12-31,0.002514362441460339,0.2033395474005052,0.00020333954740050519,0.002311022894059834,37,0.05000000804162888,False,False,0.0020060135729590757,-0.0013658325605599767
1964-01-31,0.010824794554527114,0.2818640572242104,0.0002818640572242104,0.010542930497302903,37,0.05000008426057953,False,False,0.010120134411466588,0.007940575994185115
1964-02-29,0.0007288367872886469,0.13954789192251257,0.00013954789192251258,0.0005892888953661343,37,0.05000001981149088,False,False,0.00037996705748236543,0.004228493190615803
1964-03-31,-0.02660569515692457,0.17679977254065707,0.00017679977254065707,-0.026782494929465227,37,0.0500000161117501,False,False,-0.027047694588276213,-0.027983166861579832
1964-04-30,0.02091875759488859,0.20631605459060376,0.00020631605459060377,0.020712441540297985,37,0.050000004527318544,False,False,0.02040296745841208,0.01746980476932792
1964-05-31,0.022326876935127582,0.2636160439243015,0.00026361604392430147,0.02206326089120328,37,0.050000115545331986,False,False,0.021667836825316828,0.01980233461003928
1964-06-30,-0.0070483309889278365,0.28134642317076486,0.00028134642317076484,-0.0073296774120986015,37,0.050000013882303844,False,False,-0.0077516970468547485,-0.008766732180035422
1964-07-31,-0.011841611780585942,0.20101143568125987,0.00020101143568125989,-0.012042623216267201,37,0.05000000533352241,False,False,-0.012344140369789092,-0.022517101313198635
1964-08-31,-0.010859075125184955,0.18833822624509008,0.0001883382262450901,-0.011047413351430046,37,0.05000006152482877,False,False,-0.011329920690797681,-0.014561185076940406
1964-09-30,0.010854086267090472,0.36354435827792636,0.00036354435827792636,0.010490541908812545,37,0.050000083695257415,False,False,0.009945225371395656,0.008397916945162712
1964-10-31,-0.0036455899960972597,0.3328740919908386,0.0003328740919908386,-0.003978464088088099,37,0.05000010063178626,False,False,-0.004477775226074356,-0.009024275801398886
1964-11-30,-0.009293552834643896,0.18054953329881573,0.00018054953329881573,-0.009474102367942711,37,0.050000088485029924,False,False,-0.009744926667890935,-0.01298230098843283
1964-12-31,-0.003933978781285904,0.3563894684548244,0.0003563894684548244,-0.004290368249740729,37,0.05000002361677943,False,False,-0.004824952452422965,0.006558072415864447
1965-01-31,0.01195391347107426,0.37155342089999827,0.0003715534208999983,0.01158236005017426,37,0.05000002291100473,False,False,0.011025029918824264,0.005384440800582698
1965-02-28,0.008378451475540729,0.0952198483302853,9.52198483302853e-05,0.008283231627210444,37,0.050000037704543566,False,False,0.008140401854715016,0.009510804761313139
1965-03-31,0.009493914045831591,0.23589031505698826,0.00023589031505698828,0.009258023730774603,37,0.05000002626940508,False,False,0.00890418825818912,0.002733280802373221
1965-04-30,0.020178952671731074,0.2822969466411763,0.00028229694664117633,0.019896655725089897,37,0.05000009268332127,False,False,0.019473210305128132,0.023816976453531168
1965-05-31,7.057836795512358e-05,0.22389436440678456,0.00022389436440678457,-0.000153315996451661,37,0.05000005436757899,False,False,-0.0004891575430618378,0.0035970575136482917
1965-06-30,-0.01404446748205082,0.22185080542823654,0.00022185080542823656,-0.014266318287479058,37,0.05000004775889138,False,False,-0.014599094495621412,-0.016843517399513352
1965-07-31,0.026773497875189418,0.3231427967310516,0.00032314279673105163,0.026450355078458367,37,0.05000000911962252,False,False,0.025965640883361788,0.022550637585942102
1965-08-31,0.017532487673792885,0.1499616926981613,0.00014996169269816128,0.017382525981094726,37,0.05000003464605443,False,False,0.017157583442047483,0.012895984258286195
1965-09-30,0.02929070157908077,0.15363528985426964,0.00015363528985426963,0.0291370662892265,37,0.0500000087176825,False,False,0.028906613354445096,0.03333801353810002
1965-10-31,0.008203921588223143,0.25715555392990597,0.00025715555392990597,0.007946766034293238,37,0.05000005818925388,False,False,0.007561032703398378,0.0021076113159611606
1965-11-30,0.045049785564568345,0.07615676776718884,7.615676776718884e-05,0.044973628796801154,37,0.05000000601583792,False,False,0.044859393645150375,0.05286994188643311
1965-12-31,-0.012247480059860507,0.17172606089129225,0.00017172606089129225,-0.0124192061207518,37,0.05000012594393657,False,False,-0.012676795212088738,-0.008598040836487596
1966-01-31,0.029707477111108226,0.11575474968678778,0.00011575474968678779,0.02959172236142144,37,0.05000002784937974,False,False,0.029418090236891258,0.01770920075821669
1966-02-28,0.02301781422367641,0.2329297625389135,0.00023292976253891351,0.022784884461137495,37,0.05000005692088696,False,False,0.022435489817329124,0.021356896081354673
1966-03-31,0.018579809319988514,0.0774564337196416,7.745643371964161e-05,0.018502352886268874,37,0.05000002624673627,False,False,0.01838616823568941,0.010393224687724002
1966-04-30,0.01601859270846898,0.15537147144721264,0.00015537147144721264,0.015863221237021767,37,0.050000074203517104,False,False,0.015630164029850947,0.012497878291661886
1966-05-31,-0.02567950546402606,0.04613631978278627,4.613631978278627e-05,-0.025725641783808845,37,0.050000110460931016,False,False,-0.025794846263483023,-0.026990167539739027
1966-06-30,0.013171163340465298,0.08231031951929321,8.231031951929322e-05,0.013088853020946005,37,0.050000012072118766,False,False,0.012965387541667065,0.019013589572366246
1966-07-31,-0.016969485868816577,0.03371231765077127,3.371231765077127e-05,-0.01700319818646735,37,0.050000083908786824,False,False,-0.017053766662943504,-0.0191792200422967
1966-08-31,-0.009635524127699772,0.0904929542028525,9.04929542028525e-05,-0.009726017081902625,37,0.05000000935149481,False,False,-0.009861756513206903,-0.010767887753850184
1966-09-30,0.0022253225291373377,0.28018325255439275,0.00028018325255439275,0.001945139276582945,37,0.050000048597887155,False,False,0.0015248643977513558,-0.0008503923931730292
1966-10-31,-0.04248721929164283,0.38453213148415294,0.0003845321314841529,-0.04287175142312698,37,0.0500000324073829,False,False,-0.04344854962035321,-0.02330227443796781
1966-11-30,0.08821880928221607,0.40460285505688326,0.00040460285505688326,0.08781420642715919,37,0.05000005704488202,False,False,0.08720730214457385,0.09050091889144012
1966-12-31,-0.012015403955629684,0.5414464798932784,0.0005414464798932784,-0.012556850435522963,37,0.05000000298231081,False,False,-0.01336902015536288,-0.013910622470462354
1967-01-31,-0.044688974784018586,0.270665771014252,0.00027066577101425197,-0.044959640555032834,37,0.05000008551194552,False,False,-0.04536563921155422,-0.04686512947082518
1967-02-28,0.014521462255576663,0.4336247428254532,0.00043362474282545324,0.01408783751275121,37,0.05000005252592008,False,False,0.01343740039851303,0.013963546287915216
1967-03-31,0.0102389851098913,0.35633041032596385,0.0003563304103259639,0.009882654699565336,37,0.05000000725447455,False,False,0.00934815908407639,0.012985896392069294
1967-04-30,-0.008211872137767593,0.19142455821779508,0.00019142455821779508,-0.008403296695985388,37,0.0500000254559833,False,False,-0.008690433533312081,-0.007504863517608677
1967-05-31,-0.006561374402927495,0.36942617049634174,0.00036942617049634177,-0.006930800573423837,37,0.0500000474956742,False,False,-0.00748493982916835,-0.005430276260261072
1967-06-30,0.011647018315865829,0.22415639294337406,0.00022415639294337406,0.011422861922922455,37,0.050000027470989826,False,False,0.011086627333507394,0.016362484245830176
1967-07-31,-0.013236006621307885,0.2626703134280216,0.0002626703134280216,-0.013498676934735906,37,0.050000009794867156,False,False,-0.013892682404877938,-0.014746790784124867
1967-08-31,0.013560853427309299,0.36186309273007466,0.0003618630927300747,0.013198990334579224,37,0.05000000628615751,False,False,0.012656195695484112,0.0162502067998791
1967-09-30,0.027993694816985788,0.20532949735852257,0.00020532949735852258,0.027788365319627265,37,0.05000000522473504,False,False,0.02748037107358948,0.030241428460324488
1967-10-31,0.01813062542784626,0.07855246362395243,7.855246362395244e-05,0.01805207296422231,37,0.05000000730722229,False,False,0.017934244268786377,0.01989483352252369
1967-11-30,0.018616264912707323,0.09535392413287032,9.535392413287032e-05,0.018520910988574453,37,0.05000008655519057,False,False,0.01837788010237515,0.017238595134806595
1967-12-31,0.024643108689871365,0.24130271839372242,0.00024130271839372243,0.024401805971477643,37,0.05000002416772935,False,False,0.02403985189388706,0.02450400433846577
1968-01-31,0.007074376893061244,0.12308215214722752,0.00012308215214722751,0.006951294740914017,37,0.0500000497757429,False,False,0.006766671512693175,0.005021920388182593
1968-02-29,-0.016542036056031457,0.04525837819012403,4.525837819012403e-05,-0.01658729443422158,37,0.050000026511336,False,False,-0.016655182001506768,-0.019410952978295797
1968-03-31,0.003629831574489484,0.09421479170153409,9.421479170153409e-05,0.0035356167827879496,37,0.05000001152840811,False,False,0.0033942945952356485,0.005810970589261543
1968-04-30,0.036498690328937655,0.19300029519190232,0.0001930002951919023,0.03630569003374575,37,0.05000002363313939,False,False,0.0360161895909579,0.046162498740907
1968-05-31,0.03367079871689052,0.1742625101330337,0.0001742625101330337,0.033496536206757486,37,0.050000039082872816,False,False,0.03323514244155794,0.03136379802107604
1968-06-30,-0.0009268608072350323,0.13389022691906716,0.00013389022691906715,-0.0010607510341540994,37,0.05000007252652838,False,False,-0.0012615863745327003,-0.00739579255705231
1968-07-31,0.002061341153519086,0.17659038965494456,0.00017659038965494456,0.0018847507638641414,39,0.0500000056795822,False,False,0.0016198651793817244,0.0010163153338444224
1968-08-31,-0.0003920625249427472,0.1708942711345694,0.0001708942711345694,-0.0005629567960773166,39,0.05000008490256218,False,False,-0.0008192982027791706,0.00031661225297617774
1968-09-30,-0.0037660752723417475,0.07130802458358887,7.130802458358887e-05,-0.0038373832969253365,39,0.05000005490296403,False,False,-0.00394434533380072,0.0014680634686130218
1968-10-31,-0.01085996765749841,0.2050830985268074,0.0002050830985268074,-0.011065050756025218,39,0.050000082899270645,False,False,-0.011372675403815428,-0.004283040112630941
1968-11-30,0.00016329046359839791,0.28262503769536296,0.00028262503769536294,-0.00011933457409696503,39,0.05000005439234448,False,False,-0.0005432721306400095,-0.006715650170295751
1968-12-31,-0.002205690544029408,0.11242926426690282,0.00011242926426690283,-0.002318119808296311,39,0.05000007888668097,False,False,-0.002486763704696665,-0.009630107178208107
1969-01-31,-0.00365563146097571,0.19673025075951314,0.00019673025075951314,-0.003852361711735223,39,0.050000022553158135,False,False,-0.004147457087874493,-0.0037006243007224114
1969-02-28,-0.007983644240596267,0.1620767436779467,0.0001620767436779467,-0.008145720984274213,39,0.05000011091434817,False,False,-0.008388836099791134,-0.00955298834386021
1969-03-31,0.003081609706121966,0.2589165285609622,0.0002589165285609622,0.002822693177561004,39,0.05000009874562611,False,False,0.0024343183847195604,0.0034004025686445306
1969-04-30,0.03348459350168912,0.09748584736203193,9.748584736203193e-05,0.03338710765432709,39,0.05000010529265195,False,False,0.03324087888328404,0.034916802493947977
1969-05-31,0.010349374455969543,0.4302990390630068,0.0004302990390630068,0.009919075416906536,39,0.05000009276967048,False,False,0.009273626858312026,0.01472997146436799
1969-06-30,-0.014610693057333254,0.17127353439053652,0.00017127353439053654,-0.01478196659172379,39,0.05000000569576893,False,False,-0.015038876893309594,-0.015571075565992628
1969-07-31,0.00944949646345196,0.3219233764761748,0.00032192337647617483,0.009127573086975786,39,0.05000008612747292,False,False,0.008644688022261524,0.005141197054233362
1969-08-31,0.03447494854111603,0.27301269881721496,0.00027301269881721497,0.03420193584229882,39,0.050000032498631414,False,False,0.033792416794072994,0.038842033035327815
1969-09-30,0.0063088699960537255,0.34380869512264606,0.00034380869512264605,0.005965061300931079,39,0.050000016995672025,False,False,0.00544934825824711,0.008756577701954172
1969-10-31,0.014002565921745792,0.15503590190297104,0.00015503590190297104,0.013847530019842822,39,0.05000006360769594,False,False,0.013614976166988365,0.016685822874303816
1969-11-30,0.017593185602513346,0.11180956483489893,0.00011180956483489893,0.017481376037678447,39,0.050000111104692935,False,False,0.0173136616904261,0.024110389344242353
1969-12-31,0.020966657815926645,0.06659917694889608,6.659917694889608e-05,0.02090005863897775,39,0.05000004358203511,False,False,0.020800159873554405,0.01952991307867035
